{
    "CalibParam": {
        "EXTRI": {
            "Q_LtoI": [
                0.024457002476733128,
                0.1545787416636601,
                0.15461939497082859,
                0.9754999284235686
            ],
            "EULER_LtoI": [
                179.99481064262359,
                161.9922185277194,
                -161.98595546224247
            ],
            "POS_LinI": [
                0.11186805778084401,
                0.001239474001927361,
                0.09211693681558547
            ],
            "Q_CtoI": [
                -0.7070411584765752,
                -0.21876129657974703,
                -0.00007004591226850997,
                -0.6724851600090671
            ],
            "EULER_CtoI": [
                95.73657455621587,
                17.117155871754286,
                -18.87990084915362
            ],
            "POS_CinI": [
                0.1504625124569611,
                0.002207327915598793,
                -0.05456415388253757
            ],
            "GRAVITY_REFINE": [
                0.0526282223363289,
                1.508044408185598
            ]
        },
        "TEMPORAL": {
            "TIME_OFFSET_LtoI": -0.008307086055661549,
            "TIME_OFFSET_CtoI": -0.0006025456734064904,
            "TIME_READOUT": 0.0
        },
        "INTRI": {
            "IMU": {
                "ACCE": {
                    "BIAS": [
                        0.00084325920282817,
                        0.00008371163089643327,
                        0.001307506211642524
                    ],
                    "MAP_COEFF": [
                        1.000022647328531,
                        1.0000122145521396,
                        0.9998543025461111,
                        0.00008530619612958707,
                        -0.00018640828765343581,
                        -0.00004562928469426881
                    ]
                },
                "GYRO": {
                    "BIAS": [
                        -0.00017093682557603183,
                        0.00004478337298826877,
                        -0.00009351063313320589
                    ],
                    "MAP_COEFF": [
                        0.9991841819972444,
                        1.0001335535274072,
                        1.0003776491050547,
                        -0.0003141188850944536,
                        -0.0013969785586689398,
                        -0.0001190723141195563
                    ]
                },
                "Q_AtoG": [
                    -0.0001632563607099407,
                    0.0003474487708431924,
                    -0.00007289912347530643,
                    0.9999999236562122
                ],
                "EULER_AtoG": [
                    179.9812950981413,
                    179.96018393972003,
                    179.9916528743845
                ]
            },
            "CAMERA": {
                "K": [
                    [
                        450.97423509933267,
                        0.0,
                        200.55568719815896
                    ],
                    [
                        0.0,
                        450.7900475262385,
                        199.71982216226079
                    ],
                    [
                        0.0,
                        0.0,
                        1.0
                    ]
                ],
                "DISTO_PARAMS": [
                    -0.03513413362535089,
                    0.18543858768497357,
                    -0.3018429236763602,
                    -0.0005806884631017153,
                    0.00038690279314893857
                ]
            }
        }
    }
}