{
    "CalibParam": {
        "EXTRI": {
            "Q_LtoI": [
                0.024439689129095895,
                0.15454135271270026,
                0.15461342753422614,
                0.9755072321224074
            ],
            "EULER_LtoI": [
                179.9936049780754,
                161.9968173648166,
                -161.98658114705393
            ],
            "POS_LinI": [
                0.1149439125357438,
                0.002033382695539933,
                0.09187885624870916
            ],
            "Q_CtoI": [
                -0.7069354788728499,
                -0.21855861972624833,
                0.00014881081617300899,
                -0.6726621264122966
            ],
            "EULER_CtoI": [
                95.70695686415756,
                17.086901538774069,
                -18.874285942739488
            ],
            "POS_CinI": [
                0.15402092251766098,
                0.0020913666408483605,
                -0.05456691300110029
            ],
            "GRAVITY_REFINE": [
                0.05265592812501803,
                1.5080337787442704
            ]
        },
        "TEMPORAL": {
            "TIME_OFFSET_LtoI": -0.008027323527845056,
            "TIME_OFFSET_CtoI": -0.0003217244211720992,
            "TIME_READOUT": 0.0
        },
        "INTRI": {
            "IMU": {
                "ACCE": {
                    "BIAS": [
                        0.000028859702554638117,
                        -0.00011487240877992542,
                        0.0005071855229254497
                    ],
                    "MAP_COEFF": [
                        1.0000144396957714,
                        0.9999987535174684,
                        0.999945596023685,
                        0.000013425457805417834,
                        -0.00008304211779173659,
                        -0.000059952078617245297
                    ]
                },
                "GYRO": {
                    "BIAS": [
                        -0.0001479364471250094,
                        0.00004621746735748053,
                        -0.00011343985143850494
                    ],
                    "MAP_COEFF": [
                        0.9992290021346051,
                        1.0001389273146484,
                        1.0003092757342136,
                        -0.00047945482924346776,
                        -0.0012309194211958899,
                        -0.0002130357072449138
                    ]
                },
                "Q_AtoG": [
                    -0.0001842823995488919,
                    0.00040054471702181645,
                    -0.00007689860800565102,
                    0.9999998998452605
                ],
                "EULER_AtoG": [
                    179.97888631696905,
                    179.95409933222016,
                    179.99119652503053
                ]
            },
            "CAMERA": {
                "K": [
                    [
                        450.9283079993478,
                        0.0,
                        200.34191911827933
                    ],
                    [
                        0.0,
                        450.74489806615858,
                        199.8412529433003
                    ],
                    [
                        0.0,
                        0.0,
                        1.0
                    ]
                ],
                "DISTO_PARAMS": [
                    -0.03879368315769489,
                    0.20597349736579813,
                    -0.33279710491511046,
                    -0.00029461993943835315,
                    0.00008097611865990869
                ]
            }
        }
    }
}