{
    "CalibParam": {
        "EXTRI": {
            "Q_LtoI": [
                0.024341425659283039,
                0.15459758184953399,
                0.15468908413960254,
                0.9754887851386099
            ],
            "EULER_LtoI": [
                179.9795436516149,
                161.99216047475466,
                -161.97534820903125
            ],
            "POS_LinI": [
                0.12047675160989398,
                0.0038047330412279399,
                0.09079751934290456
            ],
            "Q_CtoI": [
                -0.7069951286950413,
                -0.21857702324563903,
                0.0005776212434697612,
                -0.6725932197578687
            ],
            "EULER_CtoI": [
                95.71696051979993,
                17.050237934802614,
                -18.91027358125139
            ],
            "POS_CinI": [
                0.15849782072077529,
                0.00476273167740322,
                -0.0545019375053719
            ],
            "GRAVITY_REFINE": [
                0.05275630831886246,
                1.5081048720891062
            ]
        },
        "TEMPORAL": {
            "TIME_OFFSET_LtoI": -0.007998364825584458,
            "TIME_OFFSET_CtoI": 0.0,
            "TIME_READOUT": 0.0
        },
        "INTRI": {
            "IMU": {
                "ACCE": {
                    "BIAS": [
                        -0.0009567768018860455,
                        -0.000892318719557124,
                        -0.00009671563762997121
                    ],
                    "MAP_COEFF": [
                        1.0,
                        1.0,
                        1.0,
                        0.0,
                        0.0,
                        0.0
                    ]
                },
                "GYRO": {
                    "BIAS": [
                        -0.00018682881008846855,
                        0.00007554092789941816,
                        -0.000041121566548308028
                    ],
                    "MAP_COEFF": [
                        1.0,
                        1.0,
                        1.0,
                        0.0,
                        0.0,
                        0.0
                    ]
                },
                "Q_AtoG": [
                    0.0,
                    0.0,
                    0.0,
                    1.0
                ],
                "EULER_AtoG": [
                    -0.0,
                    0.0,
                    -0.0
                ]
            },
            "CAMERA": {
                "K": [
                    [
                        449.7615023891918,
                        0.0,
                        200.05137439390428
                    ],
                    [
                        0.0,
                        449.8073181719358,
                        199.89315606045219
                    ],
                    [
                        0.0,
                        0.0,
                        1.0
                    ]
                ],
                "DISTO_PARAMS": [
                    0.0,
                    0.0,
                    0.0,
                    0.0,
                    0.0
                ]
            }
        }
    }
}