{
    "CalibParam": {
        "EXTRI": {
            "Q_LtoI": [
                0.0244115271620772,
                0.15451663812337197,
                0.15460696820629278,
                0.9755128760127796
            ],
            "EULER_LtoI": [
                179.99089228127557,
                162.00016084463634,
                -161.9869943687566
            ],
            "POS_LinI": [
                0.11535238228957984,
                0.0020958655323745696,
                0.09130590003228285
            ],
            "Q_CtoI": [
                -0.7069984135556663,
                -0.21837868792370994,
                0.00021392172940863205,
                -0.672654403187836
            ],
            "EULER_CtoI": [
                95.70758464781228,
                17.066670842649054,
                -18.863337001510336
            ],
            "POS_CinI": [
                0.1547464898900443,
                0.0016461894645910965,
                -0.05500107621742587
            ],
            "GRAVITY_REFINE": [
                0.052718034177874507,
                1.5080378677247953
            ]
        },
        "TEMPORAL": {
            "TIME_OFFSET_LtoI": -0.00801811144087992,
            "TIME_OFFSET_CtoI": 0.0,
            "TIME_READOUT": 0.0
        },
        "INTRI": {
            "IMU": {
                "ACCE": {
                    "BIAS": [
                        -0.00001687533420151018,
                        -0.00012971584330663468,
                        0.00038698020891694807
                    ],
                    "MAP_COEFF": [
                        1.0,
                        1.0,
                        1.0,
                        0.0,
                        0.0,
                        0.0
                    ]
                },
                "GYRO": {
                    "BIAS": [
                        -0.00013724512687257818,
                        0.00006782856082227596,
                        -0.00004314063549525974
                    ],
                    "MAP_COEFF": [
                        1.0,
                        1.0,
                        1.0,
                        0.0,
                        0.0,
                        0.0
                    ]
                },
                "Q_AtoG": [
                    0.0,
                    0.0,
                    0.0,
                    1.0
                ],
                "EULER_AtoG": [
                    -0.0,
                    0.0,
                    -0.0
                ]
            },
            "CAMERA": {
                "K": [
                    [
                        449.758712208856,
                        0.0,
                        200.04786164956753
                    ],
                    [
                        0.0,
                        449.8044394684836,
                        199.892438782158
                    ],
                    [
                        0.0,
                        0.0,
                        1.0
                    ]
                ],
                "DISTO_PARAMS": [
                    0.0,
                    0.0,
                    0.0,
                    0.0,
                    0.0
                ]
            }
        }
    }
}