{
    "CalibParam": {
        "EXTRI": {
            "Q_LtoI": [
                0.024399412280632583,
                0.15452839803998706,
                0.15461628948854506,
                0.9755098389582493
            ],
            "EULER_LtoI": [
                179.98906670166893,
                161.99903342600784,
                -161.98558183681636
            ],
            "POS_LinI": [
                0.12244705331038425,
                0.004104130241283629,
                0.08950844183274365
            ],
            "Q_CtoI": [
                -0.7069828646807261,
                -0.21839743147174649,
                0.00029657635380975726,
                -0.6726646289324603
            ],
            "EULER_CtoI": [
                95.70576205620582,
                17.061445670552194,
                -18.871080618254579
            ],
            "POS_CinI": [
                0.1618341686897404,
                0.003884342147735529,
                -0.05696512008279887
            ],
            "GRAVITY_REFINE": [
                0.052730100108635487,
                1.508010511371506
            ]
        },
        "TEMPORAL": {
            "TIME_OFFSET_LtoI": -0.00801811144087992,
            "TIME_OFFSET_CtoI": 0.0,
            "TIME_READOUT": 0.0
        },
        "INTRI": {
            "IMU": {
                "ACCE": {
                    "BIAS": [
                        -0.0009046550608555244,
                        -0.0007990558689071539,
                        0.0005601541209597249
                    ],
                    "MAP_COEFF": [
                        1.0,
                        1.0,
                        1.0,
                        0.0,
                        0.0,
                        0.0
                    ]
                },
                "GYRO": {
                    "BIAS": [
                        -0.00012816877405454,
                        0.00006366440833094098,
                        -0.0000336603249549848
                    ],
                    "MAP_COEFF": [
                        1.0,
                        1.0,
                        1.0,
                        0.0,
                        0.0,
                        0.0
                    ]
                },
                "Q_AtoG": [
                    0.0,
                    0.0,
                    0.0,
                    1.0
                ],
                "EULER_AtoG": [
                    -0.0,
                    0.0,
                    -0.0
                ]
            },
            "CAMERA": {
                "K": [
                    [
                        449.758712208856,
                        0.0,
                        200.04786164956753
                    ],
                    [
                        0.0,
                        449.8044394684836,
                        199.892438782158
                    ],
                    [
                        0.0,
                        0.0,
                        1.0
                    ]
                ],
                "DISTO_PARAMS": [
                    0.0,
                    0.0,
                    0.0,
                    0.0,
                    0.0
                ]
            }
        }
    }
}