{
    "CalibParam": {
        "EXTRI": {
            "Q_LtoI": [
                0.02445017137852442,
                0.154535633226928,
                0.1546412100041834,
                0.9755034717268593
            ],
            "EULER_LtoI": [
                179.9944152331328,
                161.9972825230853,
                -161.98345763497395
            ],
            "POS_LinI": [
                0.11486078097579034,
                0.0019163312886934297,
                0.09167483207962353
            ],
            "Q_CtoI": [
                -0.7069751933632202,
                -0.21853985680875119,
                0.00009233220729311495,
                -0.6726264925126065
            ],
            "EULER_CtoI": [
                95.71280605213679,
                17.0892410178144,
                -18.86913722269515
            ],
            "POS_CinI": [
                0.1537301005268597,
                0.002534446357785482,
                -0.05460820972735447
            ],
            "GRAVITY_REFINE": [
                0.05266522395433102,
                1.5080162756582754
            ]
        },
        "TEMPORAL": {
            "TIME_OFFSET_LtoI": -0.008203873454433056,
            "TIME_OFFSET_CtoI": -0.0004849574107741928,
            "TIME_READOUT": 0.0
        },
        "INTRI": {
            "IMU": {
                "ACCE": {
                    "BIAS": [
                        0.00031994338402275733,
                        -0.000153612224302401,
                        0.0010087272863371906
                    ],
                    "MAP_COEFF": [
                        1.0000251167634267,
                        0.9999998835849002,
                        0.9998874855691138,
                        0.00005248362331434222,
                        -0.00013559133954613102,
                        -0.00004915669046225876
                    ]
                },
                "GYRO": {
                    "BIAS": [
                        -0.00016063130914188242,
                        0.00004825420350097325,
                        -0.00011361450173787266
                    ],
                    "MAP_COEFF": [
                        0.999137120967381,
                        1.0000962016758246,
                        1.0002970818410733,
                        -0.00043222612558098974,
                        -0.0012524116549777463,
                        -0.00022212228184375208
                    ]
                },
                "Q_AtoG": [
                    -0.0002136367292445613,
                    0.0003975283750385432,
                    -0.00010221284004021205,
                    0.9999998929415315
                ],
                "EULER_AtoG": [
                    179.97552368441229,
                    179.95444410155509,
                    179.98829700065924
                ]
            },
            "CAMERA": {
                "K": [
                    [
                        450.91060344886275,
                        0.0,
                        200.32821335573883
                    ],
                    [
                        0.0,
                        450.70801138758579,
                        199.83374557782228
                    ],
                    [
                        0.0,
                        0.0,
                        1.0
                    ]
                ],
                "DISTO_PARAMS": [
                    -0.03609953157627922,
                    0.19145434609626903,
                    -0.31083542303950098,
                    -0.0003269762625437511,
                    0.00017683244642563396
                ]
            }
        }
    }
}