{
    "CalibParam": {
        "EXTRI": {
            "Q_LtoI": [
                0.02443900024238539,
                0.15454279208327224,
                0.15461494174581914,
                0.9755067813558224
            ],
            "EULER_LtoI": [
                179.99346766262699,
                161.99666495002209,
                -161.98637768508949
            ],
            "POS_LinI": [
                0.11494260511456832,
                0.002033592346952234,
                0.09187670427562476
            ],
            "Q_CtoI": [
                -0.7069357873125139,
                -0.21855992779752007,
                0.00014733738154081515,
                -0.67266137756651
            ],
            "EULER_CtoI": [
                95.70708476711916,
                17.087112269553427,
                -18.874308202478678
            ],
            "POS_CinI": [
                0.1540143361655084,
                0.002102271035857307,
                -0.05456388211111244
            ],
            "GRAVITY_REFINE": [
                0.05265482181033129,
                1.5080327584900282
            ]
        },
        "TEMPORAL": {
            "TIME_OFFSET_LtoI": -0.008029941301645973,
            "TIME_OFFSET_CtoI": -0.00032380713266681835,
            "TIME_READOUT": 0.0
        },
        "INTRI": {
            "IMU": {
                "ACCE": {
                    "BIAS": [
                        0.000042440202496446047,
                        -0.00011675168791545405,
                        0.0005259924103735199
                    ],
                    "MAP_COEFF": [
                        1.0000145796589944,
                        0.9999997626586022,
                        0.9999431311519967,
                        0.000016893100886006726,
                        -0.00008641850902828614,
                        -0.000060387844195159537
                    ]
                },
                "GYRO": {
                    "BIAS": [
                        -0.00014988819956012636,
                        0.0000466974035740523,
                        -0.00011308091187166819
                    ],
                    "MAP_COEFF": [
                        0.9992138422729548,
                        1.0001404789806572,
                        1.000306013001249,
                        -0.0004795027763396748,
                        -0.001230518633717698,
                        -0.00021028113686303318
                    ]
                },
                "Q_AtoG": [
                    -0.00018482860551051965,
                    0.0003968800579572406,
                    -0.0000766999566352775,
                    0.9999999012208566
                ],
                "EULER_AtoG": [
                    179.9788236851257,
                    179.95451927063886,
                    179.99121923629884
                ]
            },
            "CAMERA": {
                "K": [
                    [
                        450.9436610639521,
                        0.0,
                        200.34226562514588
                    ],
                    [
                        0.0,
                        450.7603663862241,
                        199.84091502363806
                    ],
                    [
                        0.0,
                        0.0,
                        1.0
                    ]
                ],
                "DISTO_PARAMS": [
                    -0.03947452781873342,
                    0.20995879282649439,
                    -0.3396688863589224,
                    -0.00029495120287060725,
                    0.00008279004128106252
                ]
            }
        }
    }
}