{
    "CalibParam": {
        "EXTRI": {
            "Q_LtoI": [
                0.024440584374274097,
                0.15454344395951448,
                0.15462721994316235,
                0.9755046922579233
            ],
            "EULER_LtoI": [
                179.99340692744324,
                161.99656156029054,
                -161.98492315509285
            ],
            "POS_LinI": [
                0.11490843644781075,
                0.001999540969704828,
                0.0918050642711751
            ],
            "Q_CtoI": [
                -0.7069476955602164,
                -0.21855360282033457,
                0.00013027090254226105,
                -0.6726509209581467
            ],
            "EULER_CtoI": [
                95.70880053699489,
                17.08777444095326,
                -18.872686395680814
            ],
            "POS_CinI": [
                0.15394044449700615,
                0.0022797896823449216,
                -0.054550415369390207
            ],
            "GRAVITY_REFINE": [
                0.052645721589648867,
                1.5080209241919034
            ]
        },
        "TEMPORAL": {
            "TIME_OFFSET_LtoI": -0.008064437834581622,
            "TIME_OFFSET_CtoI": -0.00036054665316656863,
            "TIME_READOUT": 0.0
        },
        "INTRI": {
            "IMU": {
                "ACCE": {
                    "BIAS": [
                        0.00015957775259406166,
                        -0.00013060611580169735,
                        0.0007389186745989999
                    ],
                    "MAP_COEFF": [
                        1.000020040769145,
                        1.0000023529476907,
                        0.999913625241714,
                        0.00003142702802333253,
                        -0.00011242769687086634,
                        -0.00005867732311737149
                    ]
                },
                "GYRO": {
                    "BIAS": [
                        -0.00015887234031386816,
                        0.00004808505887838967,
                        -0.00011389582908286166
                    ],
                    "MAP_COEFF": [
                        0.9991451893297683,
                        1.0001335086768888,
                        1.000279216947316,
                        -0.0004781445034475156,
                        -0.0012493201185175896,
                        -0.00022013426040970425
                    ]
                },
                "Q_AtoG": [
                    -0.00019970214814138206,
                    0.0003937711372332419,
                    -0.00008349367966178838,
                    0.9999998990460693
                ],
                "EULER_AtoG": [
                    179.9771195815823,
                    179.95487524069089,
                    179.99044133816558
                ]
            },
            "CAMERA": {
                "K": [
                    [
                        450.924759133066,
                        0.0,
                        200.34422639857918
                    ],
                    [
                        0.0,
                        450.7366053489895,
                        199.8380725100818
                    ],
                    [
                        0.0,
                        0.0,
                        1.0
                    ]
                ],
                "DISTO_PARAMS": [
                    -0.03817808000014365,
                    0.2032111427696593,
                    -0.32928516877168548,
                    -0.0002944121628872597,
                    0.00011025080949377122
                ]
            }
        }
    }
}