{
    "CalibParam": {
        "EXTRI": {
            "Q_LtoI": [
                0.024452240269653107,
                0.15457773543345999,
                0.15461244081727999,
                0.9755013094807108
            ],
            "EULER_LtoI": [
                179.9944032319322,
                161.99242029133735,
                -161.98671288159657
            ],
            "POS_LinI": [
                0.11193071029202212,
                0.0012781971370970929,
                0.09183087297758982
            ],
            "Q_CtoI": [
                -0.7070322686497532,
                -0.21875777191082758,
                -0.00010329421481868787,
                -0.6724956487940266
            ],
            "EULER_CtoI": [
                95.7349607598348,
                17.119965357966586,
                -18.876801040875909
            ],
            "POS_CinI": [
                0.15028169953773913,
                0.0022359497270245025,
                -0.05479757199470543
            ],
            "GRAVITY_REFINE": [
                0.05264609811347024,
                1.5080462048051256
            ]
        },
        "TEMPORAL": {
            "TIME_OFFSET_LtoI": -0.008313777403726066,
            "TIME_OFFSET_CtoI": -0.0008855335412329955,
            "TIME_READOUT": 0.0
        },
        "INTRI": {
            "IMU": {
                "ACCE": {
                    "BIAS": [
                        0.0008858046206570206,
                        0.00004048620486063399,
                        0.0014170742255818145
                    ],
                    "MAP_COEFF": [
                        1.0000188572954639,
                        1.0000132311239889,
                        0.999859057282134,
                        0.00010733569577399238,
                        -0.00019190505244269821,
                        -0.0000389453979573734
                    ]
                },
                "GYRO": {
                    "BIAS": [
                        -0.0001791677723459749,
                        0.00002918413647108118,
                        -0.00009082008778199951
                    ],
                    "MAP_COEFF": [
                        0.999193744382542,
                        1.000057466746244,
                        1.0004220278555632,
                        -0.0004100901433519536,
                        -0.0013533816185278987,
                        -0.00021625176386462486
                    ]
                },
                "Q_AtoG": [
                    -0.00016182848678586277,
                    0.00037401795032729167,
                    -0.0001398257570022142,
                    0.9999999071854314
                ],
                "EULER_AtoG": [
                    179.98146181044894,
                    179.95713810699463,
                    179.98398408116592
                ]
            },
            "CAMERA": {
                "K": [
                    [
                        450.8715390660755,
                        0.0,
                        200.5021558831422
                    ],
                    [
                        0.0,
                        450.6918135918009,
                        199.73277825250026
                    ],
                    [
                        0.0,
                        0.0,
                        1.0
                    ]
                ],
                "DISTO_PARAMS": [
                    -0.0315553773009654,
                    0.1671454549863883,
                    -0.273357906402014,
                    -0.0006209073958042796,
                    0.00040564080577602704
                ]
            }
        }
    }
}