{
    "CalibParam": {
        "EXTRI": {
            "Q_LtoI": [
                0.02445205615958063,
                0.15453081321754945,
                0.15464733954466884,
                0.9755032163389558
            ],
            "EULER_LtoI": [
                179.99461171302017,
                161.99780063850646,
                -161.98278176437169
            ],
            "POS_LinI": [
                0.1148174340259839,
                0.0018678243231395726,
                0.09163657999227465
            ],
            "Q_CtoI": [
                -0.7069861597357319,
                -0.21853361222337859,
                0.00008183460965154502,
                -0.6726169961975546
            ],
            "EULER_CtoI": [
                95.71434965177805,
                17.08937829854636,
                -18.868001277799466
            ],
            "POS_CinI": [
                0.1536163732391331,
                0.0025724236281631136,
                -0.05468075581203266
            ],
            "GRAVITY_REFINE": [
                0.0526792362736796,
                1.508018852175898
            ]
        },
        "TEMPORAL": {
            "TIME_OFFSET_LtoI": -0.008275086885530449,
            "TIME_OFFSET_CtoI": -0.0005755600251038687,
            "TIME_READOUT": 0.0
        },
        "INTRI": {
            "IMU": {
                "ACCE": {
                    "BIAS": [
                        0.0003686275110306754,
                        -0.00015199992636847332,
                        0.0010628098158179274
                    ],
                    "MAP_COEFF": [
                        1.0000258802165743,
                        0.9999993339150474,
                        0.9998849436226832,
                        0.00006184359080515397,
                        -0.00013967102525240977,
                        -0.00004628426485795951
                    ]
                },
                "GYRO": {
                    "BIAS": [
                        -0.00015977037690695234,
                        0.00004672285827265885,
                        -0.00011471576313772845
                    ],
                    "MAP_COEFF": [
                        0.9991468772399528,
                        1.0000790530821973,
                        1.000311062940349,
                        -0.0004165565422332226,
                        -0.0012609960176080135,
                        -0.00022187125416068786
                    ]
                },
                "Q_AtoG": [
                    -0.00021717356098383274,
                    0.00040032400323481527,
                    -0.00011574698883449435,
                    0.9999998895894796
                ],
                "EULER_AtoG": [
                    179.97511904680614,
                    179.95412336800733,
                    179.98674633176055
                ]
            },
            "CAMERA": {
                "K": [
                    [
                        450.91444292186289,
                        0.0,
                        200.30816085960744
                    ],
                    [
                        0.0,
                        450.70980652480906,
                        199.8342710880502
                    ],
                    [
                        0.0,
                        0.0,
                        1.0
                    ]
                ],
                "DISTO_PARAMS": [
                    -0.035624518380899587,
                    0.18783182564861329,
                    -0.3045984915193031,
                    -0.0003552756688717716,
                    0.00020832134841238884
                ]
            }
        }
    }
}