{
    "CalibParam": {
        "EXTRI": {
            "Q_LtoI": [
                0.10958242501334334,
                0.2275821795342936,
                0.218564202591558,
                0.9425644450286315
            ],
            "EULER_LtoI": [
                6.998550017569563,
                28.484652034900166,
                24.331848675957123
            ],
            "POS_LinI": [
                0.20103199034936412,
                -0.03363897994856873,
                0.02227139054902283
            ],
            "Q_CtoI": [
                -0.6620127286554738,
                -0.32387045758868956,
                -0.08212968017301763,
                -0.6708962583247166
            ],
            "EULER_CtoI": [
                95.90055771010688,
                32.90916469928089,
                -22.303377222647009
            ],
            "POS_CinI": [
                0.31990581136867149,
                -0.534745708028911,
                0.11385927864214129
            ],
            "GRAVITY_REFINE": [
                -0.15651278816629214,
                0.6894848190136583
            ]
        },
        "TEMPORAL": {
            "TIME_OFFSET_LtoI": 0.02,
            "TIME_OFFSET_CtoI": 0.0,
            "TIME_READOUT": 0.0
        },
        "INTRI": {
            "IMU": {
                "ACCE": {
                    "BIAS": [
                        9.248496693727736,
                        -5.024124587341779,
                        3.769459098336505
                    ],
                    "MAP_COEFF": [
                        1.0,
                        1.0,
                        1.0,
                        0.0,
                        0.0,
                        0.0
                    ]
                },
                "GYRO": {
                    "BIAS": [
                        -0.06266694049493855,
                        -0.01380758152086397,
                        -0.0351702148697153
                    ],
                    "MAP_COEFF": [
                        1.0,
                        1.0,
                        1.0,
                        0.0,
                        0.0,
                        0.0
                    ]
                },
                "Q_AtoG": [
                    0.0,
                    0.0,
                    0.0,
                    1.0
                ],
                "EULER_AtoG": [
                    -0.0,
                    0.0,
                    -0.0
                ]
            },
            "CAMERA": {
                "K": [
                    [
                        573.6993833260742,
                        0.0,
                        226.0418880011076
                    ],
                    [
                        0.0,
                        499.2250540959496,
                        169.00125542170495
                    ],
                    [
                        0.0,
                        0.0,
                        1.0
                    ]
                ],
                "DISTO_PARAMS": [
                    0.0,
                    0.0,
                    0.0,
                    0.0,
                    0.0
                ]
            }
        }
    }
}