{
    "CalibParam": {
        "EXTRI": {
            "Q_LtoI": [
                0.024452122248321278,
                0.15453576573076173,
                0.1546479498285698,
                0.9755023333859231
            ],
            "EULER_LtoI": [
                179.99451321579358,
                161.99723193735617,
                -161.98268016233926
            ],
            "POS_LinI": [
                0.1135542535601607,
                0.001541779203125871,
                0.09128234384567569
            ],
            "Q_CtoI": [
                -0.7069886380119057,
                -0.21853735375725706,
                0.0000854288004402264,
                -0.6726131751882104
            ],
            "EULER_CtoI": [
                95.71496571043173,
                17.089275237372058,
                -18.86870043448929
            ],
            "POS_CinI": [
                0.152312746755338,
                0.0022555844791054887,
                -0.05507470954811411
            ],
            "GRAVITY_REFINE": [
                0.05268252877903026,
                1.50801963564386
            ]
        },
        "TEMPORAL": {
            "TIME_OFFSET_LtoI": -0.008298125188156125,
            "TIME_OFFSET_CtoI": -0.0006431559088760563,
            "TIME_READOUT": 0.0
        },
        "INTRI": {
            "IMU": {
                "ACCE": {
                    "BIAS": [
                        0.0005781966612853231,
                        -0.000026765336683804039,
                        0.001221875291047216
                    ],
                    "MAP_COEFF": [
                        1.000028101021745,
                        1.000004923057217,
                        0.9998657697181395,
                        0.00006808454580420311,
                        -0.00015822550530449024,
                        -0.000048348559960139266
                    ]
                },
                "GYRO": {
                    "BIAS": [
                        -0.0001590963053618238,
                        0.00004658070338890706,
                        -0.00011672515768836984
                    ],
                    "MAP_COEFF": [
                        0.999162824359339,
                        1.0000796013938094,
                        1.0003488047536109,
                        -0.0003962252671378732,
                        -0.001279164595155093,
                        -0.0002032345400021125
                    ]
                },
                "Q_AtoG": [
                    -0.0002104908906966785,
                    0.00039156163771435296,
                    -0.00011808170570474008,
                    0.9999998942148842
                ],
                "EULER_AtoG": [
                    179.975884813404,
                    179.9551274934515,
                    179.98647827506427
                ]
            },
            "CAMERA": {
                "K": [
                    [
                        450.9219074135633,
                        0.0,
                        200.29372918507688
                    ],
                    [
                        0.0,
                        450.72035471489388,
                        199.8362775713411
                    ],
                    [
                        0.0,
                        0.0,
                        1.0
                    ]
                ],
                "DISTO_PARAMS": [
                    -0.035637037114106807,
                    0.18683628121634555,
                    -0.30230473990474468,
                    -0.0003715134044308745,
                    0.0002239487702143828
                ]
            }
        }
    }
}