{
    "CalibParam": {
        "EXTRI": {
            "Q_LtoI": [
                0.02458453013032956,
                0.1551452812598719,
                0.15414106582174268,
                0.9754824828813706
            ],
            "EULER_LtoI": [
                0.008138803717178255,
                18.075019307716148,
                17.957427453845477
            ],
            "POS_LinI": [
                0.0034868222833547778,
                -0.0012172573571201087,
                0.002831554351251985
            ],
            "Q_CtoI": [
                -0.7065780798207907,
                -0.2192992668273504,
                0.00124180424935775,
                -0.6727954418751343
            ],
            "EULER_CtoI": [
                95.68426649012396,
                17.057557550932697,
                -19.0208218268989
            ],
            "POS_CinI": [
                0.040181646179882058,
                -0.0035105904949296244,
                -0.1412439378227862
            ],
            "GRAVITY_REFINE": [
                0.052761369024740187,
                1.507831333488419
            ]
        },
        "TEMPORAL": {
            "TIME_OFFSET_LtoI": -0.0056848068472473349,
            "TIME_OFFSET_CtoI": 0.0,
            "TIME_READOUT": 0.0
        },
        "INTRI": {
            "IMU": {
                "ACCE": {
                    "BIAS": [
                        0.016262077528347193,
                        0.010739553268065472,
                        0.01626827123398202
                    ],
                    "MAP_COEFF": [
                        1.0,
                        1.0,
                        1.0,
                        0.0,
                        0.0,
                        0.0
                    ]
                },
                "GYRO": {
                    "BIAS": [
                        -0.00035145759889961654,
                        0.0003482825946185582,
                        -0.00007387916154756707
                    ],
                    "MAP_COEFF": [
                        1.0,
                        1.0,
                        1.0,
                        0.0,
                        0.0,
                        0.0
                    ]
                },
                "Q_AtoG": [
                    0.0,
                    0.0,
                    0.0,
                    1.0
                ],
                "EULER_AtoG": [
                    -0.0,
                    0.0,
                    -0.0
                ]
            },
            "CAMERA": {
                "K": [
                    [
                        449.4967017007013,
                        0.0,
                        200.42019486055953
                    ],
                    [
                        0.0,
                        450.0965531680964,
                        199.91337061535135
                    ],
                    [
                        0.0,
                        0.0,
                        1.0
                    ]
                ],
                "DISTO_PARAMS": [
                    0.0,
                    0.0,
                    0.0,
                    0.0,
                    0.0
                ]
            }
        }
    }
}