{
    "CalibParam": {
        "EXTRI": {
            "Q_LtoI": [
                0.024452703459063558,
                0.154577717386802,
                0.15461206119471233,
                0.9755013608981545
            ],
            "EULER_LtoI": [
                179.99446523433918,
                161.99241394426208,
                -161.98676714080453
            ],
            "POS_LinI": [
                0.11190525261199802,
                0.0012504720459739505,
                0.0917490957422516
            ],
            "Q_CtoI": [
                -0.7070325183947855,
                -0.2187573924838291,
                -0.00010575975503611791,
                -0.672495509264469
            ],
            "EULER_CtoI": [
                95.73498871930984,
                17.12014012561673,
                -18.876582267822799
            ],
            "POS_CinI": [
                0.15025481835236127,
                0.0022137584552395174,
                -0.05488589086029429
            ],
            "GRAVITY_REFINE": [
                0.052646921630302597,
                1.5080469046747856
            ]
        },
        "TEMPORAL": {
            "TIME_OFFSET_LtoI": -0.008312732982336636,
            "TIME_OFFSET_CtoI": -0.000895867976651109,
            "TIME_READOUT": 0.0
        },
        "INTRI": {
            "IMU": {
                "ACCE": {
                    "BIAS": [
                        0.0008947078956449573,
                        0.000047945406939104659,
                        0.0014356614619781114
                    ],
                    "MAP_COEFF": [
                        1.0000190130794938,
                        1.0000136914360254,
                        0.9998576955749476,
                        0.00010779329086058716,
                        -0.000193774161953747,
                        -0.000040085887727604367
                    ]
                },
                "GYRO": {
                    "BIAS": [
                        -0.00017925198997804147,
                        0.000028645719521438394,
                        -0.00009038500923198179
                    ],
                    "MAP_COEFF": [
                        0.9991938308040792,
                        1.0000551946775478,
                        1.0004223969719919,
                        -0.00041319591990022564,
                        -0.0013475007107170755,
                        -0.000219176005473092
                    ]
                },
                "Q_AtoG": [
                    -0.0001610912264747507,
                    0.0003723109568399702,
                    -0.0001417439109977444,
                    0.9999999076714117
                ],
                "EULER_AtoG": [
                    179.9815463488003,
                    179.95733369045963,
                    179.9837642137837
                ]
            },
            "CAMERA": {
                "K": [
                    [
                        450.8688776618976,
                        0.0,
                        200.5013419066744
                    ],
                    [
                        0.0,
                        450.68882831772296,
                        199.73273546289935
                    ],
                    [
                        0.0,
                        0.0,
                        1.0
                    ]
                ],
                "DISTO_PARAMS": [
                    -0.03145039466518484,
                    0.1665446992075509,
                    -0.27224300117009128,
                    -0.0006222524425190935,
                    0.0004073013342794771
                ]
            }
        }
    }
}