{
    "CalibParam": {
        "EXTRI": {
            "Q_LtoI": [
                0.024382578572893399,
                0.15453839580730564,
                0.15462504615814269,
                0.9755072881245088
            ],
            "EULER_LtoI": [
                179.98673122904746,
                161.99819367785293,
                -161.98416206020267
            ],
            "POS_LinI": [
                0.12255409461464238,
                0.004221083200561542,
                0.08976383326121082
            ],
            "Q_CtoI": [
                -0.7069641320735897,
                -0.21842062368754942,
                0.0003482878628353935,
                -0.672676761754814
            ],
            "EULER_CtoI": [
                95.70372449746513,
                17.059251882770608,
                -18.876816151845437
            ],
            "POS_CinI": [
                0.16191674605197985,
                0.004008647529341929,
                -0.056934516592652879
            ],
            "GRAVITY_REFINE": [
                0.052698452481910278,
                1.5080124073884112
            ]
        },
        "TEMPORAL": {
            "TIME_OFFSET_LtoI": -0.00801811144087992,
            "TIME_OFFSET_CtoI": 0.0,
            "TIME_READOUT": 0.0
        },
        "INTRI": {
            "IMU": {
                "ACCE": {
                    "BIAS": [
                        -0.000986134890407163,
                        -0.0008412925869228944,
                        0.00044769826022203897
                    ],
                    "MAP_COEFF": [
                        1.0,
                        1.0,
                        1.0,
                        0.0,
                        0.0,
                        0.0
                    ]
                },
                "GYRO": {
                    "BIAS": [
                        -0.00012833721007017205,
                        0.00006276214148676422,
                        -0.00003441640365622935
                    ],
                    "MAP_COEFF": [
                        1.0,
                        1.0,
                        1.0,
                        0.0,
                        0.0,
                        0.0
                    ]
                },
                "Q_AtoG": [
                    0.0,
                    0.0,
                    0.0,
                    1.0
                ],
                "EULER_AtoG": [
                    -0.0,
                    0.0,
                    -0.0
                ]
            },
            "CAMERA": {
                "K": [
                    [
                        449.758712208856,
                        0.0,
                        200.04786164956753
                    ],
                    [
                        0.0,
                        449.8044394684836,
                        199.892438782158
                    ],
                    [
                        0.0,
                        0.0,
                        1.0
                    ]
                ],
                "DISTO_PARAMS": [
                    0.0,
                    0.0,
                    0.0,
                    0.0,
                    0.0
                ]
            }
        }
    }
}