{
    "CalibParam": {
        "EXTRI": {
            "Q_LtoI": [
                0.02445194192926148,
                0.15453145298274513,
                0.1546490238727332,
                0.975502850836501
            ],
            "EULER_LtoI": [
                179.99455392505369,
                161.99772941299364,
                -161.98257296133657
            ],
            "POS_LinI": [
                0.11429203727373345,
                0.0016998849220586795,
                0.09141086596035038
            ],
            "Q_CtoI": [
                -0.7069900542750696,
                -0.21853328703880946,
                0.00008405227529166082,
                -0.6726130080123062
            ],
            "EULER_CtoI": [
                95.7149861991516,
                17.089059589693549,
                -18.868235428433889
            ],
            "POS_CinI": [
                0.1530585626614762,
                0.0024260796662867809,
                -0.054943694042336437
            ],
            "GRAVITY_REFINE": [
                0.05268511493797645,
                1.5080196767115549
            ]
        },
        "TEMPORAL": {
            "TIME_OFFSET_LtoI": -0.00830389172929018,
            "TIME_OFFSET_CtoI": -0.0006406482641092055,
            "TIME_READOUT": 0.0
        },
        "INTRI": {
            "IMU": {
                "ACCE": {
                    "BIAS": [
                        0.00046641346456947273,
                        -0.00009409095987853507,
                        0.0011489393016354962
                    ],
                    "MAP_COEFF": [
                        1.0000270469643673,
                        1.0000017024730575,
                        0.9998762761541069,
                        0.00006621056878756494,
                        -0.00014847063169541583,
                        -0.00004729064002061566
                    ]
                },
                "GYRO": {
                    "BIAS": [
                        -0.00015899055271995658,
                        0.00004562714926096374,
                        -0.00011625832614078092
                    ],
                    "MAP_COEFF": [
                        0.9991574097443001,
                        1.0000739816123399,
                        1.0003303607348802,
                        -0.00040682079467217026,
                        -0.0012739932931490118,
                        -0.00021629819153261726
                    ]
                },
                "Q_AtoG": [
                    -0.0002149548218317304,
                    0.0003975251705530684,
                    -0.0001214091793292364,
                    0.9999998905139813
                ],
                "EULER_AtoG": [
                    179.9753735165563,
                    179.95444398058974,
                    179.98609732169607
                ]
            },
            "CAMERA": {
                "K": [
                    [
                        450.9202002335481,
                        0.0,
                        200.29312642750265
                    ],
                    [
                        0.0,
                        450.7179369386851,
                        199.83621808643589
                    ],
                    [
                        0.0,
                        0.0,
                        1.0
                    ]
                ],
                "DISTO_PARAMS": [
                    -0.0355546223602738,
                    0.18651659875839789,
                    -0.3019653346450111,
                    -0.0003726739240744358,
                    0.00022346857488765942
                ]
            }
        }
    }
}