{
    "CalibParam": {
        "EXTRI": {
            "Q_LtoI": [
                0.024391513952070368,
                0.15508235972306667,
                0.15427967374975516,
                0.9754754215343002
            ],
            "EULER_LtoI": [
                179.98400126775287,
                161.93568972616789,
                -162.02272137040385
            ],
            "POS_LinI": [
                0.014876051819849145,
                -0.003919818812581101,
                0.016441294274864669
            ],
            "Q_CtoI": [
                -0.706612486890609,
                -0.2190791431873035,
                0.001342335121912201,
                -0.6728308260826095
            ],
            "EULER_CtoI": [
                95.67772734933942,
                17.032216914743655,
                -19.00796303985195
            ],
            "POS_CinI": [
                0.05300676639554561,
                -0.006941696545776222,
                -0.12973533444647324
            ],
            "GRAVITY_REFINE": [
                0.052995287478307718,
                1.5079876762334242
            ]
        },
        "TEMPORAL": {
            "TIME_OFFSET_LtoI": -0.0070666026312403008,
            "TIME_OFFSET_CtoI": 0.0,
            "TIME_READOUT": 0.0
        },
        "INTRI": {
            "IMU": {
                "ACCE": {
                    "BIAS": [
                        0.014627705556219235,
                        0.010087024679702888,
                        0.013326539632929255
                    ],
                    "MAP_COEFF": [
                        1.0,
                        1.0,
                        1.0,
                        0.0,
                        0.0,
                        0.0
                    ]
                },
                "GYRO": {
                    "BIAS": [
                        -0.00037415058510146594,
                        0.00010447955524998525,
                        -0.0001269632956147417
                    ],
                    "MAP_COEFF": [
                        1.0,
                        1.0,
                        1.0,
                        0.0,
                        0.0,
                        0.0
                    ]
                },
                "Q_AtoG": [
                    0.0,
                    0.0,
                    0.0,
                    1.0
                ],
                "EULER_AtoG": [
                    -0.0,
                    0.0,
                    -0.0
                ]
            },
            "CAMERA": {
                "K": [
                    [
                        449.25352038134596,
                        0.0,
                        200.13719539419965
                    ],
                    [
                        0.0,
                        450.0044812505645,
                        200.05387843491196
                    ],
                    [
                        0.0,
                        0.0,
                        1.0
                    ]
                ],
                "DISTO_PARAMS": [
                    0.0,
                    0.0,
                    0.0,
                    0.0,
                    0.0
                ]
            }
        }
    }
}