{
    "CalibParam": {
        "EXTRI": {
            "Q_LtoI": [
                0.02435479060995941,
                0.1545447971001048,
                0.15465237315254633,
                0.9755026362557501
            ],
            "EULER_LtoI": [
                179.98282327235615,
                161.9979654199144,
                -161.98032711685833
            ],
            "POS_LinI": [
                0.12266628119425954,
                0.004384414063375362,
                0.09011049852297684
            ],
            "Q_CtoI": [
                -0.7069306164949795,
                -0.21844815697136966,
                0.0003967247080241053,
                -0.6727030167818086
            ],
            "EULER_CtoI": [
                95.69942848520452,
                17.058056414524545,
                -18.882357924206674
            ],
            "POS_CinI": [
                0.1620630572904535,
                0.003948837474634181,
                -0.056989809632403489
            ],
            "GRAVITY_REFINE": [
                0.052628765083949948,
                1.5080161638311978
            ]
        },
        "TEMPORAL": {
            "TIME_OFFSET_LtoI": -0.00801811144087992,
            "TIME_OFFSET_CtoI": 0.0,
            "TIME_READOUT": 0.0
        },
        "INTRI": {
            "IMU": {
                "ACCE": {
                    "BIAS": [
                        -0.001122350000461447,
                        -0.0008877359753913262,
                        0.00020677657577127003
                    ],
                    "MAP_COEFF": [
                        1.0,
                        1.0,
                        1.0,
                        0.0,
                        0.0,
                        0.0
                    ]
                },
                "GYRO": {
                    "BIAS": [
                        -0.0001265634090307411,
                        0.00006146745720274273,
                        -0.00004171367677212931
                    ],
                    "MAP_COEFF": [
                        1.0,
                        1.0,
                        1.0,
                        0.0,
                        0.0,
                        0.0
                    ]
                },
                "Q_AtoG": [
                    0.0,
                    0.0,
                    0.0,
                    1.0
                ],
                "EULER_AtoG": [
                    -0.0,
                    0.0,
                    -0.0
                ]
            },
            "CAMERA": {
                "K": [
                    [
                        449.758712208856,
                        0.0,
                        200.04786164956753
                    ],
                    [
                        0.0,
                        449.8044394684836,
                        199.892438782158
                    ],
                    [
                        0.0,
                        0.0,
                        1.0
                    ]
                ],
                "DISTO_PARAMS": [
                    0.0,
                    0.0,
                    0.0,
                    0.0,
                    0.0
                ]
            }
        }
    }
}