{
    "CalibParam": {
        "EXTRI": {
            "Q_LtoI": [
                0.02445205789869806,
                0.15452905976016019,
                0.15464946544089343,
                0.9755031570389743
            ],
            "EULER_LtoI": [
                179.99460483933209,
                161.9980015456051,
                -161.9825360030847
            ],
            "POS_LinI": [
                0.1146736855184839,
                0.0018069066204687509,
                0.09156696191242363
            ],
            "Q_CtoI": [
                -0.706990476465914,
                -0.21853124719463838,
                0.00008193824174496893,
                -0.6726132272503869
            ],
            "EULER_CtoI": [
                95.71495133658104,
                17.08908002410823,
                -18.86788641021033
            ],
            "POS_CinI": [
                0.1534486473830553,
                0.0025371667177114004,
                -0.054778217724739678
            ],
            "GRAVITY_REFINE": [
                0.05268483348890453,
                1.5080198973802253
            ]
        },
        "TEMPORAL": {
            "TIME_OFFSET_LtoI": -0.008301917293865036,
            "TIME_OFFSET_CtoI": -0.000627349468597116,
            "TIME_READOUT": 0.0
        },
        "INTRI": {
            "IMU": {
                "ACCE": {
                    "BIAS": [
                        0.0004024429969348821,
                        -0.00013441988010285178,
                        0.0010919559848623726
                    ],
                    "MAP_COEFF": [
                        1.0000263249555415,
                        0.9999997959981678,
                        0.999882857622408,
                        0.00006482470070175401,
                        -0.00014225138954680159,
                        -0.00004611092286796108
                    ]
                },
                "GYRO": {
                    "BIAS": [
                        -0.00015908670547967017,
                        0.000045509503861447909,
                        -0.00011587006132607254
                    ],
                    "MAP_COEFF": [
                        0.9991540865771811,
                        1.0000726770329445,
                        1.0003201787321714,
                        -0.00041179472543603925,
                        -0.001269323262290557,
                        -0.0002218245622532084
                    ]
                },
                "Q_AtoG": [
                    -0.00021748071608620838,
                    0.00040116047324770466,
                    -0.0001220498967268934,
                    0.9999998884381116
                ],
                "EULER_AtoG": [
                    179.97508415024553,
                    179.9540273544855,
                    179.98602410648034
                ]
            },
            "CAMERA": {
                "K": [
                    [
                        450.91839793942588,
                        0.0,
                        200.2956833197412
                    ],
                    [
                        0.0,
                        450.71511432974878,
                        199.83565746001796
                    ],
                    [
                        0.0,
                        0.0,
                        1.0
                    ]
                ],
                "DISTO_PARAMS": [
                    -0.035519261165074287,
                    0.18654691994555465,
                    -0.30217114793241797,
                    -0.0003704046136667088,
                    0.00022102939527664456
                ]
            }
        }
    }
}