{
    "CalibParam": {
        "EXTRI": {
            "Q_LtoI": [
                0.024355038885816556,
                0.15454654537907923,
                0.15465202921337546,
                0.975502407609765
            ],
            "EULER_LtoI": [
                179.98282559041497,
                161.9977605704918,
                -161.98036271059338
            ],
            "POS_LinI": [
                0.12266426841100479,
                0.0043824410750628,
                0.0901044263649611
            ],
            "Q_CtoI": [
                -0.7069304963453503,
                -0.21844903418260229,
                0.0003990151615055424,
                -0.6727028568309385
            ],
            "EULER_CtoI": [
                95.69945028300005,
                17.05792888071909,
                -18.882614956727659
            ],
            "POS_CinI": [
                0.16206771031089282,
                0.003950036084312953,
                -0.05698851591122005
            ],
            "GRAVITY_REFINE": [
                0.0526286612234626,
                1.5080153457480057
            ]
        },
        "TEMPORAL": {
            "TIME_OFFSET_LtoI": -0.00801811144087992,
            "TIME_OFFSET_CtoI": 0.0,
            "TIME_READOUT": 0.0
        },
        "INTRI": {
            "IMU": {
                "ACCE": {
                    "BIAS": [
                        -0.0011222056049430046,
                        -0.0008885939358553876,
                        0.0002140971967682659
                    ],
                    "MAP_COEFF": [
                        1.0,
                        1.0,
                        1.0,
                        0.0,
                        0.0,
                        0.0
                    ]
                },
                "GYRO": {
                    "BIAS": [
                        -0.0001269927862729774,
                        0.00006165664673414093,
                        -0.000040010473976302448
                    ],
                    "MAP_COEFF": [
                        1.0,
                        1.0,
                        1.0,
                        0.0,
                        0.0,
                        0.0
                    ]
                },
                "Q_AtoG": [
                    0.0,
                    0.0,
                    0.0,
                    1.0
                ],
                "EULER_AtoG": [
                    -0.0,
                    0.0,
                    -0.0
                ]
            },
            "CAMERA": {
                "K": [
                    [
                        449.758712208856,
                        0.0,
                        200.04786164956753
                    ],
                    [
                        0.0,
                        449.8044394684836,
                        199.892438782158
                    ],
                    [
                        0.0,
                        0.0,
                        1.0
                    ]
                ],
                "DISTO_PARAMS": [
                    0.0,
                    0.0,
                    0.0,
                    0.0,
                    0.0
                ]
            }
        }
    }
}