{
    "CalibParam": {
        "EXTRI": {
            "Q_LtoI": [
                0.024407662144860923,
                0.15452262282423455,
                0.15461267061421375,
                0.975511120976938
            ],
            "EULER_LtoI": [
                179.99021514489275,
                161.999545317518,
                -161.98620175683375
            ],
            "POS_LinI": [
                0.12226465427070295,
                0.003977470159400344,
                0.08929969004973144
            ],
            "Q_CtoI": [
                -0.7069911314095245,
                -0.21838086611226099,
                0.0002524971755810226,
                -0.6726613365353443
            ],
            "EULER_CtoI": [
                95.70636949668485,
                17.06375901960812,
                -18.86631234786912
            ],
            "POS_CinI": [
                0.1616723886959551,
                0.0036669868545679024,
                -0.05706768851477771
            ],
            "GRAVITY_REFINE": [
                0.05274867787985432,
                1.5080070433829274
            ]
        },
        "TEMPORAL": {
            "TIME_OFFSET_LtoI": -0.00801811144087992,
            "TIME_OFFSET_CtoI": 0.0,
            "TIME_READOUT": 0.0
        },
        "INTRI": {
            "IMU": {
                "ACCE": {
                    "BIAS": [
                        -0.0008484433793153114,
                        -0.0007548218492168334,
                        0.0006262556800960187
                    ],
                    "MAP_COEFF": [
                        1.0,
                        1.0,
                        1.0,
                        0.0,
                        0.0,
                        0.0
                    ]
                },
                "GYRO": {
                    "BIAS": [
                        -0.000127613552597348,
                        0.00006230045147697998,
                        -0.00003501865632530375
                    ],
                    "MAP_COEFF": [
                        1.0,
                        1.0,
                        1.0,
                        0.0,
                        0.0,
                        0.0
                    ]
                },
                "Q_AtoG": [
                    0.0,
                    0.0,
                    0.0,
                    1.0
                ],
                "EULER_AtoG": [
                    -0.0,
                    0.0,
                    -0.0
                ]
            },
            "CAMERA": {
                "K": [
                    [
                        449.758712208856,
                        0.0,
                        200.04786164956753
                    ],
                    [
                        0.0,
                        449.8044394684836,
                        199.892438782158
                    ],
                    [
                        0.0,
                        0.0,
                        1.0
                    ]
                ],
                "DISTO_PARAMS": [
                    0.0,
                    0.0,
                    0.0,
                    0.0,
                    0.0
                ]
            }
        }
    }
}