{
    "CalibParam": {
        "EXTRI": {
            "Q_LtoI": [
                0.044077513033411678,
                0.1555903983074029,
                0.18592284407878285,
                0.9691653609415628
            ],
            "EULER_LtoI": [
                1.667028808094262,
                18.540546814781608,
                21.44704056792593
            ],
            "POS_LinI": [
                -0.024475111127617578,
                0.019600736022585123,
                0.053833973204352309
            ],
            "Q_CtoI": [
                -0.7940412177439593,
                -0.19135339354607498,
                0.0394663907285029,
                -0.5756082237989277
            ],
            "EULER_CtoI": [
                109.78342167898737,
                9.06839021031418,
                -20.716288101008627
            ],
            "POS_CinI": [
                0.5247713320720241,
                -0.4422433190827712,
                0.24042227199368933
            ],
            "GRAVITY_REFINE": [
                -0.06674552068173911,
                1.487352836217599
            ]
        },
        "TEMPORAL": {
            "TIME_OFFSET_LtoI": -0.02,
            "TIME_OFFSET_CtoI": 0.0,
            "TIME_READOUT": 0.0
        },
        "INTRI": {
            "IMU": {
                "ACCE": {
                    "BIAS": [
                        0.12892066297415137,
                        0.4469562462230021,
                        -0.15216264166175498
                    ],
                    "MAP_COEFF": [
                        1.0,
                        1.0,
                        1.0,
                        0.0,
                        0.0,
                        0.0
                    ]
                },
                "GYRO": {
                    "BIAS": [
                        -0.03356825303402178,
                        0.0017305321139460245,
                        -0.027946428933093995
                    ],
                    "MAP_COEFF": [
                        1.0,
                        1.0,
                        1.0,
                        0.0,
                        0.0,
                        0.0
                    ]
                },
                "Q_AtoG": [
                    0.0,
                    0.0,
                    0.0,
                    1.0
                ],
                "EULER_AtoG": [
                    -0.0,
                    0.0,
                    -0.0
                ]
            },
            "CAMERA": {
                "K": [
                    [
                        24.515946263256266,
                        0.0,
                        182.64101061546163
                    ],
                    [
                        0.0,
                        109.05029402297056,
                        189.10020742316477
                    ],
                    [
                        0.0,
                        0.0,
                        1.0
                    ]
                ],
                "DISTO_PARAMS": [
                    0.0,
                    0.0,
                    0.0,
                    0.0,
                    0.0
                ]
            }
        }
    }
}