{
    "CalibParam": {
        "EXTRI": {
            "Q_LtoI": [
                0.024367163867213369,
                0.15454644225891119,
                0.15463757692069436,
                0.9755044122474679
            ],
            "EULER_LtoI": [
                179.98452765252714,
                161.99755185632606,
                -161.9823247908381
            ],
            "POS_LinI": [
                0.12261714273537591,
                0.004311176927557947,
                0.08995499153625333
            ],
            "Q_CtoI": [
                -0.7069452781765607,
                -0.21843846992101663,
                0.00038163063483407793,
                -0.6726907631895125
            ],
            "EULER_CtoI": [
                95.70142120244255,
                17.05823281978294,
                -18.88062773880573
            ],
            "POS_CinI": [
                0.16199106955529694,
                0.004008933397346169,
                -0.05695597211778151
            ],
            "GRAVITY_REFINE": [
                0.05266312119076084,
                1.508013407438564
            ]
        },
        "TEMPORAL": {
            "TIME_OFFSET_LtoI": -0.00801811144087992,
            "TIME_OFFSET_CtoI": 0.0,
            "TIME_READOUT": 0.0
        },
        "INTRI": {
            "IMU": {
                "ACCE": {
                    "BIAS": [
                        -0.0010654958548251229,
                        -0.0008710254403245983,
                        0.0003333374453931859
                    ],
                    "MAP_COEFF": [
                        1.0,
                        1.0,
                        1.0,
                        0.0,
                        0.0,
                        0.0
                    ]
                },
                "GYRO": {
                    "BIAS": [
                        -0.00012878233398418105,
                        0.00006159141043419352,
                        -0.000035692630515028188
                    ],
                    "MAP_COEFF": [
                        1.0,
                        1.0,
                        1.0,
                        0.0,
                        0.0,
                        0.0
                    ]
                },
                "Q_AtoG": [
                    0.0,
                    0.0,
                    0.0,
                    1.0
                ],
                "EULER_AtoG": [
                    -0.0,
                    0.0,
                    -0.0
                ]
            },
            "CAMERA": {
                "K": [
                    [
                        449.758712208856,
                        0.0,
                        200.04786164956753
                    ],
                    [
                        0.0,
                        449.8044394684836,
                        199.892438782158
                    ],
                    [
                        0.0,
                        0.0,
                        1.0
                    ]
                ],
                "DISTO_PARAMS": [
                    0.0,
                    0.0,
                    0.0,
                    0.0,
                    0.0
                ]
            }
        }
    }
}