{
    "CalibParam": {
        "EXTRI": {
            "Q_LtoI": [
                0.024459504475808057,
                0.15457596508829045,
                0.15462108182494983,
                0.9755000382947732
            ],
            "EULER_LtoI": [
                179.99512537482185,
                161.9924912594945,
                -161.98581404259398
            ],
            "POS_LinI": [
                0.11185253999147837,
                0.0012369308168188856,
                0.09213738808093203
            ],
            "Q_CtoI": [
                -0.7070456782865247,
                -0.21875070962980157,
                -0.00006491875927328127,
                -0.6724838523253636
            ],
            "EULER_CtoI": [
                95.7367456678542,
                17.1158332976164,
                -18.879375235408138
            ],
            "POS_CinI": [
                0.15051180827861847,
                0.0022241656298774747,
                -0.054555061173626118
            ],
            "GRAVITY_REFINE": [
                0.05261736811917255,
                1.5080432422335677
            ]
        },
        "TEMPORAL": {
            "TIME_OFFSET_LtoI": -0.008290184069695148,
            "TIME_OFFSET_CtoI": -0.000590976279980061,
            "TIME_READOUT": 0.0
        },
        "INTRI": {
            "IMU": {
                "ACCE": {
                    "BIAS": [
                        0.0008141163531008651,
                        0.00010872254867941095,
                        0.0012560543032312585
                    ],
                    "MAP_COEFF": [
                        1.0000245445017735,
                        1.0000120810555733,
                        0.9998555783529318,
                        0.0000742469454898537,
                        -0.00018061459063887727,
                        -0.000049508380887405997
                    ]
                },
                "GYRO": {
                    "BIAS": [
                        -0.0001714034173430054,
                        0.00004919547106459865,
                        -0.00009508484071088208
                    ],
                    "MAP_COEFF": [
                        0.9991820766117021,
                        1.0001404049652465,
                        1.0003334110325375,
                        -0.0002868936575505037,
                        -0.0013995741031231585,
                        -0.00012070180770261692
                    ]
                },
                "Q_AtoG": [
                    -0.0001708424059261074,
                    0.0003428690561223917,
                    -0.000054342436160991396,
                    0.9999999251502886
                ],
                "EULER_AtoG": [
                    179.98042503394789,
                    179.96070903631125,
                    179.99377952689128
                ]
            },
            "CAMERA": {
                "K": [
                    [
                        450.97860794775576,
                        0.0,
                        200.55790340151709
                    ],
                    [
                        0.0,
                        450.79188080041186,
                        199.71934318878818
                    ],
                    [
                        0.0,
                        0.0,
                        1.0
                    ]
                ],
                "DISTO_PARAMS": [
                    -0.035144450971585309,
                    0.18474720961774189,
                    -0.300046510007392,
                    -0.0005720735593032822,
                    0.00038788651657439436
                ]
            }
        }
    }
}