{
    "CalibParam": {
        "EXTRI": {
            "Q_LtoI": [
                0.02445424923526187,
                0.15458148195614666,
                0.15461907593239708,
                0.9754996137817753
            ],
            "EULER_LtoI": [
                179.99444097479279,
                161.9919545238175,
                -161.98592771777656
            ],
            "POS_LinI": [
                0.11188420368467998,
                0.0012436792781808609,
                0.09208542685929308
            ],
            "Q_CtoI": [
                -0.707036975438268,
                -0.21876804025875214,
                -0.00007597051650684064,
                -0.6724873635637564
            ],
            "EULER_CtoI": [
                95.73625145362097,
                17.11825966442367,
                -18.880000450057588
            ],
            "POS_CinI": [
                0.1504137757181362,
                0.0021922036864556518,
                -0.054579399164568557
            ],
            "GRAVITY_REFINE": [
                0.05263390319972256,
                1.5080428672885607
            ]
        },
        "TEMPORAL": {
            "TIME_OFFSET_LtoI": -0.008316515976603198,
            "TIME_OFFSET_CtoI": -0.0006201833306105671,
            "TIME_READOUT": 0.0
        },
        "INTRI": {
            "IMU": {
                "ACCE": {
                    "BIAS": [
                        0.0008668561373801804,
                        0.0000649266697201921,
                        0.0013438822937275825
                    ],
                    "MAP_COEFF": [
                        1.0000214834687458,
                        1.0000122351922778,
                        0.9998553722378313,
                        0.00009569369662860871,
                        -0.0001894872904920343,
                        -0.000042348490880009327
                    ]
                },
                "GYRO": {
                    "BIAS": [
                        -0.00017219925318005775,
                        0.000042655782933188469,
                        -0.00009289350189835516
                    ],
                    "MAP_COEFF": [
                        0.9991819808252879,
                        1.0001271082120154,
                        1.0003975687148477,
                        -0.00032526542135329745,
                        -0.001393882222941294,
                        -0.00012522629592341962
                    ]
                },
                "Q_AtoG": [
                    -0.00016016389384504128,
                    0.00034989712898623933,
                    -0.00008270683993544129,
                    0.9999999225395495
                ],
                "EULER_AtoG": [
                    179.98164988247116,
                    179.95990322436939,
                    179.99052891445403
                ]
            },
            "CAMERA": {
                "K": [
                    [
                        450.9670205317913,
                        0.0,
                        200.55132869545003
                    ],
                    [
                        0.0,
                        450.7833526597514,
                        199.7202542967562
                    ],
                    [
                        0.0,
                        0.0,
                        1.0
                    ]
                ],
                "DISTO_PARAMS": [
                    -0.034931254659768647,
                    0.18475973827146476,
                    -0.30110690304896095,
                    -0.0005852327072083094,
                    0.0003896561365124196
                ]
            }
        }
    }
}