{
    "CalibParam": {
        "EXTRI": {
            "Q_LtoI": [
                0.02470994513536052,
                0.15506981630641537,
                0.1541239973197717,
                0.9754940103005643
            ],
            "EULER_LtoI": [
                0.024640333296134036,
                18.068640762628836,
                17.952639234523998
            ],
            "POS_LinI": [
                0.0021362448640683707,
                -0.0007598785444178336,
                0.0009623653026185915
            ],
            "Q_CtoI": [
                -0.7065040447750424,
                -0.2191345402876166,
                0.001000989385630168,
                -0.6729272516325146
            ],
            "EULER_CtoI": [
                95.66328751320063,
                17.068140122671143,
                -18.984604310791366
            ],
            "POS_CinI": [
                0.042173925605585,
                -0.006163426960151049,
                -0.14432413547199819
            ],
            "GRAVITY_REFINE": [
                0.05242928238918519,
                1.5076158670890699
            ]
        },
        "TEMPORAL": {
            "TIME_OFFSET_LtoI": -0.004932679826607652,
            "TIME_OFFSET_CtoI": 0.0,
            "TIME_READOUT": 0.0
        },
        "INTRI": {
            "IMU": {
                "ACCE": {
                    "BIAS": [
                        0.016459960196354107,
                        0.010429264624203887,
                        0.017456474832681317
                    ],
                    "MAP_COEFF": [
                        1.0,
                        1.0,
                        1.0,
                        0.0,
                        0.0,
                        0.0
                    ]
                },
                "GYRO": {
                    "BIAS": [
                        -0.0003613916107275242,
                        0.0006659730478174896,
                        -0.00002866557302958118
                    ],
                    "MAP_COEFF": [
                        1.0,
                        1.0,
                        1.0,
                        0.0,
                        0.0,
                        0.0
                    ]
                },
                "Q_AtoG": [
                    0.0,
                    0.0,
                    0.0,
                    1.0
                ],
                "EULER_AtoG": [
                    -0.0,
                    0.0,
                    -0.0
                ]
            },
            "CAMERA": {
                "K": [
                    [
                        449.04620765792046,
                        0.0,
                        200.61474544162514
                    ],
                    [
                        0.0,
                        450.0566081822117,
                        199.94238253152489
                    ],
                    [
                        0.0,
                        0.0,
                        1.0
                    ]
                ],
                "DISTO_PARAMS": [
                    0.0,
                    0.0,
                    0.0,
                    0.0,
                    0.0
                ]
            }
        }
    }
}