{
    "CalibParam": {
        "EXTRI": {
            "Q_LtoI": [
                0.024361652767161458,
                0.15453743123101464,
                0.15465026609627098,
                0.9755039658655029
            ],
            "EULER_LtoI": [
                179.98381029829924,
                161.9986847482015,
                -161.98074916856246
            ],
            "POS_LinI": [
                0.12266584988480398,
                0.0043845653805010919,
                0.0901225745759992
            ],
            "Q_CtoI": [
                -0.7069372258417104,
                -0.21844459813551843,
                0.00040882106883649994,
                -0.6726972195051592
            ],
            "EULER_CtoI": [
                95.70032201973608,
                17.056592343983398,
                -18.88309900546233
            ],
            "POS_CinI": [
                0.16206149883327598,
                0.004003789977475093,
                -0.05696902905735903
            ],
            "GRAVITY_REFINE": [
                0.05263328356832483,
                1.5080241541282825
            ]
        },
        "TEMPORAL": {
            "TIME_OFFSET_LtoI": -0.00801811144087992,
            "TIME_OFFSET_CtoI": 0.0,
            "TIME_READOUT": 0.0
        },
        "INTRI": {
            "IMU": {
                "ACCE": {
                    "BIAS": [
                        -0.0011197942941729945,
                        -0.0008833944354040412,
                        0.00020343035556310491
                    ],
                    "MAP_COEFF": [
                        1.0,
                        1.0,
                        1.0,
                        0.0,
                        0.0,
                        0.0
                    ]
                },
                "GYRO": {
                    "BIAS": [
                        -0.0001341282342944229,
                        0.00006592084811907292,
                        -0.00004279014671184736
                    ],
                    "MAP_COEFF": [
                        1.0,
                        1.0,
                        1.0,
                        0.0,
                        0.0,
                        0.0
                    ]
                },
                "Q_AtoG": [
                    0.0,
                    0.0,
                    0.0,
                    1.0
                ],
                "EULER_AtoG": [
                    -0.0,
                    0.0,
                    -0.0
                ]
            },
            "CAMERA": {
                "K": [
                    [
                        449.758712208856,
                        0.0,
                        200.04786164956753
                    ],
                    [
                        0.0,
                        449.8044394684836,
                        199.892438782158
                    ],
                    [
                        0.0,
                        0.0,
                        1.0
                    ]
                ],
                "DISTO_PARAMS": [
                    0.0,
                    0.0,
                    0.0,
                    0.0,
                    0.0
                ]
            }
        }
    }
}