{
    "CalibParam": {
        "EXTRI": {
            "Q_LtoI": [
                0.024459854989949335,
                0.15457536381930668,
                0.15462143101161247,
                0.9755000694340933
            ],
            "EULER_LtoI": [
                179.99517136679109,
                161.9925537941669,
                -161.9857818848702
            ],
            "POS_LinI": [
                0.11185119072012136,
                0.0012367248927876722,
                0.09213820463375445
            ],
            "Q_CtoI": [
                -0.707046699322798,
                -0.2187496539085146,
                -0.00006584427215706841,
                -0.6724831221348042
            ],
            "EULER_CtoI": [
                95.73686320102661,
                17.115807490273438,
                -18.87922736917427
            ],
            "POS_CinI": [
                0.15051345815111578,
                0.002227707015121104,
                -0.05455266871388189
            ],
            "GRAVITY_REFINE": [
                0.05261592071324222,
                1.5080428815100367
            ]
        },
        "TEMPORAL": {
            "TIME_OFFSET_LtoI": -0.008288124228260358,
            "TIME_OFFSET_CtoI": -0.0005887773302226914,
            "TIME_READOUT": 0.0
        },
        "INTRI": {
            "IMU": {
                "ACCE": {
                    "BIAS": [
                        0.0008120287770958605,
                        0.00011128566314889694,
                        0.0012506253215405325
                    ],
                    "MAP_COEFF": [
                        1.0000248181069116,
                        1.0000119755573487,
                        0.9998560517264024,
                        0.00007348161171358655,
                        -0.00017958962624602375,
                        -0.000049625927588691299
                    ]
                },
                "GYRO": {
                    "BIAS": [
                        -0.00017159627788690315,
                        0.000050123441780661428,
                        -0.00009539363001801036
                    ],
                    "MAP_COEFF": [
                        0.9991815955776134,
                        1.0001412560189476,
                        1.0003279171961515,
                        -0.0002808124672159544,
                        -0.0013969747979611194,
                        -0.00012049068955841766
                    ]
                },
                "Q_AtoG": [
                    -0.00017177488481921909,
                    0.00034168709086826866,
                    -0.00005100987779861774,
                    0.999999925570654
                ],
                "EULER_AtoG": [
                    179.98031804189305,
                    179.9608445393488,
                    179.99416142339116
                ]
            },
            "CAMERA": {
                "K": [
                    [
                        450.9827585720792,
                        0.0,
                        200.55835367302778
                    ],
                    [
                        0.0,
                        450.79530202343337,
                        199.71914655376583
                    ],
                    [
                        0.0,
                        0.0,
                        1.0
                    ]
                ],
                "DISTO_PARAMS": [
                    -0.0352479806278753,
                    0.1851460660922728,
                    -0.30053557180915438,
                    -0.00057136416188932,
                    0.0003891982793251635
                ]
            }
        }
    }
}