{
    "CalibParam": {
        "EXTRI": {
            "Q_LtoI": [
                0.1352511792644221,
                0.15282653850882184,
                0.29116590178011278,
                0.9346515849639204
            ],
            "EULER_LtoI": [
                10.132718786968692,
                21.37313547757898,
                32.68911688241773
            ],
            "POS_LinI": [
                0.040993085370667359,
                0.06971886776296679,
                0.09458196745331923
            ],
            "Q_CtoI": [
                -0.7698002993358816,
                -0.27046389335598777,
                0.0686857376861595,
                -0.5740549198218027
            ],
            "EULER_CtoI": [
                109.79543305469825,
                11.81624931503048,
                -30.39691630251493
            ],
            "POS_CinI": [
                0.4890368738592139,
                -0.4673639348253874,
                0.5114454435894515
            ],
            "GRAVITY_REFINE": [
                -0.39799677472504838,
                1.7134549751854858
            ]
        },
        "TEMPORAL": {
            "TIME_OFFSET_LtoI": -0.02,
            "TIME_OFFSET_CtoI": 0.0,
            "TIME_READOUT": 0.0
        },
        "INTRI": {
            "IMU": {
                "ACCE": {
                    "BIAS": [
                        -0.08606620081874539,
                        1.6185949456675999,
                        -0.7510138236375759
                    ],
                    "MAP_COEFF": [
                        1.0,
                        1.0,
                        1.0,
                        0.0,
                        0.0,
                        0.0
                    ]
                },
                "GYRO": {
                    "BIAS": [
                        -0.05017304319160154,
                        -0.012747231053840895,
                        -0.037194677698612069
                    ],
                    "MAP_COEFF": [
                        1.0,
                        1.0,
                        1.0,
                        0.0,
                        0.0,
                        0.0
                    ]
                },
                "Q_AtoG": [
                    0.0,
                    0.0,
                    0.0,
                    1.0
                ],
                "EULER_AtoG": [
                    -0.0,
                    0.0,
                    -0.0
                ]
            },
            "CAMERA": {
                "K": [
                    [
                        15.779156866075482,
                        0.0,
                        183.531444207437
                    ],
                    [
                        0.0,
                        116.05633133797669,
                        188.4161091493888
                    ],
                    [
                        0.0,
                        0.0,
                        1.0
                    ]
                ],
                "DISTO_PARAMS": [
                    0.0,
                    0.0,
                    0.0,
                    0.0,
                    0.0
                ]
            }
        }
    }
}