{
    "CalibParam": {
        "EXTRI": {
            "Q_LtoI": [
                0.024410477433311228,
                0.1545232142842147,
                0.1546056053309472,
                0.9755120766238642
            ],
            "EULER_LtoI": [
                179.99066937927265,
                161.99942633967476,
                -161.9871006574189
            ],
            "POS_LinI": [
                0.11922561491874453,
                0.0029192388416969924,
                0.08916133680779802
            ],
            "Q_CtoI": [
                -0.7069913068838615,
                -0.21837971037796279,
                0.00023159904009459263,
                -0.6726615348358872
            ],
            "EULER_CtoI": [
                95.70639020250549,
                17.065442055245119,
                -18.8646095393235
            ],
            "POS_CinI": [
                0.15860433202555725,
                0.0024922703235369938,
                -0.0571922607177034
            ],
            "GRAVITY_REFINE": [
                0.05274771217380013,
                1.508014945433121
            ]
        },
        "TEMPORAL": {
            "TIME_OFFSET_LtoI": -0.00801811144087992,
            "TIME_OFFSET_CtoI": 0.0,
            "TIME_READOUT": 0.0
        },
        "INTRI": {
            "IMU": {
                "ACCE": {
                    "BIAS": [
                        -0.00043116904580780353,
                        -0.0004175802990788768,
                        0.0006974433975539387
                    ],
                    "MAP_COEFF": [
                        1.0,
                        1.0,
                        1.0,
                        0.0,
                        0.0,
                        0.0
                    ]
                },
                "GYRO": {
                    "BIAS": [
                        -0.0001313230123075548,
                        0.0000625601264506182,
                        -0.000040174682579583209
                    ],
                    "MAP_COEFF": [
                        1.0,
                        1.0,
                        1.0,
                        0.0,
                        0.0,
                        0.0
                    ]
                },
                "Q_AtoG": [
                    0.0,
                    0.0,
                    0.0,
                    1.0
                ],
                "EULER_AtoG": [
                    -0.0,
                    0.0,
                    -0.0
                ]
            },
            "CAMERA": {
                "K": [
                    [
                        449.758712208856,
                        0.0,
                        200.04786164956753
                    ],
                    [
                        0.0,
                        449.8044394684836,
                        199.892438782158
                    ],
                    [
                        0.0,
                        0.0,
                        1.0
                    ]
                ],
                "DISTO_PARAMS": [
                    0.0,
                    0.0,
                    0.0,
                    0.0,
                    0.0
                ]
            }
        }
    }
}