{
    "CalibParam": {
        "EXTRI": {
            "Q_LtoI": [
                0.2081675199969053,
                0.09777719861662974,
                0.36852374104594418,
                0.9007197984581687
            ],
            "EULER_LtoI": [
                18.714990181718397,
                19.242621509311318,
                41.30297602401461
            ],
            "POS_LinI": [
                -0.08295886108440467,
                0.11485791821748759,
                0.25112810817536826
            ],
            "Q_CtoI": [
                -0.8079645877394597,
                -0.28247503290936507,
                -0.10941553659094663,
                -0.5054001593731183
            ],
            "EULER_CtoI": [
                121.64373607094696,
                27.53779397874232,
                -22.95779936104503
            ],
            "POS_CinI": [
                0.6176849780753466,
                -0.16275276053409627,
                0.6209476526034721
            ],
            "GRAVITY_REFINE": [
                -0.7761167843359743,
                0.8788207883635714
            ]
        },
        "TEMPORAL": {
            "TIME_OFFSET_LtoI": -0.02,
            "TIME_OFFSET_CtoI": 0.0,
            "TIME_READOUT": 0.0
        },
        "INTRI": {
            "IMU": {
                "ACCE": {
                    "BIAS": [
                        4.898502940044494,
                        -0.1890250962066613,
                        1.0083108082441084
                    ],
                    "MAP_COEFF": [
                        1.0,
                        1.0,
                        1.0,
                        0.0,
                        0.0,
                        0.0
                    ]
                },
                "GYRO": {
                    "BIAS": [
                        -0.05627585962012479,
                        -0.03844928533286349,
                        -0.021038622846072814
                    ],
                    "MAP_COEFF": [
                        1.0,
                        1.0,
                        1.0,
                        0.0,
                        0.0,
                        0.0
                    ]
                },
                "Q_AtoG": [
                    0.0,
                    0.0,
                    0.0,
                    1.0
                ],
                "EULER_AtoG": [
                    -0.0,
                    0.0,
                    -0.0
                ]
            },
            "CAMERA": {
                "K": [
                    [
                        496.8599848936615,
                        0.0,
                        232.5503746289183
                    ],
                    [
                        0.0,
                        218.09647538617538,
                        195.50580031572907
                    ],
                    [
                        0.0,
                        0.0,
                        1.0
                    ]
                ],
                "DISTO_PARAMS": [
                    0.0,
                    0.0,
                    0.0,
                    0.0,
                    0.0
                ]
            }
        }
    }
}