{
    "CalibParam": {
        "EXTRI": {
            "Q_LtoI": [
                0.02435492477605925,
                0.15454362244796683,
                0.15465268112440898,
                0.9755027701758948
            ],
            "EULER_LtoI": [
                179.98285560169277,
                161.99809758905659,
                -161.98029940080228
            ],
            "POS_LinI": [
                0.1226666492295561,
                0.004385078067137294,
                0.09011272265220836
            ],
            "Q_CtoI": [
                -0.7069311164216473,
                -0.2184472744516625,
                0.0003951297242656102,
                -0.6727027789388003
            ],
            "EULER_CtoI": [
                95.69946895226693,
                17.058114155188638,
                -18.882162848885256
            ],
            "POS_CinI": [
                0.16205748221375156,
                0.003953441601465137,
                -0.05699007919790245
            ],
            "GRAVITY_REFINE": [
                0.052628414536532188,
                1.508016704178296
            ]
        },
        "TEMPORAL": {
            "TIME_OFFSET_LtoI": -0.00801811144087992,
            "TIME_OFFSET_CtoI": 0.0,
            "TIME_READOUT": 0.0
        },
        "INTRI": {
            "IMU": {
                "ACCE": {
                    "BIAS": [
                        -0.001122168528647902,
                        -0.0008873195217968835,
                        0.00020468024363612652
                    ],
                    "MAP_COEFF": [
                        1.0,
                        1.0,
                        1.0,
                        0.0,
                        0.0,
                        0.0
                    ]
                },
                "GYRO": {
                    "BIAS": [
                        -0.00012761838921319439,
                        0.0000626128158201877,
                        -0.000042304882546380448
                    ],
                    "MAP_COEFF": [
                        1.0,
                        1.0,
                        1.0,
                        0.0,
                        0.0,
                        0.0
                    ]
                },
                "Q_AtoG": [
                    0.0,
                    0.0,
                    0.0,
                    1.0
                ],
                "EULER_AtoG": [
                    -0.0,
                    0.0,
                    -0.0
                ]
            },
            "CAMERA": {
                "K": [
                    [
                        449.758712208856,
                        0.0,
                        200.04786164956753
                    ],
                    [
                        0.0,
                        449.8044394684836,
                        199.892438782158
                    ],
                    [
                        0.0,
                        0.0,
                        1.0
                    ]
                ],
                "DISTO_PARAMS": [
                    0.0,
                    0.0,
                    0.0,
                    0.0,
                    0.0
                ]
            }
        }
    }
}