{
    "CalibParam": {
        "EXTRI": {
            "Q_LtoI": [
                0.024742903133809777,
                0.15486402123476609,
                0.15406493622657473,
                0.9755351962369222
            ],
            "EULER_LtoI": [
                0.033559658196919809,
                18.045649435321434,
                17.943713478849966
            ],
            "POS_LinI": [
                0.001248728666473887,
                -0.0003603257523088358,
                -0.00023747976715364705
            ],
            "Q_CtoI": [
                -0.7438829804397381,
                -0.20208048723896619,
                -0.010755827163760858,
                -0.6369347692435839
            ],
            "EULER_CtoI": [
                101.29499539224958,
                15.86825566967448,
                -17.356417155691596
            ],
            "POS_CinI": [
                0.1921778520198254,
                -0.3163934008352447,
                -0.0696115724758846
            ],
            "GRAVITY_REFINE": [
                0.051761477692563648,
                1.5067488516729593
            ]
        },
        "TEMPORAL": {
            "TIME_OFFSET_LtoI": -0.0021047056260148665,
            "TIME_OFFSET_CtoI": 0.0,
            "TIME_READOUT": 0.0
        },
        "INTRI": {
            "IMU": {
                "ACCE": {
                    "BIAS": [
                        0.017977186918328705,
                        0.010031067714013203,
                        0.01969029063313446
                    ],
                    "MAP_COEFF": [
                        1.0,
                        1.0,
                        1.0,
                        0.0,
                        0.0,
                        0.0
                    ]
                },
                "GYRO": {
                    "BIAS": [
                        -0.0009735662342985651,
                        0.003112199813158496,
                        0.0002905155733380004
                    ],
                    "MAP_COEFF": [
                        1.0,
                        1.0,
                        1.0,
                        0.0,
                        0.0,
                        0.0
                    ]
                },
                "Q_AtoG": [
                    0.0,
                    0.0,
                    0.0,
                    1.0
                ],
                "EULER_AtoG": [
                    -0.0,
                    0.0,
                    -0.0
                ]
            },
            "CAMERA": {
                "K": [
                    [
                        328.71426371280219,
                        0.0,
                        196.02236729975403
                    ],
                    [
                        0.0,
                        369.0025369123401,
                        184.34315177225236
                    ],
                    [
                        0.0,
                        0.0,
                        1.0
                    ]
                ],
                "DISTO_PARAMS": [
                    0.0,
                    0.0,
                    0.0,
                    0.0,
                    0.0
                ]
            }
        }
    }
}