{
    "CalibParam": {
        "EXTRI": {
            "Q_LtoI": [
                0.02477456328039683,
                0.15501066655852695,
                0.15409880345139508,
                0.9755057524393156
            ],
            "EULER_LtoI": [
                0.0338418209465801,
                18.063030514602678,
                17.948077857630115
            ],
            "POS_LinI": [
                0.0015769157276090578,
                -0.0005321324921537277,
                0.00016118933407883508
            ],
            "Q_CtoI": [
                -0.7080893225262658,
                -0.21275941214604777,
                -0.0018414336398195814,
                -0.6733049479914078
            ],
            "EULER_CtoI": [
                95.59389324374841,
                16.804784002564089,
                -18.18921880991885
            ],
            "POS_CinI": [
                0.08428808660438161,
                -0.048259043354517087,
                -0.15674581062456548
            ],
            "GRAVITY_REFINE": [
                0.05211729450534994,
                1.5072974318191248
            ]
        },
        "TEMPORAL": {
            "TIME_OFFSET_LtoI": -0.003996438930173825,
            "TIME_OFFSET_CtoI": 0.0,
            "TIME_READOUT": 0.0
        },
        "INTRI": {
            "IMU": {
                "ACCE": {
                    "BIAS": [
                        0.016733884937275149,
                        0.010121134857936768,
                        0.018543330068599679
                    ],
                    "MAP_COEFF": [
                        1.0,
                        1.0,
                        1.0,
                        0.0,
                        0.0,
                        0.0
                    ]
                },
                "GYRO": {
                    "BIAS": [
                        -0.0004263579620505414,
                        0.0012004458892374199,
                        0.000026748804303597285
                    ],
                    "MAP_COEFF": [
                        1.0,
                        1.0,
                        1.0,
                        0.0,
                        0.0,
                        0.0
                    ]
                },
                "Q_AtoG": [
                    0.0,
                    0.0,
                    0.0,
                    1.0
                ],
                "EULER_AtoG": [
                    -0.0,
                    0.0,
                    -0.0
                ]
            },
            "CAMERA": {
                "K": [
                    [
                        437.60900828428955,
                        0.0,
                        201.74586435029986
                    ],
                    [
                        0.0,
                        444.7473049814239,
                        198.2011221561546
                    ],
                    [
                        0.0,
                        0.0,
                        1.0
                    ]
                ],
                "DISTO_PARAMS": [
                    0.0,
                    0.0,
                    0.0,
                    0.0,
                    0.0
                ]
            }
        }
    }
}