{
    "CalibParam": {
        "EXTRI": {
            "Q_LtoI": [
                0.024353345623028757,
                0.15477114313288377,
                0.1544829917184452,
                0.9754936253405374
            ],
            "EULER_LtoI": [
                179.98156521963603,
                161.9720511521397,
                -161.99936983975926
            ],
            "POS_LinI": [
                0.06273163329432724,
                -0.0076244503156833579,
                0.06692294996033158
            ],
            "Q_CtoI": [
                -0.7068262624123507,
                -0.2187666877399998,
                0.0009319471395611769,
                -0.6727086312616967
            ],
            "EULER_CtoI": [
                95.69783597250565,
                17.03854790423961,
                -18.951564842485046
            ],
            "POS_CinI": [
                0.10078011111818976,
                -0.008251335381816305,
                -0.07919139057777153
            ],
            "GRAVITY_REFINE": [
                0.05278148838769845,
                1.5081228711734043
            ]
        },
        "TEMPORAL": {
            "TIME_OFFSET_LtoI": -0.007522411464380279,
            "TIME_OFFSET_CtoI": 0.0,
            "TIME_READOUT": 0.0
        },
        "INTRI": {
            "IMU": {
                "ACCE": {
                    "BIAS": [
                        0.0072935877751471,
                        0.005289274755705833,
                        0.004553004201318597
                    ],
                    "MAP_COEFF": [
                        1.0,
                        1.0,
                        1.0,
                        0.0,
                        0.0,
                        0.0
                    ]
                },
                "GYRO": {
                    "BIAS": [
                        -0.0002875850890316763,
                        0.00008770223320151187,
                        -0.00011005218031223258
                    ],
                    "MAP_COEFF": [
                        1.0,
                        1.0,
                        1.0,
                        0.0,
                        0.0,
                        0.0
                    ]
                },
                "Q_AtoG": [
                    0.0,
                    0.0,
                    0.0,
                    1.0
                ],
                "EULER_AtoG": [
                    -0.0,
                    0.0,
                    -0.0
                ]
            },
            "CAMERA": {
                "K": [
                    [
                        449.5185199959284,
                        0.0,
                        200.04629723344798
                    ],
                    [
                        0.0,
                        449.93510721577607,
                        199.97584999318608
                    ],
                    [
                        0.0,
                        0.0,
                        1.0
                    ]
                ],
                "DISTO_PARAMS": [
                    0.0,
                    0.0,
                    0.0,
                    0.0,
                    0.0
                ]
            }
        }
    }
}