{
    "CalibParam": {
        "EXTRI": {
            "Q_LtoI": [
                0.02445854504888973,
                0.15457708059631643,
                0.15461990791535605,
                0.9755000716579462
            ],
            "EULER_LtoI": [
                179.99501377916904,
                161.99238085391137,
                -161.98593148019044
            ],
            "POS_LinI": [
                0.11185944530058904,
                0.0012376884606126004,
                0.09213048163701385
            ],
            "Q_CtoI": [
                -0.707043094739998,
                -0.2187557924276138,
                -0.00006610881684248345,
                -0.6724849151389772
            ],
            "EULER_CtoI": [
                95.73659005409904,
                17.116371879353904,
                -18.87971431525681
            ],
            "POS_CinI": [
                0.15049297728285575,
                0.0022136481345470806,
                -0.054560371164144829
            ],
            "GRAVITY_REFINE": [
                0.05262314686621876,
                1.5080444530358886
            ]
        },
        "TEMPORAL": {
            "TIME_OFFSET_LtoI": -0.008298492749133588,
            "TIME_OFFSET_CtoI": -0.0005967782274245351,
            "TIME_READOUT": 0.0
        },
        "INTRI": {
            "IMU": {
                "ACCE": {
                    "BIAS": [
                        0.0008269775272062176,
                        0.00009647084197067873,
                        0.001281778471722707
                    ],
                    "MAP_COEFF": [
                        1.000023514316497,
                        1.0000121968304532,
                        0.999854315449988,
                        0.00007879667643528072,
                        -0.00018379638943594848,
                        -0.00004773018114834161
                    ]
                },
                "GYRO": {
                    "BIAS": [
                        -0.00017064585903224795,
                        0.00004637577340845568,
                        -0.00009422037894294812
                    ],
                    "MAP_COEFF": [
                        0.9991848175331268,
                        1.0001365673761145,
                        1.000358501478701,
                        -0.00030492836712043387,
                        -0.001399897500683046,
                        -0.00011971471556420344
                    ]
                },
                "Q_AtoG": [
                    -0.00016674605438954265,
                    0.0003462088460890817,
                    -0.00006558181434797249,
                    0.999999924017104
                ],
                "EULER_AtoG": [
                    179.98089490798552,
                    179.96032613530503,
                    179.99249149165099
                ]
            },
            "CAMERA": {
                "K": [
                    [
                        450.9747860929479,
                        0.0,
                        200.55707165368447
                    ],
                    [
                        0.0,
                        450.7898706238288,
                        199.71976501145134
                    ],
                    [
                        0.0,
                        0.0,
                        1.0
                    ]
                ],
                "DISTO_PARAMS": [
                    -0.035132266885695168,
                    0.18519445060539267,
                    -0.3012723234108991,
                    -0.0005758295925505334,
                    0.0003857842293947904
                ]
            }
        }
    }
}