{
    "CalibParam": {
        "EXTRI": {
            "Q_LtoI": [
                0.024443227992152509,
                0.1545360173995929,
                0.15460921533899314,
                0.9755086562731555
            ],
            "EULER_LtoI": [
                179.99420297349219,
                161.99736443563573,
                -161.98718444653154
            ],
            "POS_LinI": [
                0.11494328800855111,
                0.0020306854087110204,
                0.0918786305382211
            ],
            "Q_CtoI": [
                -0.7069390977683001,
                -0.218550993076266,
                0.00014864953078982945,
                -0.6726608011287983
            ],
            "EULER_CtoI": [
                95.70715213649013,
                17.086265401333948,
                -18.87362244627326
            ],
            "POS_CinI": [
                0.1540326512161652,
                0.002079275478862147,
                -0.054574341603332719
            ],
            "GRAVITY_REFINE": [
                0.05265777061804079,
                1.5080365464532728
            ]
        },
        "TEMPORAL": {
            "TIME_OFFSET_LtoI": -0.008021208624801432,
            "TIME_OFFSET_CtoI": -0.0003032094078899476,
            "TIME_READOUT": 0.0
        },
        "INTRI": {
            "IMU": {
                "ACCE": {
                    "BIAS": [
                        0.000012916746323703193,
                        -0.00010880517277738245,
                        0.0004830525105394257
                    ],
                    "MAP_COEFF": [
                        1.0000149668670678,
                        0.9999967101345072,
                        0.9999484534691779,
                        0.000006839016326638283,
                        -0.00007596626240706739,
                        -0.000057026232160643359
                    ]
                },
                "GYRO": {
                    "BIAS": [
                        -0.00014701496966424042,
                        0.000047848264411361386,
                        -0.0001129211535350485
                    ],
                    "MAP_COEFF": [
                        0.9992537502645482,
                        1.0001297053973884,
                        1.0003067973372773,
                        -0.00047032178311197744,
                        -0.0012382571798076237,
                        -0.00022577978753309002
                    ]
                },
                "Q_AtoG": [
                    -0.00018478993428697104,
                    0.0004057339715139641,
                    -0.00007061303518008973,
                    0.9999998981232068
                ],
                "EULER_AtoG": [
                    179.97882791110247,
                    179.95350481603104,
                    179.99191693191288
                ]
            },
            "CAMERA": {
                "K": [
                    [
                        450.7813738600397,
                        0.0,
                        200.3421654540911
                    ],
                    [
                        0.0,
                        450.6000161556973,
                        199.84131172381547
                    ],
                    [
                        0.0,
                        0.0,
                        1.0
                    ]
                ],
                "DISTO_PARAMS": [
                    -0.03169221423329051,
                    0.1624905915386518,
                    -0.25509558410118129,
                    -0.000292909403457132,
                    0.00008059984396665712
                ]
            }
        }
    }
}