{
    "CalibParam": {
        "EXTRI": {
            "Q_LtoI": [
                0.023067274148199727,
                0.15357885351984355,
                0.15522682769492683,
                0.9755952380873288
            ],
            "EULER_LtoI": [
                179.83923904679214,
                162.132131439791,
                -161.8936436441214
            ],
            "POS_LinI": [
                0.0,
                0.0,
                0.0
            ],
            "Q_CtoI": [
                -0.7069105430718706,
                -0.2191001888278827,
                0.0009754880336453592,
                -0.6725114421127089
            ],
            "EULER_CtoI": [
                95.73033127078236,
                17.056560967356224,
                -18.989368368288333
            ],
            "POS_CinI": [
                0.0,
                0.0,
                0.0
            ],
            "GRAVITY_REFINE": [
                0.0,
                0.0
            ]
        },
        "TEMPORAL": {
            "TIME_OFFSET_LtoI": 0.0,
            "TIME_OFFSET_CtoI": 0.0,
            "TIME_READOUT": 0.0
        },
        "INTRI": {
            "IMU": {
                "ACCE": {
                    "BIAS": [
                        0.0,
                        0.0,
                        0.0
                    ],
                    "MAP_COEFF": [
                        1.0,
                        1.0,
                        1.0,
                        0.0,
                        0.0,
                        0.0
                    ]
                },
                "GYRO": {
                    "BIAS": [
                        0.0,
                        0.0,
                        0.0
                    ],
                    "MAP_COEFF": [
                        1.0,
                        1.0,
                        1.0,
                        0.0,
                        0.0,
                        0.0
                    ]
                },
                "Q_AtoG": [
                    0.0,
                    0.0,
                    0.0,
                    1.0
                ],
                "EULER_AtoG": [
                    -0.0,
                    0.0,
                    -0.0
                ]
            },
            "CAMERA": {
                "K": [
                    [
                        450.0,
                        0.0,
                        200.0
                    ],
                    [
                        0.0,
                        450.0,
                        200.0
                    ],
                    [
                        0.0,
                        0.0,
                        1.0
                    ]
                ],
                "DISTO_PARAMS": [
                    0.0,
                    0.0,
                    0.0,
                    0.0,
                    0.0
                ]
            }
        }
    }
}