{
    "CalibParam": {
        "EXTRI": {
            "Q_LtoI": [
                0.02444529289955802,
                0.15454023544070426,
                0.15463344613409783,
                0.9755040956457741
            ],
            "EULER_LtoI": [
                179.99390246042186,
                161.99684373304326,
                -161.98427737560028
            ],
            "POS_LinI": [
                0.11488447640510127,
                0.0019624002605428487,
                0.09173775934847066
            ],
            "Q_CtoI": [
                -0.7069605793096513,
                -0.21854676087068174,
                0.00011317092955713107,
                -0.6726396061840516
            ],
            "EULER_CtoI": [
                95.71065343882138,
                17.088375332483684,
                -18.871036022176054
            ],
            "POS_CinI": [
                0.15385083989134824,
                0.0024196741907329909,
                -0.05456021966899854
            ],
            "GRAVITY_REFINE": [
                0.0526507641520434,
                1.508016432987561
            ]
        },
        "TEMPORAL": {
            "TIME_OFFSET_LtoI": -0.008118070433136766,
            "TIME_OFFSET_CtoI": -0.0004057322384029505,
            "TIME_READOUT": 0.0
        },
        "INTRI": {
            "IMU": {
                "ACCE": {
                    "BIAS": [
                        0.0002363871313365393,
                        -0.0001421934097259922,
                        0.0008823768299351811
                    ],
                    "MAP_COEFF": [
                        1.000023149012801,
                        1.00000109378323,
                        0.9998977229217095,
                        0.00003906704785827378,
                        -0.00012510601909732208,
                        -0.00005441654106271064
                    ]
                },
                "GYRO": {
                    "BIAS": [
                        -0.00016030495184521905,
                        0.00004837588382868041,
                        -0.00011379469630053766
                    ],
                    "MAP_COEFF": [
                        0.9991359551427809,
                        1.0001174544756116,
                        1.0002826499994167,
                        -0.00045952603539164646,
                        -0.0012513017616239406,
                        -0.00022416108427066983
                    ]
                },
                "Q_AtoG": [
                    -0.00020742414655103552,
                    0.0003958788171538912,
                    -0.00009035419609147099,
                    0.9999998960456471
                ],
                "EULER_AtoG": [
                    179.97623503686817,
                    179.9546334814984,
                    179.9896555792487
                ]
            },
            "CAMERA": {
                "K": [
                    [
                        450.9149736514393,
                        0.0,
                        200.34106400082238
                    ],
                    [
                        0.0,
                        450.7197474969072,
                        199.8356918128917
                    ],
                    [
                        0.0,
                        0.0,
                        1.0
                    ]
                ],
                "DISTO_PARAMS": [
                    -0.03710911325526937,
                    0.19743722028958345,
                    -0.3203543312641439,
                    -0.0003041433122911751,
                    0.00013844749891702468
                ]
            }
        }
    }
}