{
    "CalibParam": {
        "EXTRI": {
            "Q_LtoI": [
                0.02446273855682409,
                0.15456797066229206,
                0.15462176924806496,
                0.9755011149876968
            ],
            "EULER_LtoI": [
                179.99564484950114,
                161.99334860319554,
                -161.9858371715278
            ],
            "POS_LinI": [
                0.11185054995161148,
                0.001234516416255154,
                0.09214224236536549
            ],
            "Q_CtoI": [
                -0.7070492285015751,
                -0.21874548232115688,
                -0.00007054041551474135,
                -0.6724818194296866
            ],
            "EULER_CtoI": [
                95.73707511467491,
                17.115835102232546,
                -18.878526450252744
            ],
            "POS_CinI": [
                0.15051563581633405,
                0.002223564445752451,
                -0.05454997813834036
            ],
            "GRAVITY_REFINE": [
                0.052615490622113,
                1.5080420861944777
            ]
        },
        "TEMPORAL": {
            "TIME_OFFSET_LtoI": -0.008277502908008035,
            "TIME_OFFSET_CtoI": -0.0005859632751023394,
            "TIME_READOUT": 0.0
        },
        "INTRI": {
            "IMU": {
                "ACCE": {
                    "BIAS": [
                        0.0008097592848679946,
                        0.00011555313665386644,
                        0.0012429500794547237
                    ],
                    "MAP_COEFF": [
                        1.000025553414399,
                        1.0000113737794754,
                        0.9998568114844866,
                        0.00007176708396151556,
                        -0.00017519320812908103,
                        -0.00004741566796680275
                    ]
                },
                "GYRO": {
                    "BIAS": [
                        -0.00017040417059080378,
                        0.00005079004865035721,
                        -0.0000972960602674428
                    ],
                    "MAP_COEFF": [
                        0.9991797521627097,
                        1.000139067079095,
                        1.0003301712603219,
                        -0.0002823441398706167,
                        -0.0013909219014761675,
                        -0.00012001965306435741
                    ]
                },
                "Q_AtoG": [
                    -0.000173520556578121,
                    0.00034680753548750745,
                    -0.00005026840914656034,
                    0.9999999235441156
                ],
                "EULER_AtoG": [
                    179.9801180029647,
                    179.96025778414148,
                    179.99424655959076
                ]
            },
            "CAMERA": {
                "K": [
                    [
                        450.99751144357216,
                        0.0,
                        200.5586090255011
                    ],
                    [
                        0.0,
                        450.8105060998915,
                        199.71929541627436
                    ],
                    [
                        0.0,
                        0.0,
                        1.0
                    ]
                ],
                "DISTO_PARAMS": [
                    -0.03604830266582296,
                    0.1898981584548279,
                    -0.3082281875058615,
                    -0.0005667458702329965,
                    0.0003927934156024458
                ]
            }
        }
    }
}