{
    "CalibParam": {
        "EXTRI": {
            "Q_LtoI": [
                0.024451323637889406,
                0.15458374774746989,
                0.15461793548496934,
                0.9754995088317922
            ],
            "EULER_LtoI": [
                179.9940758071581,
                161.99174801877173,
                -161.98599862223723
            ],
            "POS_LinI": [
                0.11190960670930654,
                0.0012503984789729627,
                0.09202678382812253
            ],
            "Q_CtoI": [
                -0.7070311921539788,
                -0.21877201972825736,
                -0.00008185198612733018,
                -0.6724921486572129
            ],
            "EULER_CtoI": [
                95.73550501036938,
                17.119204616942896,
                -18.879794939391279
            ],
            "POS_CinI": [
                0.15035545913308349,
                0.002172395965248643,
                -0.0546141442000485
            ],
            "GRAVITY_REFINE": [
                0.05263787116745313,
                1.50804052470467
            ]
        },
        "TEMPORAL": {
            "TIME_OFFSET_LtoI": -0.008320215944872816,
            "TIME_OFFSET_CtoI": -0.000666111960468304,
            "TIME_READOUT": 0.0
        },
        "INTRI": {
            "IMU": {
                "ACCE": {
                    "BIAS": [
                        0.0008836054068258965,
                        0.00004607269894243129,
                        0.0013787144773795709
                    ],
                    "MAP_COEFF": [
                        1.0000202655425839,
                        1.0000121044116668,
                        0.9998574808744323,
                        0.00010468476227898332,
                        -0.00019084374581372716,
                        -0.00003865741341242553
                    ]
                },
                "GYRO": {
                    "BIAS": [
                        -0.00017454416121590578,
                        0.00003957407866109777,
                        -0.00009287593225810166
                    ],
                    "MAP_COEFF": [
                        0.9991814757704681,
                        1.000114053630288,
                        1.0004112476544405,
                        -0.0003439000915860359,
                        -0.0013934081185046975,
                        -0.00014297823678785415
                    ]
                },
                "Q_AtoG": [
                    -0.00015983013578711418,
                    0.00035699949798454205,
                    -0.00009656413202486827,
                    0.9999999188405241
                ],
                "EULER_AtoG": [
                    179.98168876242219,
                    179.95908910220838,
                    179.98894110208719
                ]
            },
            "CAMERA": {
                "K": [
                    [
                        450.9447913647741,
                        0.0,
                        200.54064048390996
                    ],
                    [
                        0.0,
                        450.76256147290396,
                        199.72261890513358
                    ],
                    [
                        0.0,
                        0.0,
                        1.0
                    ]
                ],
                "DISTO_PARAMS": [
                    -0.03424902531588408,
                    0.18164302841790437,
                    -0.2967110707481218,
                    -0.0005899458021130965,
                    0.00039252572348864975
                ]
            }
        }
    }
}