{
    "CalibParam": {
        "EXTRI": {
            "Q_LtoI": [
                0.023536674768854874,
                0.15562494442655554,
                0.15502953461263142,
                0.9752911078292714
            ],
            "EULER_LtoI": [
                179.85877598105183,
                161.88911462343075,
                -161.91347164770836
            ],
            "POS_LinI": [
                -0.007197863638342437,
                0.0048324080837978959,
                0.008361659822972788
            ],
            "Q_CtoI": [
                -0.7446400121984699,
                -0.25639214776255789,
                -0.024385542968021397,
                -0.6157756605233112
            ],
            "EULER_CtoI": [
                104.88622372710579,
                20.614405852084059,
                -22.07837316293649
            ],
            "POS_CinI": [
                0.219397985113148,
                -0.261188002313238,
                -0.018719568328193604
            ],
            "GRAVITY_REFINE": [
                0.049324333104900249,
                1.511729414261777
            ]
        },
        "TEMPORAL": {
            "TIME_OFFSET_LtoI": -0.009158592205474947,
            "TIME_OFFSET_CtoI": 0.0,
            "TIME_READOUT": 0.0
        },
        "INTRI": {
            "IMU": {
                "ACCE": {
                    "BIAS": [
                        0.004998348714803199,
                        0.01803906483466921,
                        0.0016187268395821374
                    ],
                    "MAP_COEFF": [
                        1.0,
                        1.0,
                        1.0,
                        0.0,
                        0.0,
                        0.0
                    ]
                },
                "GYRO": {
                    "BIAS": [
                        -0.007475823513172153,
                        0.004904899820745399,
                        -0.0035284012998136788
                    ],
                    "MAP_COEFF": [
                        1.0,
                        1.0,
                        1.0,
                        0.0,
                        0.0,
                        0.0
                    ]
                },
                "Q_AtoG": [
                    0.0,
                    0.0,
                    0.0,
                    1.0
                ],
                "EULER_AtoG": [
                    -0.0,
                    0.0,
                    -0.0
                ]
            },
            "CAMERA": {
                "K": [
                    [
                        310.3130138180915,
                        0.0,
                        202.15786028027916
                    ],
                    [
                        0.0,
                        405.32340569023429,
                        188.82298708634907
                    ],
                    [
                        0.0,
                        0.0,
                        1.0
                    ]
                ],
                "DISTO_PARAMS": [
                    0.0,
                    0.0,
                    0.0,
                    0.0,
                    0.0
                ]
            }
        }
    }
}