{
    "CalibParam": {
        "EXTRI": {
            "Q_LtoI": [
                0.024355105384414205,
                0.15462585101110699,
                0.15461966762781097,
                0.9754949684255017
            ],
            "EULER_LtoI": [
                179.98193578421536,
                161.98867119705788,
                -161.98379348282357
            ],
            "POS_LinI": [
                0.09358139693312337,
                -0.0027133608255394917,
                0.09094486550016894
            ],
            "Q_CtoI": [
                -0.7069482998664955,
                -0.218627068165366,
                0.0006284388679241709,
                -0.6726261305107595
            ],
            "EULER_CtoI": [
                95.71163841353095,
                17.050832040503566,
                -18.91785492208502
            ],
            "POS_CinI": [
                0.13160921963792569,
                -0.0021841942199119625,
                -0.05449836828972056
            ],
            "GRAVITY_REFINE": [
                0.052667765807549279,
                1.5081541819056573
            ]
        },
        "TEMPORAL": {
            "TIME_OFFSET_LtoI": -0.007737678242319926,
            "TIME_OFFSET_CtoI": 0.0,
            "TIME_READOUT": 0.0
        },
        "INTRI": {
            "IMU": {
                "ACCE": {
                    "BIAS": [
                        0.002525396968871531,
                        0.001722605878144076,
                        0.00023370610191533053
                    ],
                    "MAP_COEFF": [
                        1.0,
                        1.0,
                        1.0,
                        0.0,
                        0.0,
                        0.0
                    ]
                },
                "GYRO": {
                    "BIAS": [
                        -0.00022866213572270697,
                        0.00009443867725906225,
                        -0.00007236867256848919
                    ],
                    "MAP_COEFF": [
                        1.0,
                        1.0,
                        1.0,
                        0.0,
                        0.0,
                        0.0
                    ]
                },
                "Q_AtoG": [
                    0.0,
                    0.0,
                    0.0,
                    1.0
                ],
                "EULER_AtoG": [
                    -0.0,
                    0.0,
                    -0.0
                ]
            },
            "CAMERA": {
                "K": [
                    [
                        449.7084364732613,
                        0.0,
                        200.06966068623326
                    ],
                    [
                        0.0,
                        449.86280968171089,
                        199.92123738661958
                    ],
                    [
                        0.0,
                        0.0,
                        1.0
                    ]
                ],
                "DISTO_PARAMS": [
                    0.0,
                    0.0,
                    0.0,
                    0.0,
                    0.0
                ]
            }
        }
    }
}