{
    "CalibParam": {
        "EXTRI": {
            "Q_LtoI": [
                0.024438406769731595,
                0.15454494729036037,
                0.15462276189421066,
                0.9755052152837437
            ],
            "EULER_LtoI": [
                179.99320751344806,
                161.9964288185404,
                -161.9854119042632
            ],
            "POS_LinI": [
                0.11492599832335361,
                0.0020209606714978744,
                0.09184634929296883
            ],
            "Q_CtoI": [
                -0.706940323812629,
                -0.2185587693237099,
                0.00013879245076400788,
                -0.6726569881121109
            ],
            "EULER_CtoI": [
                95.70781236924249,
                17.087627945146879,
                -18.873655949280218
            ],
            "POS_CinI": [
                0.15398206058156223,
                0.0021849372924841929,
                -0.054555525289569677
            ],
            "GRAVITY_REFINE": [
                0.052647374232657109,
                1.5080257376394493
            ]
        },
        "TEMPORAL": {
            "TIME_OFFSET_LtoI": -0.008043395488692172,
            "TIME_OFFSET_CtoI": -0.0003386256758012919,
            "TIME_READOUT": 0.0
        },
        "INTRI": {
            "IMU": {
                "ACCE": {
                    "BIAS": [
                        0.00011199358468716058,
                        -0.0001243031971577901,
                        0.0006405658000956552
                    ],
                    "MAP_COEFF": [
                        1.0000173500648587,
                        1.0000026117598587,
                        0.9999269132245722,
                        0.00002820702720554076,
                        -0.00010254860681185866,
                        -0.000060556054056992278
                    ]
                },
                "GYRO": {
                    "BIAS": [
                        -0.00015701557310518233,
                        0.00004814919722295424,
                        -0.00011335553913236961
                    ],
                    "MAP_COEFF": [
                        0.9991594128922827,
                        1.000141356430004,
                        1.00028570553658,
                        -0.00048165118632429935,
                        -0.001242509738016005,
                        -0.00021258852047437236
                    ]
                },
                "Q_AtoG": [
                    -0.0001929533022989482,
                    0.00039152376235936017,
                    -0.00007888444021028775,
                    0.9999999016277011
                ],
                "EULER_AtoG": [
                    179.97789271429418,
                    179.95513293730384,
                    179.99096916400769
                ]
            },
            "CAMERA": {
                "K": [
                    [
                        450.93321355657977,
                        0.0,
                        200.34395022197729
                    ],
                    [
                        0.0,
                        450.74858326651346,
                        199.8393790883691
                    ],
                    [
                        0.0,
                        0.0,
                        1.0
                    ]
                ],
                "DISTO_PARAMS": [
                    -0.03886160830010826,
                    0.20678858079459259,
                    -0.33478455179221108,
                    -0.00029267293989185456,
                    0.00009533236136976179
                ]
            }
        }
    }
}