{
    "CalibParam": {
        "EXTRI": {
            "Q_LtoI": [
                0.024451853157346008,
                0.1545387679895505,
                0.15464853721513287,
                0.9755017713990392
            ],
            "EULER_LtoI": [
                179.99441304029873,
                161.9968928030169,
                -161.98258675928845
            ],
            "POS_LinI": [
                0.11187848394505785,
                0.0011443394593863928,
                0.09193321115969773
            ],
            "Q_CtoI": [
                -0.7069893305870549,
                -0.21854279026678084,
                0.00007988143975514734,
                -0.672610681507091
            ],
            "EULER_CtoI": [
                95.71539593636102,
                17.09011845524522,
                -18.86882241610759
            ],
            "POS_CinI": [
                0.15063194328295785,
                0.0018492957057011566,
                -0.054407358342375807
            ],
            "GRAVITY_REFINE": [
                0.05267290510359003,
                1.5080246930387956
            ]
        },
        "TEMPORAL": {
            "TIME_OFFSET_LtoI": -0.008282986512808814,
            "TIME_OFFSET_CtoI": -0.0006443993985026063,
            "TIME_READOUT": 0.0
        },
        "INTRI": {
            "IMU": {
                "ACCE": {
                    "BIAS": [
                        0.0008005440806744702,
                        0.00010925259005306675,
                        0.0011809082253353436
                    ],
                    "MAP_COEFF": [
                        1.000030616353775,
                        1.0000092448380427,
                        0.9998596915568936,
                        0.00007914807378189698,
                        -0.00017063883914321043,
                        -0.000049193645110045737
                    ]
                },
                "GYRO": {
                    "BIAS": [
                        -0.0001595484238264988,
                        0.00004906304867182869,
                        -0.00011933257610685818
                    ],
                    "MAP_COEFF": [
                        0.9991834308408232,
                        1.0000965752321137,
                        1.00039609188152,
                        -0.00036492157623383136,
                        -0.0012860061671076385,
                        -0.0001677203369036744
                    ]
                },
                "Q_AtoG": [
                    -0.00020173242735852285,
                    0.00038811964200450026,
                    -0.00011371684937830609,
                    0.9999998978678195
                ],
                "EULER_AtoG": [
                    179.97688821899687,
                    179.95552213643573,
                    179.9869779783344
                ]
            },
            "CAMERA": {
                "K": [
                    [
                        450.9250065021094,
                        0.0,
                        200.29578520284583
                    ],
                    [
                        0.0,
                        450.72263360523177,
                        199.83509263686984
                    ],
                    [
                        0.0,
                        0.0,
                        1.0
                    ]
                ],
                "DISTO_PARAMS": [
                    -0.03566092265340385,
                    0.18664464478268373,
                    -0.3015714749722973,
                    -0.0003719681146376885,
                    0.00022520311664263632
                ]
            }
        }
    }
}