{
    "CalibParam": {
        "EXTRI": {
            "Q_LtoI": [
                0.024746405287947048,
                0.15499097858127953,
                0.15399921406489557,
                0.975525322096324
            ],
            "EULER_LtoI": [
                0.032815016430168267,
                18.06026117165536,
                17.93647379201072
            ],
            "POS_LinI": [
                0.0013827460695195983,
                -0.000434706959057883,
                -0.00009772930489143714
            ],
            "Q_CtoI": [
                -0.7280895264929257,
                -0.19979575943967,
                -0.01000678647551581,
                -0.655642555166812
            ],
            "EULER_CtoI": [
                98.38072345057046,
                16.055053876610896,
                -16.803620535668395
            ],
            "POS_CinI": [
                0.16080208316220075,
                -0.1913071863393892,
                -0.1230834689675652
            ],
            "GRAVITY_REFINE": [
                0.052125812743846099,
                1.506915155476789
            ]
        },
        "TEMPORAL": {
            "TIME_OFFSET_LtoI": -0.0027420896915392775,
            "TIME_OFFSET_CtoI": 0.0,
            "TIME_READOUT": 0.0
        },
        "INTRI": {
            "IMU": {
                "ACCE": {
                    "BIAS": [
                        0.01711854233985114,
                        0.009891914913572983,
                        0.01929587924154896
                    ],
                    "MAP_COEFF": [
                        1.0,
                        1.0,
                        1.0,
                        0.0,
                        0.0,
                        0.0
                    ]
                },
                "GYRO": {
                    "BIAS": [
                        -0.0006062276964588676,
                        0.002027543512085225,
                        0.00012565682967724458
                    ],
                    "MAP_COEFF": [
                        1.0,
                        1.0,
                        1.0,
                        0.0,
                        0.0,
                        0.0
                    ]
                },
                "Q_AtoG": [
                    0.0,
                    0.0,
                    0.0,
                    1.0
                ],
                "EULER_AtoG": [
                    -0.0,
                    0.0,
                    -0.0
                ]
            },
            "CAMERA": {
                "K": [
                    [
                        382.40374716449096,
                        0.0,
                        199.1934294426549
                    ],
                    [
                        0.0,
                        408.8141509499846,
                        189.59909468593609
                    ],
                    [
                        0.0,
                        0.0,
                        1.0
                    ]
                ],
                "DISTO_PARAMS": [
                    0.0,
                    0.0,
                    0.0,
                    0.0,
                    0.0
                ]
            }
        }
    }
}