{
    "CalibParam": {
        "EXTRI": {
            "Q_LtoI": [
                0.02441117834851738,
                0.15452029377552785,
                0.1546055621458402,
                0.9755125285390908
            ],
            "EULER_LtoI": [
                179.99080831792757,
                161.99974826817346,
                -161.98713584610474
            ],
            "POS_LinI": [
                0.11700062661650619,
                0.0023980713449642959,
                0.09020345632391862
            ],
            "Q_CtoI": [
                -0.7069945832260541,
                -0.21837993936159554,
                0.0002229719209250235,
                -0.6726580198414098
            ],
            "EULER_CtoI": [
                95.70698050638316,
                17.066099539012617,
                -18.864054441234577
            ],
            "POS_CinI": [
                0.15638328088437537,
                0.0019541844398342277,
                -0.0561273672921955
            ],
            "GRAVITY_REFINE": [
                0.05273228484539489,
                1.508027558601865
            ]
        },
        "TEMPORAL": {
            "TIME_OFFSET_LtoI": -0.00801811144087992,
            "TIME_OFFSET_CtoI": 0.0,
            "TIME_READOUT": 0.0
        },
        "INTRI": {
            "IMU": {
                "ACCE": {
                    "BIAS": [
                        -0.0001837833967097046,
                        -0.00024059698393007472,
                        0.0005511521763287465
                    ],
                    "MAP_COEFF": [
                        1.0,
                        1.0,
                        1.0,
                        0.0,
                        0.0,
                        0.0
                    ]
                },
                "GYRO": {
                    "BIAS": [
                        -0.00013473565890356317,
                        0.00006534698215924112,
                        -0.000042008061227795679
                    ],
                    "MAP_COEFF": [
                        1.0,
                        1.0,
                        1.0,
                        0.0,
                        0.0,
                        0.0
                    ]
                },
                "Q_AtoG": [
                    0.0,
                    0.0,
                    0.0,
                    1.0
                ],
                "EULER_AtoG": [
                    -0.0,
                    0.0,
                    -0.0
                ]
            },
            "CAMERA": {
                "K": [
                    [
                        449.758712208856,
                        0.0,
                        200.04786164956753
                    ],
                    [
                        0.0,
                        449.8044394684836,
                        199.892438782158
                    ],
                    [
                        0.0,
                        0.0,
                        1.0
                    ]
                ],
                "DISTO_PARAMS": [
                    0.0,
                    0.0,
                    0.0,
                    0.0,
                    0.0
                ]
            }
        }
    }
}