{
    "CalibParam": {
        "EXTRI": {
            "Q_LtoI": [
                0.024409647487023839,
                0.15452278560965639,
                0.15460816050198318,
                0.9755117603305378
            ],
            "EULER_LtoI": [
                179.99053131428699,
                161.9994905597754,
                -161.98678025399975
            ],
            "POS_LinI": [
                0.12094134719926679,
                0.0034554541403210659,
                0.08895786763419599
            ],
            "Q_CtoI": [
                -0.7069912814922399,
                -0.21837700045138137,
                0.00023368760689915496,
                -0.6726624405732198
            ],
            "EULER_CtoI": [
                95.70623189153314,
                17.06507026108136,
                -18.864505136825256
            ],
            "POS_CinI": [
                0.16033186742518777,
                0.003055069578272444,
                -0.05740029484450623
            ],
            "GRAVITY_REFINE": [
                0.05275446052499237,
                1.5080071616845184
            ]
        },
        "TEMPORAL": {
            "TIME_OFFSET_LtoI": -0.00801811144087992,
            "TIME_OFFSET_CtoI": 0.0,
            "TIME_READOUT": 0.0
        },
        "INTRI": {
            "IMU": {
                "ACCE": {
                    "BIAS": [
                        -0.0006507622593295222,
                        -0.0005889173069745465,
                        0.0007089725575379758
                    ],
                    "MAP_COEFF": [
                        1.0,
                        1.0,
                        1.0,
                        0.0,
                        0.0,
                        0.0
                    ]
                },
                "GYRO": {
                    "BIAS": [
                        -0.00012866252254816499,
                        0.0000611681047964385,
                        -0.00003835537344030417
                    ],
                    "MAP_COEFF": [
                        1.0,
                        1.0,
                        1.0,
                        0.0,
                        0.0,
                        0.0
                    ]
                },
                "Q_AtoG": [
                    0.0,
                    0.0,
                    0.0,
                    1.0
                ],
                "EULER_AtoG": [
                    -0.0,
                    0.0,
                    -0.0
                ]
            },
            "CAMERA": {
                "K": [
                    [
                        449.758712208856,
                        0.0,
                        200.04786164956753
                    ],
                    [
                        0.0,
                        449.8044394684836,
                        199.892438782158
                    ],
                    [
                        0.0,
                        0.0,
                        1.0
                    ]
                ],
                "DISTO_PARAMS": [
                    0.0,
                    0.0,
                    0.0,
                    0.0,
                    0.0
                ]
            }
        }
    }
}