{
    "CalibParam": {
        "EXTRI": {
            "Q_LtoI": [
                0.02443809698746169,
                0.15454486254752165,
                0.15461949322213856,
                0.9755057545660755
            ],
            "EULER_LtoI": [
                179.9932351359615,
                161.99644413335867,
                -161.9858006331716
            ],
            "POS_LinI": [
                0.11493538573298003,
                0.0020299831753847728,
                0.09186499685833954
            ],
            "Q_CtoI": [
                -0.7069376858352693,
                -0.2185609083744395,
                0.0001425972213615552,
                -0.6726590647143964
            ],
            "EULER_CtoI": [
                95.70747271998245,
                17.087532438896525,
                -18.874088742177034
            ],
            "POS_CinI": [
                0.15399732363563174,
                0.0021398570088723095,
                -0.05455834247152256
            ],
            "GRAVITY_REFINE": [
                0.052650215910849857,
                1.5080291014405436
            ]
        },
        "TEMPORAL": {
            "TIME_OFFSET_LtoI": -0.00803617687185421,
            "TIME_OFFSET_CtoI": -0.00032901909069326236,
            "TIME_READOUT": 0.0
        },
        "INTRI": {
            "IMU": {
                "ACCE": {
                    "BIAS": [
                        0.00008181237251897423,
                        -0.00012081590998308392,
                        0.000584548071934676
                    ],
                    "MAP_COEFF": [
                        1.000015790142744,
                        1.0000018966121614,
                        0.9999350555708622,
                        0.00002477323592238476,
                        -0.00009544145277129016,
                        -0.00006084948537450283
                    ]
                },
                "GYRO": {
                    "BIAS": [
                        -0.00015483722135425823,
                        0.0000479633877082282,
                        -0.00011298926644975904
                    ],
                    "MAP_COEFF": [
                        0.9991765251082639,
                        1.0001429904884865,
                        1.000293287082971,
                        -0.0004802765592906201,
                        -0.0012365022366094428,
                        -0.00020925895997661015
                    ]
                },
                "Q_AtoG": [
                    -0.00018885127745636135,
                    0.0003916065009015121,
                    -0.00007652023484941134,
                    0.9999999025620939
                ],
                "EULER_AtoG": [
                    179.97836266647983,
                    179.95512354436486,
                    179.991239899788
                ]
            },
            "CAMERA": {
                "K": [
                    [
                        450.9394578756565,
                        0.0,
                        200.34326564386147
                    ],
                    [
                        0.0,
                        450.75607032477157,
                        199.83994486956812
                    ],
                    [
                        0.0,
                        0.0,
                        1.0
                    ]
                ],
                "DISTO_PARAMS": [
                    -0.039216724860151087,
                    0.20854315106555827,
                    -0.33736478301347186,
                    -0.00029405820709222253,
                    0.00008904944662538233
                ]
            }
        }
    }
}