{
    "CalibParam": {
        "EXTRI": {
            "Q_LtoI": [
                0.024438488049642928,
                0.15454393549994367,
                0.154616932585541,
                0.9755062974988297
            ],
            "EULER_LtoI": [
                179.9933476570076,
                161.99654324276785,
                -161.98612174879143
            ],
            "POS_LinI": [
                0.11494007389496362,
                0.0020329491213862424,
                0.09187294659687742
            ],
            "Q_CtoI": [
                -0.7069366800904633,
                -0.21856081727016553,
                0.00014511332878123915,
                -0.6726601507737717
            ],
            "EULER_CtoI": [
                95.70729069651027,
                17.087340325877404,
                -18.874246993384604
            ],
            "POS_CinI": [
                0.1540061158933748,
                0.002117329689719569,
                -0.05456035516445497
            ],
            "GRAVITY_REFINE": [
                0.05265280123557742,
                1.508031338870969
            ]
        },
        "TEMPORAL": {
            "TIME_OFFSET_LtoI": -0.00803263225074644,
            "TIME_OFFSET_CtoI": -0.0003253565457879192,
            "TIME_READOUT": 0.0
        },
        "INTRI": {
            "IMU": {
                "ACCE": {
                    "BIAS": [
                        0.00005959139571865499,
                        -0.00011853948181913096,
                        0.0005501036882000417
                    ],
                    "MAP_COEFF": [
                        1.0000149799280549,
                        1.000000827372779,
                        0.9999399011632036,
                        0.000020731052886159359,
                        -0.00009029525424751797,
                        -0.00006065284142635609
                    ]
                },
                "GYRO": {
                    "BIAS": [
                        -0.0001523332141702006,
                        0.000047349974902609859,
                        -0.0001129588860621961
                    ],
                    "MAP_COEFF": [
                        0.9991956177841711,
                        1.0001419603761015,
                        1.0003000669670288,
                        -0.00047976592939189065,
                        -0.0012328351997467568,
                        -0.00020918872827379602
                    ]
                },
                "Q_AtoG": [
                    -0.00018643032865012175,
                    0.00039387619545169545,
                    -0.0000763496479681228,
                    0.9999999021379985
                ],
                "EULER_AtoG": [
                    179.97864009899093,
                    179.95486348136465,
                    179.9912593874302
                ]
            },
            "CAMERA": {
                "K": [
                    [
                        450.9433114715246,
                        0.0,
                        200.34270620974619
                    ],
                    [
                        0.0,
                        450.76016470419077,
                        199.84040179497803
                    ],
                    [
                        0.0,
                        0.0,
                        1.0
                    ]
                ],
                "DISTO_PARAMS": [
                    -0.03940804881793786,
                    0.2094979324942324,
                    -0.33879417574440909,
                    -0.0002949842441021805,
                    0.00008565365880879285
                ]
            }
        }
    }
}