{
    "CalibParam": {
        "EXTRI": {
            "Q_LtoI": [
                0.02037482993486097,
                0.1571777169000683,
                0.15448845149043378,
                0.9751991334959724
            ],
            "EULER_LtoI": [
                179.46761807155998,
                161.76865968927485,
                -161.9108986770642
            ],
            "POS_LinI": [
                -0.018449266284974634,
                0.011613752904773612,
                0.018745219824301386
            ],
            "Q_CtoI": [
                -0.7423641037100771,
                -0.3818783151032711,
                -0.0675646167336332,
                -0.5463510890830713
            ],
            "EULER_CtoI": [
                117.40845229211989,
                31.17102375302552,
                -35.19565265862017
            ],
            "POS_CinI": [
                -0.6253937569104059,
                0.587028500074527,
                0.3066381683871077
            ],
            "GRAVITY_REFINE": [
                0.04940822185580515,
                1.5167031886353073
            ]
        },
        "TEMPORAL": {
            "TIME_OFFSET_LtoI": -0.014114151930126227,
            "TIME_OFFSET_CtoI": 0.0,
            "TIME_READOUT": 0.0
        },
        "INTRI": {
            "IMU": {
                "ACCE": {
                    "BIAS": [
                        -0.016519585138787819,
                        0.025784092698520723,
                        -0.02226648596668393
                    ],
                    "MAP_COEFF": [
                        1.0,
                        1.0,
                        1.0,
                        0.0,
                        0.0,
                        0.0
                    ]
                },
                "GYRO": {
                    "BIAS": [
                        -0.013126590592065835,
                        0.003824622054035449,
                        -0.00901305400954578
                    ],
                    "MAP_COEFF": [
                        1.0,
                        1.0,
                        1.0,
                        0.0,
                        0.0,
                        0.0
                    ]
                },
                "Q_AtoG": [
                    0.0,
                    0.0,
                    0.0,
                    1.0
                ],
                "EULER_AtoG": [
                    -0.0,
                    0.0,
                    -0.0
                ]
            },
            "CAMERA": {
                "K": [
                    [
                        196.81419782012777,
                        0.0,
                        197.32387661495694
                    ],
                    [
                        0.0,
                        329.23365598860439,
                        180.48213667897907
                    ],
                    [
                        0.0,
                        0.0,
                        1.0
                    ]
                ],
                "DISTO_PARAMS": [
                    0.0,
                    0.0,
                    0.0,
                    0.0,
                    0.0
                ]
            }
        }
    }
}