{
    "CalibParam": {
        "EXTRI": {
            "Q_LtoI": [
                0.02494217555564136,
                0.154748414852963,
                0.1544304781945531,
                0.97549066801464
            ],
            "EULER_LtoI": [
                0.052180811998440369,
                18.036026126309144,
                17.983460065749648
            ],
            "POS_LinI": [
                0.0009617099389038729,
                -0.0001258904769265365,
                0.00005298690531051545
            ],
            "Q_CtoI": [
                -0.7474383219797018,
                -0.21901659246765529,
                -0.013463860598022897,
                -0.6270457810382122
            ],
            "EULER_CtoI": [
                102.89603474881577,
                17.145165416763559,
                -18.96307521240708
            ],
            "POS_CinI": [
                0.1804400225493012,
                -0.3811655383410245,
                -0.02856935465401441
            ],
            "GRAVITY_REFINE": [
                0.050777866943715967,
                1.5070459862903243
            ]
        },
        "TEMPORAL": {
            "TIME_OFFSET_LtoI": -0.0026161157744690485,
            "TIME_OFFSET_CtoI": 0.0,
            "TIME_READOUT": 0.0
        },
        "INTRI": {
            "IMU": {
                "ACCE": {
                    "BIAS": [
                        0.019399736681970725,
                        0.010953476150029153,
                        0.01958411424822536
                    ],
                    "MAP_COEFF": [
                        1.0,
                        1.0,
                        1.0,
                        0.0,
                        0.0,
                        0.0
                    ]
                },
                "GYRO": {
                    "BIAS": [
                        -0.0021122461404029489,
                        0.00479715526219787,
                        0.00043190563551908333
                    ],
                    "MAP_COEFF": [
                        1.0,
                        1.0,
                        1.0,
                        0.0,
                        0.0,
                        0.0
                    ]
                },
                "Q_AtoG": [
                    0.0,
                    0.0,
                    0.0,
                    1.0
                ],
                "EULER_AtoG": [
                    -0.0,
                    0.0,
                    -0.0
                ]
            },
            "CAMERA": {
                "K": [
                    [
                        311.42221182409096,
                        0.0,
                        197.7017701142918
                    ],
                    [
                        0.0,
                        350.96127199832417,
                        183.5365766747174
                    ],
                    [
                        0.0,
                        0.0,
                        1.0
                    ]
                ],
                "DISTO_PARAMS": [
                    0.0,
                    0.0,
                    0.0,
                    0.0,
                    0.0
                ]
            }
        }
    }
}