{
    "CalibParam": {
        "EXTRI": {
            "Q_LtoI": [
                0.024359074231134853,
                0.15494922926726979,
                0.1543589690785835,
                0.9754848438172057
            ],
            "EULER_LtoI": [
                179.9812111756158,
                161.95153650310929,
                -162.01336380305916
            ],
            "POS_LinI": [
                0.03271510148985744,
                -0.006934464415671057,
                0.03617903009132574
            ],
            "Q_CtoI": [
                -0.706693628563652,
                -0.21894041153811009,
                0.001255188362356158,
                -0.6727909304124403
            ],
            "EULER_CtoI": [
                95.68407200544096,
                17.027351078751935,
                -18.98983786315176
            ],
            "POS_CinI": [
                0.07093844271178385,
                -0.009028400818653245,
                -0.11046541780500578
            ],
            "GRAVITY_REFINE": [
                0.05293705446423165,
                1.508050265608701
            ]
        },
        "TEMPORAL": {
            "TIME_OFFSET_LtoI": -0.007334193000602017,
            "TIME_OFFSET_CtoI": 0.0,
            "TIME_READOUT": 0.0
        },
        "INTRI": {
            "IMU": {
                "ACCE": {
                    "BIAS": [
                        0.011937938384658844,
                        0.008440666656240237,
                        0.009911014698092445
                    ],
                    "MAP_COEFF": [
                        1.0,
                        1.0,
                        1.0,
                        0.0,
                        0.0,
                        0.0
                    ]
                },
                "GYRO": {
                    "BIAS": [
                        -0.00034854579753532523,
                        0.00008305756128048285,
                        -0.00013337200763486554
                    ],
                    "MAP_COEFF": [
                        1.0,
                        1.0,
                        1.0,
                        0.0,
                        0.0,
                        0.0
                    ]
                },
                "Q_AtoG": [
                    0.0,
                    0.0,
                    0.0,
                    1.0
                ],
                "EULER_AtoG": [
                    -0.0,
                    0.0,
                    -0.0
                ]
            },
            "CAMERA": {
                "K": [
                    [
                        449.30599735320268,
                        0.0,
                        200.041304185856
                    ],
                    [
                        0.0,
                        449.99248108961668,
                        200.03691528325246
                    ],
                    [
                        0.0,
                        0.0,
                        1.0
                    ]
                ],
                "DISTO_PARAMS": [
                    0.0,
                    0.0,
                    0.0,
                    0.0,
                    0.0
                ]
            }
        }
    }
}