{
    "CalibParam": {
        "EXTRI": {
            "Q_LtoI": [
                0.024452550670243636,
                0.15457896303475328,
                0.154611556468594,
                0.9755012473386071
            ],
            "EULER_LtoI": [
                179.99443313098974,
                161.99227397700674,
                -161.98681782149064
            ],
            "POS_LinI": [
                0.11188651256229101,
                0.001206845282694816,
                0.09162131182192365
            ],
            "Q_CtoI": [
                -0.7070316096418967,
                -0.21875826546323258,
                -0.00010490397220505257,
                -0.6724961808470462
            ],
            "EULER_CtoI": [
                95.73488036749132,
                17.120155572606114,
                -18.87670983748942
            ],
            "POS_CinI": [
                0.15023292422441959,
                0.002167221250388381,
                -0.05501747859854596
            ],
            "GRAVITY_REFINE": [
                0.05264782414913504,
                1.5080465030229962
            ]
        },
        "TEMPORAL": {
            "TIME_OFFSET_LtoI": -0.008312613317776687,
            "TIME_OFFSET_CtoI": -0.0008971353453889263,
            "TIME_READOUT": 0.0
        },
        "INTRI": {
            "IMU": {
                "ACCE": {
                    "BIAS": [
                        0.0009055750639613224,
                        0.00005778632110315861,
                        0.0014639667594337505
                    ],
                    "MAP_COEFF": [
                        1.0000193295612566,
                        1.0000141836862382,
                        0.9998557419486882,
                        0.00010831787742499354,
                        -0.00019593632337883864,
                        -0.00004137723561455797
                    ]
                },
                "GYRO": {
                    "BIAS": [
                        -0.0001792632853356086,
                        0.000028586288905258584,
                        -0.00009016428639909885
                    ],
                    "MAP_COEFF": [
                        0.9991926735139139,
                        1.0000548253193634,
                        1.000422163754015,
                        -0.0004140101661126235,
                        -0.001347184652934915,
                        -0.00021983375067321262
                    ]
                },
                "Q_AtoG": [
                    -0.00016022971046179783,
                    0.0003703278427391669,
                    -0.00014135414705728982,
                    0.9999999086013628
                ],
                "EULER_AtoG": [
                    179.98164502257246,
                    179.95756095974819,
                    179.9838088043166
                ]
            },
            "CAMERA": {
                "K": [
                    [
                        450.8686706113036,
                        0.0,
                        200.50135493883068
                    ],
                    [
                        0.0,
                        450.68877774208996,
                        199.7328448511953
                    ],
                    [
                        0.0,
                        0.0,
                        1.0
                    ]
                ],
                "DISTO_PARAMS": [
                    -0.03146303843313686,
                    0.1666164050209431,
                    -0.2723306256148346,
                    -0.0006216528864405879,
                    0.0004075235777361212
                ]
            }
        }
    }
}