{
    "CalibParam": {
        "EXTRI": {
            "Q_LtoI": [
                0.024339322640189326,
                0.15460135285481736,
                0.1546892735545292,
                0.975488209931852
            ],
            "EULER_LtoI": [
                179.97922091137733,
                161.991766586272,
                -161.97526483902889
            ],
            "POS_LinI": [
                0.12214456987415688,
                0.004103157224284308,
                0.08964260227113666
            ],
            "Q_CtoI": [
                -0.7069944421103123,
                -0.21857725715866109,
                0.0005866332186786361,
                -0.6725938576433713
            ],
            "EULER_CtoI": [
                95.7168335403482,
                17.049509877186457,
                -18.910967040230575
            ],
            "POS_CinI": [
                0.1601569751417669,
                0.005058987391573848,
                -0.05567296087919501
            ],
            "GRAVITY_REFINE": [
                0.05277262176238996,
                1.508098260840408
            ]
        },
        "TEMPORAL": {
            "TIME_OFFSET_LtoI": -0.00801811144087992,
            "TIME_OFFSET_CtoI": 0.0,
            "TIME_READOUT": 0.0
        },
        "INTRI": {
            "IMU": {
                "ACCE": {
                    "BIAS": [
                        -0.0011245708265923329,
                        -0.0010037154983626614,
                        0.00007184199137123348
                    ],
                    "MAP_COEFF": [
                        1.0,
                        1.0,
                        1.0,
                        0.0,
                        0.0,
                        0.0
                    ]
                },
                "GYRO": {
                    "BIAS": [
                        -0.00018457364341343917,
                        0.00007279637504336812,
                        -0.00003971526296569238
                    ],
                    "MAP_COEFF": [
                        1.0,
                        1.0,
                        1.0,
                        0.0,
                        0.0,
                        0.0
                    ]
                },
                "Q_AtoG": [
                    0.0,
                    0.0,
                    0.0,
                    1.0
                ],
                "EULER_AtoG": [
                    -0.0,
                    0.0,
                    -0.0
                ]
            },
            "CAMERA": {
                "K": [
                    [
                        449.758712208856,
                        0.0,
                        200.04786164956753
                    ],
                    [
                        0.0,
                        449.8044394684836,
                        199.892438782158
                    ],
                    [
                        0.0,
                        0.0,
                        1.0
                    ]
                ],
                "DISTO_PARAMS": [
                    0.0,
                    0.0,
                    0.0,
                    0.0,
                    0.0
                ]
            }
        }
    }
}