{
    "CalibParam": {
        "EXTRI": {
            "Q_LtoI": [
                0.024449981004878414,
                0.15458340328771337,
                0.1546151437719971,
                0.9755000395557214
            ],
            "EULER_LtoI": [
                179.99397797402293,
                161.99181186047702,
                -161.98631266722
            ],
            "POS_LinI": [
                0.11193546458100251,
                0.001261106483123214,
                0.09195080299514942
            ],
            "Q_CtoI": [
                -0.7070281922965568,
                -0.21876918849729175,
                -0.00008686874681650246,
                -0.672496222975208
            ],
            "EULER_CtoI": [
                95.73485393866639,
                17.119508465898293,
                -18.8790625437418
            ],
            "POS_CinI": [
                0.15031253933389428,
                0.0021742053580808167,
                -0.05466714584416512
            ],
            "GRAVITY_REFINE": [
                0.052640954529509068,
                1.5080404103398915
            ]
        },
        "TEMPORAL": {
            "TIME_OFFSET_LtoI": -0.00831729192002593,
            "TIME_OFFSET_CtoI": -0.0007486438579532074,
            "TIME_READOUT": 0.0
        },
        "INTRI": {
            "IMU": {
                "ACCE": {
                    "BIAS": [
                        0.0008835500370922083,
                        0.000037449731554218979,
                        0.001396734626331534
                    ],
                    "MAP_COEFF": [
                        1.0000193973876362,
                        1.0000121735306325,
                        0.9998593855365686,
                        0.0001072423791664936,
                        -0.00019023314071184562,
                        -0.00003719760519579431
                    ]
                },
                "GYRO": {
                    "BIAS": [
                        -0.00017708459591348627,
                        0.000035622914688988819,
                        -0.0000928105384591987
                    ],
                    "MAP_COEFF": [
                        0.9991862024908139,
                        1.0000924023010905,
                        1.0004179173186579,
                        -0.00037094725782390784,
                        -0.0013887799472965483,
                        -0.00017121977990251013
                    ]
                },
                "Q_AtoG": [
                    -0.00016143212430234086,
                    0.0003676343579178009,
                    -0.00011381244292812946,
                    0.9999999129156842
                ],
                "EULER_AtoG": [
                    179.9815060321567,
                    179.95787010025794,
                    179.98696485300705
                ]
            },
            "CAMERA": {
                "K": [
                    [
                        450.9109137022417,
                        0.0,
                        200.52335766840336
                    ],
                    [
                        0.0,
                        450.73066304991758,
                        199.72750500694975
                    ],
                    [
                        0.0,
                        0.0,
                        1.0
                    ]
                ],
                "DISTO_PARAMS": [
                    -0.03309399349861854,
                    0.17573326427553488,
                    -0.28769158960381727,
                    -0.0006001685851532944,
                    0.00039580403150310967
                ]
            }
        }
    }
}