{
    "CalibParam": {
        "EXTRI": {
            "Q_LtoI": [
                0.024459210660928367,
                0.15457634340936886,
                0.15462051965085253,
                0.9755000748205679
            ],
            "EULER_LtoI": [
                179.99509436821576,
                161.99245324152606,
                -161.985874211185
            ],
            "POS_LinI": [
                0.11185499775292199,
                0.001237123776918267,
                0.09213560263940035
            ],
            "Q_CtoI": [
                -0.7070444057909432,
                -0.21875245522534907,
                -0.0000646569138936021,
                -0.6724846224205408
            ],
            "EULER_CtoI": [
                95.73662515017489,
                17.11597203917541,
                -18.879533278507837
            ],
            "POS_CinI": [
                0.15050703438566605,
                0.0022188402616046827,
                -0.05455811304400904
            ],
            "GRAVITY_REFINE": [
                0.052619645444447509,
                1.5080438402154093
            ]
        },
        "TEMPORAL": {
            "TIME_OFFSET_LtoI": -0.008293094701388828,
            "TIME_OFFSET_CtoI": -0.0005935436128130865,
            "TIME_READOUT": 0.0
        },
        "INTRI": {
            "IMU": {
                "ACCE": {
                    "BIAS": [
                        0.0008183203228325131,
                        0.00010426508372048816,
                        0.0012655310281260632
                    ],
                    "MAP_COEFF": [
                        1.000024132987278,
                        1.000012151176148,
                        0.99985494178592,
                        0.00007566857204871412,
                        -0.00018191432625316978,
                        -0.00004892935407712326
                    ]
                },
                "GYRO": {
                    "BIAS": [
                        -0.0001709111261866806,
                        0.000047927817151724148,
                        -0.00009469964555447496
                    ],
                    "MAP_COEFF": [
                        0.9991839051201195,
                        1.0001388311054105,
                        1.0003438423704152,
                        -0.0002950580965406709,
                        -0.0014005871032620028,
                        -0.00012041936847078379
                    ]
                },
                "Q_AtoG": [
                    -0.0001692082201478994,
                    0.00034457542881545863,
                    -0.000059131848447018598,
                    0.9999999245698854
                ],
                "EULER_AtoG": [
                    179.9806124975885,
                    179.96051341770588,
                    179.99323066944644
                ]
            },
            "CAMERA": {
                "K": [
                    [
                        450.9759116704675,
                        0.0,
                        200.55752897753536
                    ],
                    [
                        0.0,
                        450.79002882977127,
                        199.71958881003924
                    ],
                    [
                        0.0,
                        0.0,
                        1.0
                    ]
                ],
                "DISTO_PARAMS": [
                    -0.03512591584414767,
                    0.18493868166704983,
                    -0.3006601182993178,
                    -0.0005730342970532545,
                    0.00038641176528461327
                ]
            }
        }
    }
}