{
    "CalibParam": {
        "EXTRI": {
            "Q_LtoI": [
                0.02445234952037332,
                0.15453839504990347,
                0.15464780683485539,
                0.9755019338266341
            ],
            "EULER_LtoI": [
                179.99449241119883,
                161.9969265163067,
                -161.98268597880876
            ],
            "POS_LinI": [
                0.11260224089513106,
                0.0013573743506978683,
                0.09149130017583274
            ],
            "Q_CtoI": [
                -0.706988662314399,
                -0.2185408351337521,
                0.00008361941439654305,
                -0.6726120187342272
            ],
            "EULER_CtoI": [
                95.715165606402,
                17.089679021555594,
                -18.86890116321056
            ],
            "POS_CinI": [
                0.15135661814709748,
                0.0020633835439514034,
                -0.05485972171304883
            ],
            "GRAVITY_REFINE": [
                0.05267727289222907,
                1.5080214913713753
            ]
        },
        "TEMPORAL": {
            "TIME_OFFSET_LtoI": -0.008289639353239495,
            "TIME_OFFSET_CtoI": -0.0006440789339623187,
            "TIME_READOUT": 0.0
        },
        "INTRI": {
            "IMU": {
                "ACCE": {
                    "BIAS": [
                        0.0007069263419217445,
                        0.00004884169061347175,
                        0.0012344749016831984
                    ],
                    "MAP_COEFF": [
                        1.0000292708593493,
                        1.000007886185918,
                        0.9998587679255094,
                        0.00007214485161611188,
                        -0.00016649095809663918,
                        -0.00004830814990111102
                    ]
                },
                "GYRO": {
                    "BIAS": [
                        -0.00015929640579264364,
                        0.0000479466421091422,
                        -0.00011791611829748747
                    ],
                    "MAP_COEFF": [
                        0.9991732651180663,
                        1.0000883863028396,
                        1.0003746682235369,
                        -0.0003797938350653948,
                        -0.001284038957384461,
                        -0.00018407089248709697
                    ]
                },
                "Q_AtoG": [
                    -0.00020570428244674136,
                    0.0003881664646258186,
                    -0.00011508739444022193,
                    0.9999998968837125
                ],
                "EULER_AtoG": [
                    179.97643313939595,
                    179.95551668693759,
                    179.9868211031686
                ]
            },
            "CAMERA": {
                "K": [
                    [
                        450.92382860037147,
                        0.0,
                        200.2948556195891
                    ],
                    [
                        0.0,
                        450.7222763758194,
                        199.83580933160733
                    ],
                    [
                        0.0,
                        0.0,
                        1.0
                    ]
                ],
                "DISTO_PARAMS": [
                    -0.03568212796880201,
                    0.18691516216973598,
                    -0.3022047485505205,
                    -0.0003712396153261606,
                    0.00022449750239341527
                ]
            }
        }
    }
}