{
    "CalibParam": {
        "EXTRI": {
            "Q_LtoI": [
                0.024450806003006848,
                0.15458029302794655,
                0.15461306964702244,
                0.9755008404852978
            ],
            "EULER_LtoI": [
                179.99417389471166,
                161.9921532695669,
                -161.98659595260544
            ],
            "POS_LinI": [
                0.11194377175248202,
                0.0012763219042415228,
                0.09188603148666586
            ],
            "Q_CtoI": [
                -0.707029883012251,
                -0.21876207385111549,
                -0.00009499710665170437,
                -0.6724967587636327
            ],
            "EULER_CtoI": [
                95.73477092399438,
                17.119637935791997,
                -18.87779291193291
            ],
            "POS_CinI": [
                0.15029656634544145,
                0.0022103149649747935,
                -0.05473109134792325
            ],
            "GRAVITY_REFINE": [
                0.05264423940162416,
                1.5080433829532599
            ]
        },
        "TEMPORAL": {
            "TIME_OFFSET_LtoI": -0.008315144888828532,
            "TIME_OFFSET_CtoI": -0.0008385114398517414,
            "TIME_READOUT": 0.0
        },
        "INTRI": {
            "IMU": {
                "ACCE": {
                    "BIAS": [
                        0.0008817633362708487,
                        0.000037219981642011059,
                        0.0014061177522539212
                    ],
                    "MAP_COEFF": [
                        1.0000189901440975,
                        1.000012686143769,
                        0.9998597753674228,
                        0.00010718097549627093,
                        -0.0001904311587026733,
                        -0.000037839054607683858
                    ]
                },
                "GYRO": {
                    "BIAS": [
                        -0.00017866883569756908,
                        0.000031515028024780618,
                        -0.00009185408251235829
                    ],
                    "MAP_COEFF": [
                        0.9991913833941233,
                        1.0000690769889283,
                        1.0004209109736678,
                        -0.0003969331339960776,
                        -0.0013711539042791815,
                        -0.00020123508304731248
                    ]
                },
                "Q_AtoG": [
                    -0.00016221160943560742,
                    0.00037393356013319895,
                    -0.00013058536153881772,
                    0.9999999084042707
                ],
                "EULER_AtoG": [
                    179.98141751049659,
                    179.95714794297067,
                    179.98504296756017
                ]
            },
            "CAMERA": {
                "K": [
                    [
                        450.8835341626604,
                        0.0,
                        200.5081663218781
                    ],
                    [
                        0.0,
                        450.7042111578069,
                        199.7317268986851
                    ],
                    [
                        0.0,
                        0.0,
                        1.0
                    ]
                ],
                "DISTO_PARAMS": [
                    -0.03205797375032699,
                    0.17002735754757035,
                    -0.27836375586868208,
                    -0.0006134577283779622,
                    0.00040100114143460405
                ]
            }
        }
    }
}