{
    "CalibParam": {
        "EXTRI": {
            "Q_LtoI": [
                0.02440914864808189,
                0.1545215997875357,
                0.1546107095027345,
                0.9755115566555004
            ],
            "EULER_LtoI": [
                179.99044672284394,
                161.99963552746415,
                -161.98647107965653
            ],
            "POS_LinI": [
                0.12186526515608699,
                0.003798463227770344,
                0.08913051090420732
            ],
            "Q_CtoI": [
                -0.7069922289008988,
                -0.2183754911147101,
                0.00023554577931353938,
                -0.6726619341633169
            ],
            "EULER_CtoI": [
                95.7063048875594,
                17.064777804992205,
                -18.864523814677697
            ],
            "POS_CinI": [
                0.1612689664812896,
                0.0034285592076762517,
                -0.05722351988618984
            ],
            "GRAVITY_REFINE": [
                0.05275484123300362,
                1.508004849751087
            ]
        },
        "TEMPORAL": {
            "TIME_OFFSET_LtoI": -0.00801811144087992,
            "TIME_OFFSET_CtoI": 0.0,
            "TIME_READOUT": 0.0
        },
        "INTRI": {
            "IMU": {
                "ACCE": {
                    "BIAS": [
                        -0.0007825884712205169,
                        -0.0006973316851330339,
                        0.0006667168122873177
                    ],
                    "MAP_COEFF": [
                        1.0,
                        1.0,
                        1.0,
                        0.0,
                        0.0,
                        0.0
                    ]
                },
                "GYRO": {
                    "BIAS": [
                        -0.0001274302223336502,
                        0.00006105658786044959,
                        -0.000036873314362344167
                    ],
                    "MAP_COEFF": [
                        1.0,
                        1.0,
                        1.0,
                        0.0,
                        0.0,
                        0.0
                    ]
                },
                "Q_AtoG": [
                    0.0,
                    0.0,
                    0.0,
                    1.0
                ],
                "EULER_AtoG": [
                    -0.0,
                    0.0,
                    -0.0
                ]
            },
            "CAMERA": {
                "K": [
                    [
                        449.758712208856,
                        0.0,
                        200.04786164956753
                    ],
                    [
                        0.0,
                        449.8044394684836,
                        199.892438782158
                    ],
                    [
                        0.0,
                        0.0,
                        1.0
                    ]
                ],
                "DISTO_PARAMS": [
                    0.0,
                    0.0,
                    0.0,
                    0.0,
                    0.0
                ]
            }
        }
    }
}