{
    "CalibParam": {
        "EXTRI": {
            "Q_LtoI": [
                0.024355862618748889,
                0.1545487208852112,
                0.15465089383361148,
                0.9755022223784562
            ],
            "EULER_LtoI": [
                179.98290244563317,
                161.99749629630737,
                -161.98050158172465
            ],
            "POS_LinI": [
                0.12265910990425684,
                0.004376373237618763,
                0.09008888639690975
            ],
            "Q_CtoI": [
                -0.7069315800274507,
                -0.2184490553588009,
                0.0004000339138259458,
                -0.6727017105267441
            ],
            "EULER_CtoI": [
                95.69963245150261,
                17.057814196215469,
                -18.882721565867116
            ],
            "POS_CinI": [
                0.16206548332648527,
                0.003959957913468216,
                -0.05698397691091238
            ],
            "GRAVITY_REFINE": [
                0.05263021548232611,
                1.508014262955644
            ]
        },
        "TEMPORAL": {
            "TIME_OFFSET_LtoI": -0.00801811144087992,
            "TIME_OFFSET_CtoI": 0.0,
            "TIME_READOUT": 0.0
        },
        "INTRI": {
            "IMU": {
                "ACCE": {
                    "BIAS": [
                        -0.0011197656509332312,
                        -0.0008886124615169137,
                        0.00022997921965875776
                    ],
                    "MAP_COEFF": [
                        1.0,
                        1.0,
                        1.0,
                        0.0,
                        0.0,
                        0.0
                    ]
                },
                "GYRO": {
                    "BIAS": [
                        -0.0001283478686442813,
                        0.0000620668084659285,
                        -0.00003794202853694257
                    ],
                    "MAP_COEFF": [
                        1.0,
                        1.0,
                        1.0,
                        0.0,
                        0.0,
                        0.0
                    ]
                },
                "Q_AtoG": [
                    0.0,
                    0.0,
                    0.0,
                    1.0
                ],
                "EULER_AtoG": [
                    -0.0,
                    0.0,
                    -0.0
                ]
            },
            "CAMERA": {
                "K": [
                    [
                        449.758712208856,
                        0.0,
                        200.04786164956753
                    ],
                    [
                        0.0,
                        449.8044394684836,
                        199.892438782158
                    ],
                    [
                        0.0,
                        0.0,
                        1.0
                    ]
                ],
                "DISTO_PARAMS": [
                    0.0,
                    0.0,
                    0.0,
                    0.0,
                    0.0
                ]
            }
        }
    }
}