{
    "CalibParam": {
        "EXTRI": {
            "Q_LtoI": [
                0.024466128943545868,
                0.15515646726418917,
                0.15420682868737119,
                0.9754732867622764
            ],
            "EULER_LtoI": [
                179.99275177347873,
                161.925843348321,
                -162.0324215932529
            ],
            "POS_LinI": [
                0.006805649154854444,
                -0.0020574987741485558,
                0.006984743926911033
            ],
            "Q_CtoI": [
                -0.7065773509947879,
                -0.21920340522749827,
                0.0013018369974675075,
                -0.6728273325440114
            ],
            "EULER_CtoI": [
                95.67871369743243,
                17.045580902490639,
                -19.01607396048191
            ],
            "POS_CinI": [
                0.044222585447841408,
                -0.0048991095344732798,
                -0.138156992020228
            ],
            "GRAVITY_REFINE": [
                0.052938256016838988,
                1.507937295879811
            ]
        },
        "TEMPORAL": {
            "TIME_OFFSET_LtoI": -0.006494040048930514,
            "TIME_OFFSET_CtoI": 0.0,
            "TIME_READOUT": 0.0
        },
        "INTRI": {
            "IMU": {
                "ACCE": {
                    "BIAS": [
                        0.015821596944816324,
                        0.010725697546305114,
                        0.015076037746076059
                    ],
                    "MAP_COEFF": [
                        1.0,
                        1.0,
                        1.0,
                        0.0,
                        0.0,
                        0.0
                    ]
                },
                "GYRO": {
                    "BIAS": [
                        -0.00036545192696886406,
                        0.00017811701989966884,
                        -0.00010364840576418833
                    ],
                    "MAP_COEFF": [
                        1.0,
                        1.0,
                        1.0,
                        0.0,
                        0.0,
                        0.0
                    ]
                },
                "Q_AtoG": [
                    0.0,
                    0.0,
                    0.0,
                    1.0
                ],
                "EULER_AtoG": [
                    -0.0,
                    0.0,
                    -0.0
                ]
            },
            "CAMERA": {
                "K": [
                    [
                        449.3734047712903,
                        0.0,
                        200.300296141899
                    ],
                    [
                        0.0,
                        450.02425303890478,
                        199.99007900471063
                    ],
                    [
                        0.0,
                        0.0,
                        1.0
                    ]
                ],
                "DISTO_PARAMS": [
                    0.0,
                    0.0,
                    0.0,
                    0.0,
                    0.0
                ]
            }
        }
    }
}