{
    "CalibParam": {
        "EXTRI": {
            "Q_LtoI": [
                0.024411620510608205,
                0.15451529461133924,
                0.15460758108796997,
                0.9755129893473198
            ],
            "EULER_LtoI": [
                179.99091721171289,
                162.00031310691183,
                -161.9869301580487
            ],
            "POS_LinI": [
                0.1148177618330092,
                0.0020074717048457447,
                0.09169875010145283
            ],
            "Q_CtoI": [
                -0.7069998048025816,
                -0.2183781405409019,
                0.00021067310051017346,
                -0.6726531196388331
            ],
            "EULER_CtoI": [
                95.7077988950111,
                17.066868386868408,
                -18.863070343671173
            ],
            "POS_CinI": [
                0.15421649874065733,
                0.001556509156227198,
                -0.05459983134532103
            ],
            "GRAVITY_REFINE": [
                0.05271310810496365,
                1.5080413080481337
            ]
        },
        "TEMPORAL": {
            "TIME_OFFSET_LtoI": -0.00801811144087992,
            "TIME_OFFSET_CtoI": 0.0,
            "TIME_READOUT": 0.0
        },
        "INTRI": {
            "IMU": {
                "ACCE": {
                    "BIAS": [
                        0.000035473262550745048,
                        -0.00009598122532803477,
                        0.0003277652275230288
                    ],
                    "MAP_COEFF": [
                        1.0,
                        1.0,
                        1.0,
                        0.0,
                        0.0,
                        0.0
                    ]
                },
                "GYRO": {
                    "BIAS": [
                        -0.00013805972557572293,
                        0.00006868048063957787,
                        -0.000043482966173873238
                    ],
                    "MAP_COEFF": [
                        1.0,
                        1.0,
                        1.0,
                        0.0,
                        0.0,
                        0.0
                    ]
                },
                "Q_AtoG": [
                    0.0,
                    0.0,
                    0.0,
                    1.0
                ],
                "EULER_AtoG": [
                    -0.0,
                    0.0,
                    -0.0
                ]
            },
            "CAMERA": {
                "K": [
                    [
                        449.758712208856,
                        0.0,
                        200.04786164956753
                    ],
                    [
                        0.0,
                        449.8044394684836,
                        199.892438782158
                    ],
                    [
                        0.0,
                        0.0,
                        1.0
                    ]
                ],
                "DISTO_PARAMS": [
                    0.0,
                    0.0,
                    0.0,
                    0.0,
                    0.0
                ]
            }
        }
    }
}