{
    "CalibParam": {
        "EXTRI": {
            "Q_LtoI": [
                0.024348885747607127,
                0.15458929891007415,
                0.15468055787472707,
                0.9754912636415075
            ],
            "EULER_LtoI": [
                179.9807410816445,
                161.99297385296584,
                -161.97656014312913
            ],
            "POS_LinI": [
                0.11266477068157775,
                0.0021030566932751907,
                0.09428123863988496
            ],
            "Q_CtoI": [
                -0.7069922942306638,
                -0.21858104513097394,
                0.0005561931540302706,
                -0.6725949102224081
            ],
            "EULER_CtoI": [
                95.71675659868619,
                17.052422476468299,
                -18.908958966752487
            ],
            "POS_CinI": [
                0.1507078964380869,
                0.0030241227323261927,
                -0.05098319883337004
            ],
            "GRAVITY_REFINE": [
                0.05269851341528706,
                1.508130299909586
            ]
        },
        "TEMPORAL": {
            "TIME_OFFSET_LtoI": -0.00791276798458535,
            "TIME_OFFSET_CtoI": 0.0,
            "TIME_READOUT": 0.0
        },
        "INTRI": {
            "IMU": {
                "ACCE": {
                    "BIAS": [
                        -0.00008330189062713761,
                        -0.0002721034948495321,
                        -0.0005669136982286594
                    ],
                    "MAP_COEFF": [
                        1.0,
                        1.0,
                        1.0,
                        0.0,
                        0.0,
                        0.0
                    ]
                },
                "GYRO": {
                    "BIAS": [
                        -0.0001978369137996721,
                        0.00008566769050471503,
                        -0.000048800200688541059
                    ],
                    "MAP_COEFF": [
                        1.0,
                        1.0,
                        1.0,
                        0.0,
                        0.0,
                        0.0
                    ]
                },
                "Q_AtoG": [
                    0.0,
                    0.0,
                    0.0,
                    1.0
                ],
                "EULER_AtoG": [
                    -0.0,
                    0.0,
                    -0.0
                ]
            },
            "CAMERA": {
                "K": [
                    [
                        449.7637490924891,
                        0.0,
                        200.06360816326984
                    ],
                    [
                        0.0,
                        449.8209756198012,
                        199.89822116560468
                    ],
                    [
                        0.0,
                        0.0,
                        1.0
                    ]
                ],
                "DISTO_PARAMS": [
                    0.0,
                    0.0,
                    0.0,
                    0.0,
                    0.0
                ]
            }
        }
    }
}