{
    "CalibParam": {
        "EXTRI": {
            "Q_LtoI": [
                0.024358982271808696,
                0.1545494260251955,
                0.15464685746726648,
                0.9755026726634137
            ],
            "EULER_LtoI": [
                179.98333245863749,
                161.99735874533818,
                -161.98104038273
            ],
            "POS_LinI": [
                0.12264689381579529,
                0.004358155034989525,
                0.09005014597164575
            ],
            "Q_CtoI": [
                -0.7069353089489276,
                -0.21844657401959245,
                0.00039600782743957034,
                -0.672698599997196
            ],
            "EULER_CtoI": [
                95.70013877268582,
                17.057873649643036,
                -18.8822655233329
            ],
            "POS_CinI": [
                0.16204349443758774,
                0.003980020985548212,
                -0.05697516104027078
            ],
            "GRAVITY_REFINE": [
                0.05263936633040389,
                1.508013729904346
            ]
        },
        "TEMPORAL": {
            "TIME_OFFSET_LtoI": -0.00801811144087992,
            "TIME_OFFSET_CtoI": 0.0,
            "TIME_READOUT": 0.0
        },
        "INTRI": {
            "IMU": {
                "ACCE": {
                    "BIAS": [
                        -0.0011070255005874177,
                        -0.0008845013319985214,
                        0.00026291988915303334
                    ],
                    "MAP_COEFF": [
                        1.0,
                        1.0,
                        1.0,
                        0.0,
                        0.0,
                        0.0
                    ]
                },
                "GYRO": {
                    "BIAS": [
                        -0.000129119400216896,
                        0.00006174261252465131,
                        -0.000036598248179651309
                    ],
                    "MAP_COEFF": [
                        1.0,
                        1.0,
                        1.0,
                        0.0,
                        0.0,
                        0.0
                    ]
                },
                "Q_AtoG": [
                    0.0,
                    0.0,
                    0.0,
                    1.0
                ],
                "EULER_AtoG": [
                    -0.0,
                    0.0,
                    -0.0
                ]
            },
            "CAMERA": {
                "K": [
                    [
                        449.758712208856,
                        0.0,
                        200.04786164956753
                    ],
                    [
                        0.0,
                        449.8044394684836,
                        199.892438782158
                    ],
                    [
                        0.0,
                        0.0,
                        1.0
                    ]
                ],
                "DISTO_PARAMS": [
                    0.0,
                    0.0,
                    0.0,
                    0.0,
                    0.0
                ]
            }
        }
    }
}