{
    "CalibParam": {
        "EXTRI": {
            "Q_LtoI": [
                0.010159236658507565,
                0.01710694191626938,
                0.043821857515650129,
                0.9988412222433895
            ],
            "EULER_LtoI": [
                1.0776354767752455,
                2.0094672806828646,
                5.005318937045511
            ],
            "POS_LinI": [
                0.3041163539426798,
                0.14618400064503124,
                0.09343540413528465
            ],
            "Q_CtoI": [
                0.24217224094496107,
                0.21492119962257923,
                0.0774695762291514,
                0.9429527816531234
            ],
            "EULER_CtoI": [
                28.180108983361636,
                26.28541995720236,
                2.685209452929108
            ],
            "POS_CinI": [
                0.5643924650646279,
                0.36761967514807,
                0.198215797641819
            ],
            "GRAVITY_REFINE": [
                0.2886350574988224,
                -0.0601539433170787
            ]
        },
        "TEMPORAL": {
            "TIME_OFFSET_LtoI": -0.0003641246945396711,
            "TIME_OFFSET_CtoI": -0.0007276345816266131,
            "TIME_READOUT": 0.0
        },
        "INTRI": {
            "IMU": {
                "ACCE": {
                    "BIAS": [
                        0.03469783179011491,
                        0.02383908342896941,
                        -0.07715579186289404
                    ],
                    "MAP_COEFF": [
                        1.0036369396880967,
                        1.0333969963839199,
                        0.9839483091073029,
                        0.016791854199105725,
                        0.01837782915131606,
                        -0.010484653216495678
                    ]
                },
                "GYRO": {
                    "BIAS": [
                        0.0021400505316683416,
                        0.012122489626415115,
                        0.0019989646645801595
                    ],
                    "MAP_COEFF": [
                        1.001527589265864,
                        1.001716619079212,
                        0.9961821434761119,
                        -0.0009049017185612523,
                        -0.007974960504108614,
                        -0.021676479185282067
                    ]
                },
                "Q_AtoG": [
                    0.005880705700852976,
                    0.004789785281981064,
                    0.002523045047442181,
                    0.9999680542402847
                ],
                "EULER_AtoG": [
                    0.6725193755717686,
                    0.5505601290732204,
                    0.28589707782901987
                ]
            },
            "CAMERA": {
                "K": [
                    [
                        449.45605122141316,
                        0.0,
                        199.58435298073534
                    ],
                    [
                        0.0,
                        449.41924318495236,
                        199.2483002743664
                    ],
                    [
                        0.0,
                        0.0,
                        1.0
                    ]
                ],
                "DISTO_PARAMS": [
                    0.02012365767725895,
                    -0.14218366235156003,
                    0.24076591489989364,
                    -0.0007383165092171278,
                    0.00045378801710031444
                ]
            }
        }
    }
}