{
    "CalibParam": {
        "EXTRI": {
            "Q_LtoI": [
                0.013916844927822983,
                0.02499212878254835,
                0.05126661801980422,
                0.9982752369977845
            ],
            "EULER_LtoI": [
                1.447241731526721,
                2.941997691893091,
                5.842540068110207
            ],
            "POS_LinI": [
                0.5694046540080224,
                0.11995912380932122,
                -0.01752921859896933
            ],
            "Q_CtoI": [
                0.24395359803986736,
                0.21988338950113696,
                0.07915409063693406,
                0.941208035962472
            ],
            "EULER_CtoI": [
                28.42014603222653,
                26.906242940584986,
                2.6814206218254896
            ],
            "POS_CinI": [
                0.6883415694526156,
                0.323216691694453,
                0.08293234578248328
            ],
            "GRAVITY_REFINE": [
                0.29936541268882435,
                -0.06532333147803699
            ]
        },
        "TEMPORAL": {
            "TIME_OFFSET_LtoI": -0.0006154043700340793,
            "TIME_OFFSET_CtoI": 0.0,
            "TIME_READOUT": 0.0
        },
        "INTRI": {
            "IMU": {
                "ACCE": {
                    "BIAS": [
                        0.018090969180623037,
                        -0.06662633623079957,
                        -0.17219057560750435
                    ],
                    "MAP_COEFF": [
                        1.0,
                        1.0,
                        1.0,
                        0.0,
                        0.0,
                        0.0
                    ]
                },
                "GYRO": {
                    "BIAS": [
                        0.0005803334314587668,
                        -0.004997482778028796,
                        0.00011703174111590264
                    ],
                    "MAP_COEFF": [
                        1.0,
                        1.0,
                        1.0,
                        0.0,
                        0.0,
                        0.0
                    ]
                },
                "Q_AtoG": [
                    0.0,
                    0.0,
                    0.0,
                    1.0
                ],
                "EULER_AtoG": [
                    -0.0,
                    0.0,
                    -0.0
                ]
            },
            "CAMERA": {
                "K": [
                    [
                        448.7283437752497,
                        0.0,
                        199.2698748705299
                    ],
                    [
                        0.0,
                        449.4420237270751,
                        199.46247133478543
                    ],
                    [
                        0.0,
                        0.0,
                        1.0
                    ]
                ],
                "DISTO_PARAMS": [
                    0.0,
                    0.0,
                    0.0,
                    0.0,
                    0.0
                ]
            }
        }
    }
}