{
    "CalibParam": {
        "EXTRI": {
            "Q_LtoI": [
                0.014346611479064679,
                0.0246475696652646,
                0.05331329107090271,
                0.9981705090032734
            ],
            "EULER_LtoI": [
                1.4925053162552875,
                2.9081317983282126,
                6.076752953095469
            ],
            "POS_LinI": [
                0.4056714599219672,
                0.1184734967290971,
                -0.00847136503240829
            ],
            "Q_CtoI": [
                0.24335913013496783,
                0.2189581977244236,
                0.0806132352943215,
                0.9414537416807086
            ],
            "EULER_CtoI": [
                28.293363695516008,
                26.840859786398516,
                2.9047610923991686
            ],
            "POS_CinI": [
                0.5495729734451891,
                0.3213071944516117,
                0.10826170190470778
            ],
            "GRAVITY_REFINE": [
                0.3013453605563778,
                -0.06445225056595175
            ]
        },
        "TEMPORAL": {
            "TIME_OFFSET_LtoI": 0.0025369644900382697,
            "TIME_OFFSET_CtoI": 0.0,
            "TIME_READOUT": 0.0
        },
        "INTRI": {
            "IMU": {
                "ACCE": {
                    "BIAS": [
                        0.15334985946426364,
                        -0.06260800138238343,
                        -0.174553973082355
                    ],
                    "MAP_COEFF": [
                        1.0,
                        1.0,
                        1.0,
                        0.0,
                        0.0,
                        0.0
                    ]
                },
                "GYRO": {
                    "BIAS": [
                        0.004128398835282758,
                        -0.005439870520616081,
                        -0.0002320222991420858
                    ],
                    "MAP_COEFF": [
                        1.0,
                        1.0,
                        1.0,
                        0.0,
                        0.0,
                        0.0
                    ]
                },
                "Q_AtoG": [
                    0.0,
                    0.0,
                    0.0,
                    1.0
                ],
                "EULER_AtoG": [
                    -0.0,
                    0.0,
                    -0.0
                ]
            },
            "CAMERA": {
                "K": [
                    [
                        449.44787870865647,
                        0.0,
                        199.6328292108388
                    ],
                    [
                        0.0,
                        449.97522677100155,
                        199.9858551238357
                    ],
                    [
                        0.0,
                        0.0,
                        1.0
                    ]
                ],
                "DISTO_PARAMS": [
                    0.0,
                    0.0,
                    0.0,
                    0.0,
                    0.0
                ]
            }
        }
    }
}