{
    "CalibParam": {
        "EXTRI": {
            "Q_LtoI": [
                0.013443455795218716,
                0.022193304798027986,
                0.047277321573471749,
                0.9985447338919086
            ],
            "EULER_LtoI": [
                1.4196520770665287,
                2.61320133132866,
                5.389047207553402
            ],
            "POS_LinI": [
                0.4396122301242392,
                0.15642035367842717,
                0.006523458040972947
            ],
            "Q_CtoI": [
                0.24462986325061124,
                0.2176662490235585,
                0.07524006545628875,
                0.9418686567627861
            ],
            "EULER_CtoI": [
                28.58680379363308,
                26.54099158536021,
                2.2573563441725676
            ],
            "POS_CinI": [
                0.6462149344969378,
                0.3630463567543977,
                0.09555670883242708
            ],
            "GRAVITY_REFINE": [
                0.2963296988261705,
                -0.06502415752856465
            ]
        },
        "TEMPORAL": {
            "TIME_OFFSET_LtoI": -0.0009117604336596652,
            "TIME_OFFSET_CtoI": -0.005673485918894416,
            "TIME_READOUT": 0.0
        },
        "INTRI": {
            "IMU": {
                "ACCE": {
                    "BIAS": [
                        0.08513332583453454,
                        -0.061077145746902709,
                        -0.18857319216172847
                    ],
                    "MAP_COEFF": [
                        1.000813574805925,
                        1.0008216559428134,
                        0.9995668721023844,
                        0.0016740088140250738,
                        -0.0010018651338714344,
                        0.00031376297562188085
                    ]
                },
                "GYRO": {
                    "BIAS": [
                        0.0030305932307089407,
                        0.02671819510820084,
                        0.0035002202648510597
                    ],
                    "MAP_COEFF": [
                        1.0013815824050465,
                        1.0027111183580673,
                        0.9929215039136882,
                        -0.0006435045818929993,
                        -0.009710926771118556,
                        -0.05495495420171081
                    ]
                },
                "Q_AtoG": [
                    0.0021401323045093015,
                    0.0007715474082766791,
                    0.001454074833626535,
                    0.9999963551007045
                ],
                "EULER_AtoG": [
                    0.2451126863933944,
                    0.08876913254210724,
                    0.1664353134825252
                ]
            },
            "CAMERA": {
                "K": [
                    [
                        449.811737893993,
                        0.0,
                        199.17088592889997
                    ],
                    [
                        0.0,
                        451.0073038270298,
                        199.0070912693623
                    ],
                    [
                        0.0,
                        0.0,
                        1.0
                    ]
                ],
                "DISTO_PARAMS": [
                    0.00015975455010327133,
                    -0.03605432498838675,
                    0.059666540629814319,
                    0.0002902877224079517,
                    -0.00006833829932989584
                ]
            }
        }
    }
}