{
    "CalibParam": {
        "EXTRI": {
            "Q_LtoI": [
                -0.01923190853090717,
                0.036988407580786347,
                0.031104797661090059,
                0.9986463252630329
            ],
            "EULER_LtoI": [
                177.6604937061543,
                175.83205255796555,
                -176.34683240117753
            ],
            "POS_LinI": [
                -0.04749060616595713,
                0.00713472099956633,
                0.05079469028375701
            ],
            "Q_CtoI": [
                0.22053973585689796,
                0.21736154148683943,
                0.07172126587328763,
                0.9481414689866529
            ],
            "EULER_CtoI": [
                25.58770552102123,
                26.34746845826972,
                2.5666840937370658
            ],
            "POS_CinI": [
                -0.15917567535961459,
                0.2339483545316342,
                0.19190818799645685
            ],
            "GRAVITY_REFINE": [
                0.394223749829269,
                0.08905637790274754
            ]
        },
        "TEMPORAL": {
            "TIME_OFFSET_LtoI": -0.02,
            "TIME_OFFSET_CtoI": 0.0,
            "TIME_READOUT": 0.0
        },
        "INTRI": {
            "IMU": {
                "ACCE": {
                    "BIAS": [
                        0.9810754775224857,
                        -0.07091964613023125,
                        -0.11123432000965264
                    ],
                    "MAP_COEFF": [
                        1.0,
                        1.0,
                        1.0,
                        0.0,
                        0.0,
                        0.0
                    ]
                },
                "GYRO": {
                    "BIAS": [
                        0.07006386359841419,
                        -0.038577315247293197,
                        0.023028268242203194
                    ],
                    "MAP_COEFF": [
                        1.0,
                        1.0,
                        1.0,
                        0.0,
                        0.0,
                        0.0
                    ]
                },
                "Q_AtoG": [
                    0.0,
                    0.0,
                    0.0,
                    1.0
                ],
                "EULER_AtoG": [
                    -0.0,
                    0.0,
                    -0.0
                ]
            },
            "CAMERA": {
                "K": [
                    [
                        440.43177029545856,
                        0.0,
                        197.85411356179794
                    ],
                    [
                        0.0,
                        428.580177708347,
                        203.6140194264965
                    ],
                    [
                        0.0,
                        0.0,
                        1.0
                    ]
                ],
                "DISTO_PARAMS": [
                    0.0,
                    0.0,
                    0.0,
                    0.0,
                    0.0
                ]
            }
        }
    }
}