{
    "CalibParam": {
        "EXTRI": {
            "Q_LtoI": [
                0.009601491567965222,
                0.016459409704953539,
                0.042736860079444247,
                0.9989046300735546
            ],
            "EULER_LtoI": [
                1.019070968236751,
                1.9314304333962323,
                4.882487146391719
            ],
            "POS_LinI": [
                0.29101731070606548,
                0.14878961493226706,
                0.07136892143087277
            ],
            "Q_CtoI": [
                0.2417380432846968,
                0.21444433698351399,
                0.07672483921646957,
                0.9432336104124969
            ],
            "EULER_CtoI": [
                28.138773580086207,
                26.20836452031198,
                2.6230643258722514
            ],
            "POS_CinI": [
                0.5592285905911181,
                0.37053405190714197,
                0.17420418452725243
            ],
            "GRAVITY_REFINE": [
                0.28738624198190629,
                -0.06044629902852452
            ]
        },
        "TEMPORAL": {
            "TIME_OFFSET_LtoI": -0.000531080321416084,
            "TIME_OFFSET_CtoI": -0.0005660349757308229,
            "TIME_READOUT": 0.0
        },
        "INTRI": {
            "IMU": {
                "ACCE": {
                    "BIAS": [
                        0.025595421498407459,
                        0.026029940353024515,
                        -0.04502810873920139
                    ],
                    "MAP_COEFF": [
                        0.9963116810865438,
                        1.0258400570287272,
                        0.9824006923261248,
                        0.013258230169837552,
                        0.020662232442951523,
                        -0.011623875664242207
                    ]
                },
                "GYRO": {
                    "BIAS": [
                        0.004120553499498905,
                        0.010529107470164562,
                        0.001148717138459684
                    ],
                    "MAP_COEFF": [
                        1.000507789621626,
                        1.00114541024947,
                        0.9984941177959362,
                        -0.0012698039672084658,
                        -0.011650975647300822,
                        -0.01808600924662076
                    ]
                },
                "Q_AtoG": [
                    0.006632509675333892,
                    0.005159872795422654,
                    0.003361136149269261,
                    0.9999590433072385
                ],
                "EULER_AtoG": [
                    0.7580739601485201,
                    0.5938188449915878,
                    0.3812436889419771
                ]
            },
            "CAMERA": {
                "K": [
                    [
                        449.4037750225447,
                        0.0,
                        199.68824476021633
                    ],
                    [
                        0.0,
                        449.34192728293177,
                        199.14667193051646
                    ],
                    [
                        0.0,
                        0.0,
                        1.0
                    ]
                ],
                "DISTO_PARAMS": [
                    0.018382498121045564,
                    -0.12225449285204082,
                    0.20381459858060228,
                    -0.000781907938470615,
                    0.00031044680885750737
                ]
            }
        }
    }
}