{
    "CalibParam": {
        "EXTRI": {
            "Q_LtoI": [
                0.0110647930711244,
                0.018274407581325114,
                0.060036491917195327,
                0.9979675525888211
            ],
            "EULER_LtoI": [
                1.1405233987046409,
                2.1664751224777638,
                6.863821926827668
            ],
            "POS_LinI": [
                0.05331474741432797,
                0.022852707882919499,
                0.007591107291094909
            ],
            "Q_CtoI": [
                0.24606100170455778,
                0.21478687683865095,
                0.08624454546141945,
                0.9412132911068568
            ],
            "EULER_CtoI": [
                28.445523556078795,
                26.536213653798919,
                3.6302885073638198
            ],
            "POS_CinI": [
                0.13931359913965073,
                0.22123700771377154,
                0.14865942891461976
            ],
            "GRAVITY_REFINE": [
                0.30469920298424876,
                -0.05690404897883012
            ]
        },
        "TEMPORAL": {
            "TIME_OFFSET_LtoI": 0.01257831403210374,
            "TIME_OFFSET_CtoI": 0.0,
            "TIME_READOUT": 0.0
        },
        "INTRI": {
            "IMU": {
                "ACCE": {
                    "BIAS": [
                        0.5183275521504186,
                        0.01862264726499563,
                        -0.14798054224312313
                    ],
                    "MAP_COEFF": [
                        1.0,
                        1.0,
                        1.0,
                        0.0,
                        0.0,
                        0.0
                    ]
                },
                "GYRO": {
                    "BIAS": [
                        0.014491863564182934,
                        -0.005854572775231735,
                        -0.002000625264539363
                    ],
                    "MAP_COEFF": [
                        1.0,
                        1.0,
                        1.0,
                        0.0,
                        0.0,
                        0.0
                    ]
                },
                "Q_AtoG": [
                    0.0,
                    0.0,
                    0.0,
                    1.0
                ],
                "EULER_AtoG": [
                    -0.0,
                    0.0,
                    -0.0
                ]
            },
            "CAMERA": {
                "K": [
                    [
                        447.4310259880434,
                        0.0,
                        199.53050411567097
                    ],
                    [
                        0.0,
                        446.96654882637548,
                        200.001354574771
                    ],
                    [
                        0.0,
                        0.0,
                        1.0
                    ]
                ],
                "DISTO_PARAMS": [
                    0.0,
                    0.0,
                    0.0,
                    0.0,
                    0.0
                ]
            }
        }
    }
}