{
    "CalibParam": {
        "EXTRI": {
            "Q_LtoI": [
                0.012129771537853381,
                0.01897512870489754,
                0.043565225049261319,
                0.9987967182062021
            ],
            "EULER_LtoI": [
                1.2946622398579915,
                2.2328926721285144,
                4.969823606230997
            ],
            "POS_LinI": [
                0.3540689592570787,
                0.1515686225465622,
                0.08649031245391605
            ],
            "Q_CtoI": [
                0.2434946075126831,
                0.21491448063300162,
                0.07563308698790782,
                0.9427628430730453
            ],
            "EULER_CtoI": [
                28.39839260410672,
                26.23534473073211,
                2.424628451817702
            ],
            "POS_CinI": [
                0.6071242791345143,
                0.3665942400602539,
                0.19035337159469374
            ],
            "GRAVITY_REFINE": [
                0.29096626243438086,
                -0.06347661721548852
            ]
        },
        "TEMPORAL": {
            "TIME_OFFSET_LtoI": -0.00037813339774406013,
            "TIME_OFFSET_CtoI": -0.0021084466788197019,
            "TIME_READOUT": 0.0
        },
        "INTRI": {
            "IMU": {
                "ACCE": {
                    "BIAS": [
                        0.02788622909092193,
                        0.00439735841923633,
                        -0.1224579958701378
                    ],
                    "MAP_COEFF": [
                        1.0109703176528005,
                        1.025857399090798,
                        0.9877459345386569,
                        0.009076765390586005,
                        0.013706288246097879,
                        -0.007586846647117492
                    ]
                },
                "GYRO": {
                    "BIAS": [
                        0.003639938747203127,
                        0.01574955179270329,
                        0.0026351645036400085
                    ],
                    "MAP_COEFF": [
                        1.002519581266512,
                        1.0031183467148606,
                        0.9937987142413507,
                        -0.000568990457664753,
                        -0.010307729080446939,
                        -0.03069418764672068
                    ]
                },
                "Q_AtoG": [
                    0.004049632521873085,
                    0.003265549396133249,
                    0.003820335385917721,
                    0.999979170633628
                ],
                "EULER_AtoG": [
                    0.4626294389268614,
                    0.37597214089784605,
                    0.4362672870850944
                ]
            },
            "CAMERA": {
                "K": [
                    [
                        449.2222887628022,
                        0.0,
                        199.48448907570123
                    ],
                    [
                        0.0,
                        449.28041470999826,
                        199.40003762853918
                    ],
                    [
                        0.0,
                        0.0,
                        1.0
                    ]
                ],
                "DISTO_PARAMS": [
                    0.024501496110678607,
                    -0.1581751804638184,
                    0.25198772571002317,
                    -0.0003385309798513454,
                    -7.719552158367096e-7
                ]
            }
        }
    }
}