{
    "CalibParam": {
        "EXTRI": {
            "Q_LtoI": [
                0.009690162850247868,
                0.016761640950186106,
                0.04309694511730421,
                0.9988832771941619
            ],
            "EULER_LtoI": [
                1.0270527588309182,
                1.966839211744471,
                4.923372463491011
            ],
            "POS_LinI": [
                0.29928610117037487,
                0.1467619531055831,
                0.07919978394019652
            ],
            "Q_CtoI": [
                0.24179138896557346,
                0.21477062551402358,
                0.07698960237881236,
                0.9431241189599416
            ],
            "EULER_CtoI": [
                28.14222593540884,
                26.253377562203839,
                2.6433907539300138
            ],
            "POS_CinI": [
                0.5677477905560663,
                0.36880831504185648,
                0.1816450326083788
            ],
            "GRAVITY_REFINE": [
                0.2876923526059138,
                -0.06042489114662748
            ]
        },
        "TEMPORAL": {
            "TIME_OFFSET_LtoI": -0.00045563232709399184,
            "TIME_OFFSET_CtoI": -0.00055227634098654,
            "TIME_READOUT": 0.0
        },
        "INTRI": {
            "IMU": {
                "ACCE": {
                    "BIAS": [
                        0.02161496873086994,
                        0.0270146171950225,
                        -0.04996161794983032
                    ],
                    "MAP_COEFF": [
                        0.9984076341647277,
                        1.0281889421483288,
                        0.9823308385501726,
                        0.014948186745564217,
                        0.02010342228437836,
                        -0.011480158008189015
                    ]
                },
                "GYRO": {
                    "BIAS": [
                        0.0046211151614609139,
                        0.010705880713987587,
                        0.0010797780794899949
                    ],
                    "MAP_COEFF": [
                        1.0004605056425893,
                        1.00111783246289,
                        0.9986626472604503,
                        -0.001188383791964924,
                        -0.01265166196569307,
                        -0.01846609710931152
                    ]
                },
                "Q_AtoG": [
                    0.006530200416472828,
                    0.0048447519666520708,
                    0.003037786327287748,
                    0.999962327647963
                ],
                "EULER_AtoG": [
                    0.7466476424175499,
                    0.5574287534076431,
                    0.3444845795264381
                ]
            },
            "CAMERA": {
                "K": [
                    [
                        449.40356061307866,
                        0.0,
                        199.6940512152611
                    ],
                    [
                        0.0,
                        449.3174562094021,
                        199.1655750956595
                    ],
                    [
                        0.0,
                        0.0,
                        1.0
                    ]
                ],
                "DISTO_PARAMS": [
                    0.0189520994768937,
                    -0.12590746259403777,
                    0.2091815046141835,
                    -0.0008382561181349572,
                    0.0003132033928281031
                ]
            }
        }
    }
}