{
    "CalibParam": {
        "EXTRI": {
            "Q_LtoI": [
                -0.02405392043273301,
                0.04025022656393868,
                0.059448069671306207,
                0.9971295077299252
            ],
            "EULER_LtoI": [
                176.9668277441126,
                175.56032323490317,
                -173.05861756491007
            ],
            "POS_LinI": [
                -0.012235739218066522,
                -0.04174832647851413,
                -0.005997297293005715
            ],
            "Q_CtoI": [
                0.14193914934209957,
                0.19768379012157184,
                0.09872493887283591,
                0.9648978098491914
            ],
            "EULER_CtoI": [
                14.919355247849632,
                24.174382803703993,
                8.471667088622171
            ],
            "POS_CinI": [
                -0.3609833500962079,
                -0.011243991750560335,
                0.34818468315910908
            ],
            "GRAVITY_REFINE": [
                0.458657254870341,
                0.01616883836717207
            ]
        },
        "TEMPORAL": {
            "TIME_OFFSET_LtoI": -0.0022601252472746315,
            "TIME_OFFSET_CtoI": 0.0,
            "TIME_READOUT": 0.0
        },
        "INTRI": {
            "IMU": {
                "ACCE": {
                    "BIAS": [
                        1.0107602048741398,
                        -0.8767748929316933,
                        -1.4854659553090793
                    ],
                    "MAP_COEFF": [
                        1.0,
                        1.0,
                        1.0,
                        0.0,
                        0.0,
                        0.0
                    ]
                },
                "GYRO": {
                    "BIAS": [
                        0.06308948753682103,
                        -0.07811411726390545,
                        -0.02710084980381473
                    ],
                    "MAP_COEFF": [
                        1.0,
                        1.0,
                        1.0,
                        0.0,
                        0.0,
                        0.0
                    ]
                },
                "Q_AtoG": [
                    0.0,
                    0.0,
                    0.0,
                    1.0
                ],
                "EULER_AtoG": [
                    -0.0,
                    0.0,
                    -0.0
                ]
            },
            "CAMERA": {
                "K": [
                    [
                        441.3886386637266,
                        0.0,
                        207.69410388852084
                    ],
                    [
                        0.0,
                        466.89415216350997,
                        209.8138708414543
                    ],
                    [
                        0.0,
                        0.0,
                        1.0
                    ]
                ],
                "DISTO_PARAMS": [
                    0.0,
                    0.0,
                    0.0,
                    0.0,
                    0.0
                ]
            }
        }
    }
}