{
    "CalibParam": {
        "EXTRI": {
            "Q_LtoI": [
                0.014000501597854499,
                0.02496391895423268,
                0.05100036099193884,
                0.9982884111739188
            ],
            "EULER_LtoI": [
                1.4577732520639307,
                2.9388685191208685,
                5.811748817011275
            ],
            "POS_LinI": [
                0.5693349557261568,
                0.11990436440791785,
                -0.01698557325437275
            ],
            "Q_CtoI": [
                0.24446839961330125,
                0.22021827110856319,
                0.07906496772406384,
                0.9410036373677093
            ],
            "EULER_CtoI": [
                28.492896367812845,
                26.943404408918274,
                2.6443291202446494
            ],
            "POS_CinI": [
                0.6899174221976981,
                0.3239418902398843,
                0.08486829174379183
            ],
            "GRAVITY_REFINE": [
                0.2990521969177497,
                -0.06533989282299911
            ]
        },
        "TEMPORAL": {
            "TIME_OFFSET_LtoI": -0.0006154043700340793,
            "TIME_OFFSET_CtoI": 0.0,
            "TIME_READOUT": 0.0
        },
        "INTRI": {
            "IMU": {
                "ACCE": {
                    "BIAS": [
                        0.015502430551464624,
                        -0.06369440326672737,
                        -0.17277302279942675
                    ],
                    "MAP_COEFF": [
                        1.0,
                        1.0,
                        1.0,
                        0.0,
                        0.0,
                        0.0
                    ]
                },
                "GYRO": {
                    "BIAS": [
                        0.0003774056563459385,
                        -0.004729466777246306,
                        0.000061030600747624558
                    ],
                    "MAP_COEFF": [
                        1.0,
                        1.0,
                        1.0,
                        0.0,
                        0.0,
                        0.0
                    ]
                },
                "Q_AtoG": [
                    0.0,
                    0.0,
                    0.0,
                    1.0
                ],
                "EULER_AtoG": [
                    -0.0,
                    0.0,
                    -0.0
                ]
            },
            "CAMERA": {
                "K": [
                    [
                        448.7283437752497,
                        0.0,
                        199.2698748705299
                    ],
                    [
                        0.0,
                        449.4420237270751,
                        199.46247133478543
                    ],
                    [
                        0.0,
                        0.0,
                        1.0
                    ]
                ],
                "DISTO_PARAMS": [
                    0.0,
                    0.0,
                    0.0,
                    0.0,
                    0.0
                ]
            }
        }
    }
}