{
    "CalibParam": {
        "EXTRI": {
            "Q_LtoI": [
                0.004557500751270195,
                0.014927485450849465,
                0.07181401644259167,
                0.997295917171729
            ],
            "EULER_LtoI": [
                0.3981840354193242,
                1.7437124325468337,
                8.231315527511967
            ],
            "POS_LinI": [
                -0.02920151911985834,
                -0.07064999828974882,
                0.01215486027899906
            ],
            "Q_CtoI": [
                0.24352473883830245,
                0.20557634364415043,
                0.08777800699737298,
                0.9437844510242834
            ],
            "EULER_CtoI": [
                27.993119289415085,
                25.5178168104932,
                4.166087411801966
            ],
            "POS_CinI": [
                -0.15865065616929042,
                0.09224620764714509,
                0.19370313928212069
            ],
            "GRAVITY_REFINE": [
                0.3361558367482741,
                0.004827451547837647
            ]
        },
        "TEMPORAL": {
            "TIME_OFFSET_LtoI": 0.005647119559060913,
            "TIME_OFFSET_CtoI": 0.0,
            "TIME_READOUT": 0.0
        },
        "INTRI": {
            "IMU": {
                "ACCE": {
                    "BIAS": [
                        0.8910772907993717,
                        0.12809078133553143,
                        -0.13034683096693207
                    ],
                    "MAP_COEFF": [
                        1.0,
                        1.0,
                        1.0,
                        0.0,
                        0.0,
                        0.0
                    ]
                },
                "GYRO": {
                    "BIAS": [
                        0.04199600081857392,
                        -0.013974318079803879,
                        0.010238587098303064
                    ],
                    "MAP_COEFF": [
                        1.0,
                        1.0,
                        1.0,
                        0.0,
                        0.0,
                        0.0
                    ]
                },
                "Q_AtoG": [
                    0.0,
                    0.0,
                    0.0,
                    1.0
                ],
                "EULER_AtoG": [
                    -0.0,
                    0.0,
                    -0.0
                ]
            },
            "CAMERA": {
                "K": [
                    [
                        443.4128614805459,
                        0.0,
                        197.02402494030808
                    ],
                    [
                        0.0,
                        439.6100929742839,
                        199.0601951049595
                    ],
                    [
                        0.0,
                        0.0,
                        1.0
                    ]
                ],
                "DISTO_PARAMS": [
                    0.0,
                    0.0,
                    0.0,
                    0.0,
                    0.0
                ]
            }
        }
    }
}