{
    "CalibParam": {
        "EXTRI": {
            "Q_LtoI": [
                0.013960982205718073,
                0.024974372391220649,
                0.05116680046309406,
                0.9982801862352504
            ],
            "EULER_LtoI": [
                1.4526950963347006,
                2.9400777088942475,
                5.830967390126452
            ],
            "POS_LinI": [
                0.5694181831098645,
                0.11991321450588533,
                -0.017391073441322285
            ],
            "Q_CtoI": [
                0.24416830212768937,
                0.21999104849378857,
                0.07912246000075858,
                0.9411298609342461
            ],
            "EULER_CtoI": [
                28.449959338004548,
                26.91824609153305,
                2.6676241793899164
            ],
            "POS_CinI": [
                0.688443587355822,
                0.3235927428216658,
                0.083545976418577
            ],
            "GRAVITY_REFINE": [
                0.29925858169778588,
                -0.06537119434714688
            ]
        },
        "TEMPORAL": {
            "TIME_OFFSET_LtoI": -0.0006154043700340793,
            "TIME_OFFSET_CtoI": 0.0,
            "TIME_READOUT": 0.0
        },
        "INTRI": {
            "IMU": {
                "ACCE": {
                    "BIAS": [
                        0.01734350007711888,
                        -0.06544999877909059,
                        -0.17236958107741377
                    ],
                    "MAP_COEFF": [
                        1.0,
                        1.0,
                        1.0,
                        0.0,
                        0.0,
                        0.0
                    ]
                },
                "GYRO": {
                    "BIAS": [
                        0.0005530812553922605,
                        -0.004882943041278689,
                        0.00010402567058399241
                    ],
                    "MAP_COEFF": [
                        1.0,
                        1.0,
                        1.0,
                        0.0,
                        0.0,
                        0.0
                    ]
                },
                "Q_AtoG": [
                    0.0,
                    0.0,
                    0.0,
                    1.0
                ],
                "EULER_AtoG": [
                    -0.0,
                    0.0,
                    -0.0
                ]
            },
            "CAMERA": {
                "K": [
                    [
                        448.7283437752497,
                        0.0,
                        199.2698748705299
                    ],
                    [
                        0.0,
                        449.4420237270751,
                        199.46247133478543
                    ],
                    [
                        0.0,
                        0.0,
                        1.0
                    ]
                ],
                "DISTO_PARAMS": [
                    0.0,
                    0.0,
                    0.0,
                    0.0,
                    0.0
                ]
            }
        }
    }
}