{
    "CalibParam": {
        "EXTRI": {
            "Q_LtoI": [
                0.009969473948699385,
                0.01688779196884375,
                0.04350803650486565,
                0.9988605822791761
            ],
            "EULER_LtoI": [
                1.057612635237573,
                1.9830936756123892,
                4.969882768817622
            ],
            "POS_LinI": [
                0.30241050936277538,
                0.14663582838180465,
                0.0941210354336287
            ],
            "Q_CtoI": [
                0.24238071795610117,
                0.21497071529139337,
                0.07727302737339328,
                0.9429040557611058
            ],
            "EULER_CtoI": [
                28.21263504535575,
                26.286024136597864,
                2.6537602407372207
            ],
            "POS_CinI": [
                0.5651327024763431,
                0.3694223889626603,
                0.1959496982355947
            ],
            "GRAVITY_REFINE": [
                0.2881899530495671,
                -0.060607302091419169
            ]
        },
        "TEMPORAL": {
            "TIME_OFFSET_LtoI": -0.00042549850059829086,
            "TIME_OFFSET_CtoI": -0.00048430968776772904,
            "TIME_READOUT": 0.0
        },
        "INTRI": {
            "IMU": {
                "ACCE": {
                    "BIAS": [
                        0.022851787230995427,
                        0.02529527353473034,
                        -0.064089167863679
                    ],
                    "MAP_COEFF": [
                        1.0024639782840575,
                        1.0320556387921139,
                        0.9828129302745636,
                        0.01689586418597486,
                        0.01973783704772602,
                        -0.010772440320398142
                    ]
                },
                "GYRO": {
                    "BIAS": [
                        0.005567065235942146,
                        0.012347776575164888,
                        0.0016454958767466045
                    ],
                    "MAP_COEFF": [
                        1.0003327459081164,
                        1.0006802196753622,
                        0.9977648013203724,
                        -0.0008752259550205035,
                        -0.014621300605105579,
                        -0.021775084234963345
                    ]
                },
                "Q_AtoG": [
                    0.0061101111535176769,
                    0.004784909161453566,
                    0.002816792761906618,
                    0.999965917851476
                ],
                "EULER_AtoG": [
                    0.6986483565701536,
                    0.5502721981119282,
                    0.31943582341153989
                ]
            },
            "CAMERA": {
                "K": [
                    [
                        449.36481731831659,
                        0.0,
                        199.66273504945745
                    ],
                    [
                        0.0,
                        449.268868155772,
                        199.1356507794251
                    ],
                    [
                        0.0,
                        0.0,
                        1.0
                    ]
                ],
                "DISTO_PARAMS": [
                    0.022072857976190093,
                    -0.14890501035681845,
                    0.24687744526512396,
                    -0.0010648107061183509,
                    0.0005276399987253386
                ]
            }
        }
    }
}