{
    "CalibParam": {
        "EXTRI": {
            "Q_LtoI": [
                0.012636691374214993,
                0.020994614704437758,
                0.04226243360674524,
                0.9988060006278299
            ],
            "EULER_LtoI": [
                1.346023069535016,
                2.46489181259612,
                4.816857851791508
            ],
            "POS_LinI": [
                0.4391730105878634,
                0.1523442597271718,
                0.011903885732817518
            ],
            "Q_CtoI": [
                0.2445920418738792,
                0.21680062352582536,
                0.07321782480987028,
                0.9422374291126897
            ],
            "EULER_CtoI": [
                28.625342315129367,
                26.383186898704467,
                2.042065003616061
            ],
            "POS_CinI": [
                0.6866317408830427,
                0.36465279199169789,
                0.10972709369227314
            ],
            "GRAVITY_REFINE": [
                0.29204148020162559,
                -0.06589148719284116
            ]
        },
        "TEMPORAL": {
            "TIME_OFFSET_LtoI": -0.001134333525836037,
            "TIME_OFFSET_CtoI": -0.004165718215977211,
            "TIME_READOUT": 0.0
        },
        "INTRI": {
            "IMU": {
                "ACCE": {
                    "BIAS": [
                        -0.004045340974894989,
                        -0.01899000512706606,
                        -0.09288674803500724
                    ],
                    "MAP_COEFF": [
                        0.9997766370192075,
                        0.9994804476920026,
                        0.9886392751317484,
                        0.00004279738006670534,
                        0.0075675672577111799,
                        -0.005219140116479676
                    ]
                },
                "GYRO": {
                    "BIAS": [
                        0.003494703710873337,
                        0.02072934766783062,
                        0.001723131132113035
                    ],
                    "MAP_COEFF": [
                        1.0032619316468415,
                        1.0043389202174678,
                        0.9949183485146694,
                        -0.0011888188650815407,
                        -0.009626943862772592,
                        -0.04124757469706926
                    ]
                },
                "Q_AtoG": [
                    0.003652415054448316,
                    0.001021592832990596,
                    0.005170920430855685,
                    0.9999794386857419
                ],
                "EULER_AtoG": [
                    0.41792660193976186,
                    0.11922781045923398,
                    0.5921158984848095
                ]
            },
            "CAMERA": {
                "K": [
                    [
                        449.2316240523428,
                        0.0,
                        199.3620702324223
                    ],
                    [
                        0.0,
                        449.63677589237019,
                        199.24542708237457
                    ],
                    [
                        0.0,
                        0.0,
                        1.0
                    ]
                ],
                "DISTO_PARAMS": [
                    0.026120496305419108,
                    -0.17655885333031663,
                    0.29201872716983376,
                    -0.00007078617593669288,
                    -0.0002518398317748862
                ]
            }
        }
    }
}