{
    "CalibParam": {
        "EXTRI": {
            "Q_LtoI": [
                0.008990716514584658,
                0.009759797712981239,
                0.07442209211324509,
                0.9971385388052373
            ],
            "EULER_LtoI": [
                0.9443262971829345,
                1.1919503003093573,
                8.52696547573025
            ],
            "POS_LinI": [
                -0.012617896952889049,
                -0.0748122002365912,
                -0.004974655527450446
            ],
            "Q_CtoI": [
                0.25040400347773197,
                0.2059724993846574,
                0.09215720858357697,
                0.9414776754897827
            ],
            "EULER_CtoI": [
                28.764841718919884,
                25.721048995136223,
                4.480227278307418
            ],
            "POS_CinI": [
                -0.11032020207103793,
                0.09440857126764527,
                0.18664638104722154
            ],
            "GRAVITY_REFINE": [
                0.317399503248343,
                -0.028915301481502434
            ]
        },
        "TEMPORAL": {
            "TIME_OFFSET_LtoI": 0.014704318411772954,
            "TIME_OFFSET_CtoI": 0.0,
            "TIME_READOUT": 0.0
        },
        "INTRI": {
            "IMU": {
                "ACCE": {
                    "BIAS": [
                        0.8238031767014407,
                        0.14300600963392152,
                        -0.13272477994733129
                    ],
                    "MAP_COEFF": [
                        1.0,
                        1.0,
                        1.0,
                        0.0,
                        0.0,
                        0.0
                    ]
                },
                "GYRO": {
                    "BIAS": [
                        0.03202873731378907,
                        -0.008750566638588978,
                        0.005942474130941934
                    ],
                    "MAP_COEFF": [
                        1.0,
                        1.0,
                        1.0,
                        0.0,
                        0.0,
                        0.0
                    ]
                },
                "Q_AtoG": [
                    0.0,
                    0.0,
                    0.0,
                    1.0
                ],
                "EULER_AtoG": [
                    -0.0,
                    0.0,
                    -0.0
                ]
            },
            "CAMERA": {
                "K": [
                    [
                        442.96796293315136,
                        0.0,
                        197.14870584296964
                    ],
                    [
                        0.0,
                        441.1914267452639,
                        197.8012593441461
                    ],
                    [
                        0.0,
                        0.0,
                        1.0
                    ]
                ],
                "DISTO_PARAMS": [
                    0.0,
                    0.0,
                    0.0,
                    0.0,
                    0.0
                ]
            }
        }
    }
}