{
    "CalibParam": {
        "EXTRI": {
            "Q_LtoI": [
                0.009647369608840611,
                0.016442808129711444,
                0.042559441021259396,
                0.998912036317712
            ],
            "EULER_LtoI": [
                1.0247492390151512,
                1.9295715564194296,
                4.8620559306779989
            ],
            "POS_LinI": [
                0.29004455225159866,
                0.1487232145272434,
                0.07085777292973727
            ],
            "Q_CtoI": [
                0.2420878997181926,
                0.21437879415322107,
                0.07661842084058647,
                0.9431674289410869
            ],
            "EULER_CtoI": [
                28.18577033295485,
                26.198794687478136,
                2.60180462813311
            ],
            "POS_CinI": [
                0.5584903400107001,
                0.3721453025580726,
                0.17081840747030822
            ],
            "GRAVITY_REFINE": [
                0.28716774127478508,
                -0.06072470966199304
            ]
        },
        "TEMPORAL": {
            "TIME_OFFSET_LtoI": -0.000702562293787912,
            "TIME_OFFSET_CtoI": -0.000431571370217739,
            "TIME_READOUT": 0.0
        },
        "INTRI": {
            "IMU": {
                "ACCE": {
                    "BIAS": [
                        0.019585181882703873,
                        0.02321968126254238,
                        -0.04402770520329449
                    ],
                    "MAP_COEFF": [
                        0.99504101232016,
                        1.025094363692176,
                        0.9826028166166655,
                        0.013357760182780777,
                        0.0214014443272367,
                        -0.011116617269918975
                    ]
                },
                "GYRO": {
                    "BIAS": [
                        0.005637152270546437,
                        0.009566402679036034,
                        0.0008637236192482294
                    ],
                    "MAP_COEFF": [
                        0.9997548371680849,
                        1.0001301934087704,
                        0.9999838929479527,
                        -0.0013313971773415874,
                        -0.014325266441813886,
                        -0.016439819024880999
                    ]
                },
                "Q_AtoG": [
                    0.006440561888667928,
                    0.005094080639313674,
                    0.003421130226099941,
                    0.9999604319036701
                ],
                "EULER_AtoG": [
                    0.7360665553186683,
                    0.5862506847844508,
                    0.38828082633245317
                ]
            },
            "CAMERA": {
                "K": [
                    [
                        449.4334700251942,
                        0.0,
                        199.73304058418445
                    ],
                    [
                        0.0,
                        449.3046388279288,
                        199.0438710654487
                    ],
                    [
                        0.0,
                        0.0,
                        1.0
                    ]
                ],
                "DISTO_PARAMS": [
                    0.01829172950655964,
                    -0.12095064035612165,
                    0.20327215751454956,
                    -0.0009294036614890824,
                    0.00028600819925015617
                ]
            }
        }
    }
}