{
    "CalibParam": {
        "EXTRI": {
            "Q_LtoI": [
                0.009625128429254173,
                0.016583391623837947,
                0.042853309263467819,
                0.9988973630509496
            ],
            "EULER_LtoI": [
                1.0209501693925874,
                1.9458607975305567,
                4.895696810590573
            ],
            "POS_LinI": [
                0.2945921221644736,
                0.14823622611079424,
                0.07368349199890746
            ],
            "Q_CtoI": [
                0.2417475824883247,
                0.2145779217162879,
                0.07679970047710516,
                0.9431946924572872
            ],
            "EULER_CtoI": [
                28.139493838427723,
                26.225797361371183,
                2.6277137647238315
            ],
            "POS_CinI": [
                0.5629466269871201,
                0.37005980081357928,
                0.17635160505622414
            ],
            "GRAVITY_REFINE": [
                0.2874978208221809,
                -0.060451882809258828
            ]
        },
        "TEMPORAL": {
            "TIME_OFFSET_LtoI": -0.0005070069045290748,
            "TIME_OFFSET_CtoI": -0.0005697743935243577,
            "TIME_READOUT": 0.0
        },
        "INTRI": {
            "IMU": {
                "ACCE": {
                    "BIAS": [
                        0.02396188511504584,
                        0.026099223228374957,
                        -0.04655904537507958
                    ],
                    "MAP_COEFF": [
                        0.9969768874762406,
                        1.026507524598612,
                        0.9823789515240822,
                        0.013795950818667129,
                        0.02041060257347145,
                        -0.011575737983380463
                    ]
                },
                "GYRO": {
                    "BIAS": [
                        0.00431050619564792,
                        0.010596946472470006,
                        0.0010987963310927735
                    ],
                    "MAP_COEFF": [
                        1.0004954328556462,
                        1.00114441495736,
                        0.9986009692533368,
                        -0.0012463168213084847,
                        -0.012027469632183289,
                        -0.01823491358232741
                    ]
                },
                "Q_AtoG": [
                    0.00660616048261913,
                    0.00502882646864485,
                    0.003255245373538514,
                    0.9999602356721913
                ],
                "EULER_AtoG": [
                    0.7551646385016821,
                    0.5787122443936873,
                    0.36922332528531079
                ]
            },
            "CAMERA": {
                "K": [
                    [
                        449.40424901603867,
                        0.0,
                        199.6903028259046
                    ],
                    [
                        0.0,
                        449.3351103023993,
                        199.1544178130739
                    ],
                    [
                        0.0,
                        0.0,
                        1.0
                    ]
                ],
                "DISTO_PARAMS": [
                    0.018544674505611308,
                    -0.12331546391958837,
                    0.20539487217110248,
                    -0.0007985117874376397,
                    0.0003072586040164409
                ]
            }
        }
    }
}