{
    "CalibParam": {
        "EXTRI": {
            "Q_LtoI": [
                0.011792123573045825,
                0.017425847145776137,
                0.04224419303558431,
                0.9988857361218362
            ],
            "EULER_LtoI": [
                1.266331811435168,
                2.0521523468245697,
                4.820660429997069
            ],
            "POS_LinI": [
                0.3309308316662531,
                0.14920193730637025,
                0.08775553542416884
            ],
            "Q_CtoI": [
                0.24427785517721405,
                0.21433984060474427,
                0.07573203064891644,
                0.9426830971929775
            ],
            "EULER_CtoI": [
                28.48986426894204,
                26.17462317872576,
                2.430939535802269
            ],
            "POS_CinI": [
                0.5775338896593643,
                0.3718438040394835,
                0.18590957470684595
            ],
            "GRAVITY_REFINE": [
                0.2897620386231375,
                -0.0639261054387809
            ]
        },
        "TEMPORAL": {
            "TIME_OFFSET_LtoI": -0.001626763672902132,
            "TIME_OFFSET_CtoI": -0.001838892946866818,
            "TIME_READOUT": 0.0
        },
        "INTRI": {
            "IMU": {
                "ACCE": {
                    "BIAS": [
                        0.02994502292433847,
                        0.007493507749993407,
                        -0.1166629806293373
                    ],
                    "MAP_COEFF": [
                        1.0084318950807303,
                        1.0241838470197638,
                        0.9878432331991999,
                        0.010612184316362818,
                        0.01617561906926469,
                        -0.006906091742875782
                    ]
                },
                "GYRO": {
                    "BIAS": [
                        0.005686659002202436,
                        0.021915628418234049,
                        0.0028897059294650236
                    ],
                    "MAP_COEFF": [
                        1.0013640631271368,
                        1.00137632145259,
                        0.9948297771611494,
                        -0.0010326539605848493,
                        -0.015102021376086902,
                        -0.04214665986637193
                    ]
                },
                "Q_AtoG": [
                    0.003903558114719458,
                    0.004434646882013059,
                    0.003846137596212389,
                    0.9999751513746069
                ],
                "EULER_AtoG": [
                    0.44537131189583625,
                    0.5098876370031669,
                    0.43876193066139526
                ]
            },
            "CAMERA": {
                "K": [
                    [
                        449.3723232165173,
                        0.0,
                        199.46379457119788
                    ],
                    [
                        0.0,
                        449.3324972859174,
                        199.2304555523378
                    ],
                    [
                        0.0,
                        0.0,
                        1.0
                    ]
                ],
                "DISTO_PARAMS": [
                    0.029140099190650638,
                    -0.19825948355409538,
                    0.323687339609653,
                    -0.0010048220997754595,
                    0.0003372839880509087
                ]
            }
        }
    }
}