{
    "CalibParam": {
        "EXTRI": {
            "Q_LtoI": [
                0.014411529851826713,
                0.02618023384772862,
                0.05250223873093369,
                0.9981735410695118
            ],
            "EULER_LtoI": [
                1.493244546348247,
                3.082745800277802,
                5.981589613707109
            ],
            "POS_LinI": [
                0.5308399832264222,
                0.12064321612614718,
                -0.018757047727850148
            ],
            "Q_CtoI": [
                0.2434995383310934,
                0.21969721947944999,
                0.0798556116751206,
                0.941309825652285
            ],
            "EULER_CtoI": [
                28.340355952172314,
                26.903932181744574,
                2.786029234025448
            ],
            "POS_CinI": [
                0.6567445492182681,
                0.32285780574767727,
                0.09766986303588687
            ],
            "GRAVITY_REFINE": [
                0.3006238734963301,
                -0.06466450237618159
            ]
        },
        "TEMPORAL": {
            "TIME_OFFSET_LtoI": 0.00025471757353645163,
            "TIME_OFFSET_CtoI": 0.0,
            "TIME_READOUT": 0.0
        },
        "INTRI": {
            "IMU": {
                "ACCE": {
                    "BIAS": [
                        0.05321669923991429,
                        -0.07047660922241515,
                        -0.17381998108635819
                    ],
                    "MAP_COEFF": [
                        1.0,
                        1.0,
                        1.0,
                        0.0,
                        0.0,
                        0.0
                    ]
                },
                "GYRO": {
                    "BIAS": [
                        0.002007593464207755,
                        -0.005529403015627854,
                        0.00007953843793754678
                    ],
                    "MAP_COEFF": [
                        1.0,
                        1.0,
                        1.0,
                        0.0,
                        0.0,
                        0.0
                    ]
                },
                "Q_AtoG": [
                    0.0,
                    0.0,
                    0.0,
                    1.0
                ],
                "EULER_AtoG": [
                    -0.0,
                    0.0,
                    -0.0
                ]
            },
            "CAMERA": {
                "K": [
                    [
                        448.92799260001916,
                        0.0,
                        199.3695468236021
                    ],
                    [
                        0.0,
                        449.6155393467729,
                        199.6018467585515
                    ],
                    [
                        0.0,
                        0.0,
                        1.0
                    ]
                ],
                "DISTO_PARAMS": [
                    0.0,
                    0.0,
                    0.0,
                    0.0,
                    0.0
                ]
            }
        }
    }
}