{
    "CalibParam": {
        "EXTRI": {
            "Q_LtoI": [
                0.027758058782504488,
                0.050298635944027617,
                0.029869116802144634,
                0.9979014847449907
            ],
            "EULER_LtoI": [
                3.01915477012223,
                5.856907416968533,
                3.274440019391607
            ],
            "POS_LinI": [
                0.0,
                0.0,
                0.0
            ],
            "Q_CtoI": [
                0.24612072206601785,
                0.21796933400063865,
                0.08148783009397749,
                0.9408898411352921
            ],
            "EULER_CtoI": [
                28.614897457595324,
                26.761775087369288,
                2.9562120445129098
            ],
            "POS_CinI": [
                0.0,
                0.0,
                0.0
            ],
            "GRAVITY_REFINE": [
                0.0,
                0.0
            ]
        },
        "TEMPORAL": {
            "TIME_OFFSET_LtoI": 0.0,
            "TIME_OFFSET_CtoI": 0.0,
            "TIME_READOUT": 0.0
        },
        "INTRI": {
            "IMU": {
                "ACCE": {
                    "BIAS": [
                        0.0,
                        0.0,
                        0.0
                    ],
                    "MAP_COEFF": [
                        1.0,
                        1.0,
                        1.0,
                        0.0,
                        0.0,
                        0.0
                    ]
                },
                "GYRO": {
                    "BIAS": [
                        0.0,
                        0.0,
                        0.0
                    ],
                    "MAP_COEFF": [
                        1.0,
                        1.0,
                        1.0,
                        0.0,
                        0.0,
                        0.0
                    ]
                },
                "Q_AtoG": [
                    0.0,
                    0.0,
                    0.0,
                    1.0
                ],
                "EULER_AtoG": [
                    -0.0,
                    0.0,
                    -0.0
                ]
            },
            "CAMERA": {
                "K": [
                    [
                        450.0,
                        0.0,
                        200.0
                    ],
                    [
                        0.0,
                        450.0,
                        200.0
                    ],
                    [
                        0.0,
                        0.0,
                        1.0
                    ]
                ],
                "DISTO_PARAMS": [
                    0.0,
                    0.0,
                    0.0,
                    0.0,
                    0.0
                ]
            }
        }
    }
}