{
    "CalibParam": {
        "EXTRI": {
            "Q_LtoI": [
                0.009434015000894435,
                0.016727316127561358,
                0.0434636180837586,
                0.9988704171008374
            ],
            "EULER_LtoI": [
                0.9971607757983981,
                1.9620141801974323,
                4.965977468651507
            ],
            "POS_LinI": [
                0.29055090248247025,
                0.14972853584641278,
                0.07009910319125053
            ],
            "Q_CtoI": [
                0.24151169447230284,
                0.21458910704777235,
                0.07721794265051998,
                0.9432184295815991
            ],
            "EULER_CtoI": [
                28.09828855224735,
                26.238385406231396,
                2.6848123948184168
            ],
            "POS_CinI": [
                0.5661659135871772,
                0.3715257784860951,
                0.17020211586556675
            ],
            "GRAVITY_REFINE": [
                0.28740867457420329,
                -0.05935859641461928
            ]
        },
        "TEMPORAL": {
            "TIME_OFFSET_LtoI": -0.00027584108116009034,
            "TIME_OFFSET_CtoI": -0.00043051231636581937,
            "TIME_READOUT": 0.0
        },
        "INTRI": {
            "IMU": {
                "ACCE": {
                    "BIAS": [
                        0.017965728856605444,
                        0.017998629582153756,
                        -0.03763863186290224
                    ],
                    "MAP_COEFF": [
                        0.9932621917311731,
                        1.027438981045392,
                        0.9820488668490552,
                        0.01577184379814538,
                        0.02139356206411781,
                        -0.010620142229848976
                    ]
                },
                "GYRO": {
                    "BIAS": [
                        0.005409701596733233,
                        0.006703375547825023,
                        0.0013604799793701494
                    ],
                    "MAP_COEFF": [
                        0.9997716528653715,
                        1.000317066754538,
                        0.998837138573514,
                        -0.0013209289858023127,
                        -0.013795852648096947,
                        -0.010678227502964676
                    ]
                },
                "Q_AtoG": [
                    0.006690068148351565,
                    0.0047992133479416178,
                    0.002689640679105034,
                    0.99996248748262
                ],
                "EULER_AtoG": [
                    0.7651756694586209,
                    0.5519991955458472,
                    0.3045349251922026
                ]
            },
            "CAMERA": {
                "K": [
                    [
                        449.4893550233434,
                        0.0,
                        199.8120435754203
                    ],
                    [
                        0.0,
                        449.49376535310776,
                        199.0777672886752
                    ],
                    [
                        0.0,
                        0.0,
                        1.0
                    ]
                ],
                "DISTO_PARAMS": [
                    0.0122205664965182,
                    -0.08146607473158402,
                    0.13978949713258785,
                    -0.0007695968202931806,
                    0.00006525266780146796
                ]
            }
        }
    }
}