{
    "CalibParam": {
        "EXTRI": {
            "Q_LtoI": [
                0.014729654851373479,
                0.024552609919917903,
                0.048297624155899717,
                0.9984225288498729
            ],
            "EULER_LtoI": [
                1.5515102091854394,
                2.891832505065395,
                5.499762002108759
            ],
            "POS_LinI": [
                0.4991557580859066,
                0.13726106223444868,
                0.003264028900784035
            ],
            "Q_CtoI": [
                0.24363815816150573,
                0.21925819755518359,
                0.07774486810623274,
                0.9415529863877369
            ],
            "EULER_CtoI": [
                28.410415433541457,
                26.79307490250872,
                2.540224712636594
            ],
            "POS_CinI": [
                0.7097401632635245,
                0.34368578334152158,
                0.09794103191868153
            ],
            "GRAVITY_REFINE": [
                0.29650829045625795,
                -0.0651456857537427
            ]
        },
        "TEMPORAL": {
            "TIME_OFFSET_LtoI": -0.0006154043700340793,
            "TIME_OFFSET_CtoI": 0.0,
            "TIME_READOUT": 0.0
        },
        "INTRI": {
            "IMU": {
                "ACCE": {
                    "BIAS": [
                        0.025181808617762936,
                        -0.04518388301110901,
                        -0.19015264071090205
                    ],
                    "MAP_COEFF": [
                        1.0,
                        1.0,
                        1.0,
                        0.0,
                        0.0,
                        0.0
                    ]
                },
                "GYRO": {
                    "BIAS": [
                        -0.0018238996240028528,
                        -0.0036563667155690906,
                        0.00021929369825313979
                    ],
                    "MAP_COEFF": [
                        1.0,
                        1.0,
                        1.0,
                        0.0,
                        0.0,
                        0.0
                    ]
                },
                "Q_AtoG": [
                    0.0,
                    0.0,
                    0.0,
                    1.0
                ],
                "EULER_AtoG": [
                    -0.0,
                    0.0,
                    -0.0
                ]
            },
            "CAMERA": {
                "K": [
                    [
                        448.7283437752497,
                        0.0,
                        199.2698748705299
                    ],
                    [
                        0.0,
                        449.4420237270751,
                        199.46247133478543
                    ],
                    [
                        0.0,
                        0.0,
                        1.0
                    ]
                ],
                "DISTO_PARAMS": [
                    0.0,
                    0.0,
                    0.0,
                    0.0,
                    0.0
                ]
            }
        }
    }
}