{
    "CalibParam": {
        "EXTRI": {
            "Q_LtoI": [
                0.014109667829321767,
                0.02510764577087028,
                0.05022872880482866,
                0.9983223919156785
            ],
            "EULER_LtoI": [
                1.4717404121689577,
                2.9548194467515276,
                5.722642679962903
            ],
            "POS_LinI": [
                0.5681039812641162,
                0.12006595105784297,
                -0.01340249506551986
            ],
            "Q_CtoI": [
                0.24496560520865227,
                0.22091307365525496,
                0.0787482601927994,
                0.9407379962930985
            ],
            "EULER_CtoI": [
                28.573869943432066,
                27.01500809212837,
                2.568932738011565
            ],
            "POS_CinI": [
                0.7062004451841973,
                0.32432467538544249,
                0.0903322221515726
            ],
            "GRAVITY_REFINE": [
                0.298012390739043,
                -0.06471938100118065
            ]
        },
        "TEMPORAL": {
            "TIME_OFFSET_LtoI": -0.0006154043700340793,
            "TIME_OFFSET_CtoI": 0.0,
            "TIME_READOUT": 0.0
        },
        "INTRI": {
            "IMU": {
                "ACCE": {
                    "BIAS": [
                        0.0017208752960637588,
                        -0.055489314745966907,
                        -0.1755005364014404
                    ],
                    "MAP_COEFF": [
                        1.0,
                        1.0,
                        1.0,
                        0.0,
                        0.0,
                        0.0
                    ]
                },
                "GYRO": {
                    "BIAS": [
                        -0.0008482559905463232,
                        -0.004288156944513688,
                        -0.00016752686196097984
                    ],
                    "MAP_COEFF": [
                        1.0,
                        1.0,
                        1.0,
                        0.0,
                        0.0,
                        0.0
                    ]
                },
                "Q_AtoG": [
                    0.0,
                    0.0,
                    0.0,
                    1.0
                ],
                "EULER_AtoG": [
                    -0.0,
                    0.0,
                    -0.0
                ]
            },
            "CAMERA": {
                "K": [
                    [
                        448.7283437752497,
                        0.0,
                        199.2698748705299
                    ],
                    [
                        0.0,
                        449.4420237270751,
                        199.46247133478543
                    ],
                    [
                        0.0,
                        0.0,
                        1.0
                    ]
                ],
                "DISTO_PARAMS": [
                    0.0,
                    0.0,
                    0.0,
                    0.0,
                    0.0
                ]
            }
        }
    }
}