{
    "CalibParam": {
        "EXTRI": {
            "Q_LtoI": [
                0.010138027688579349,
                0.017821857775893059,
                0.04374905015562114,
                0.9988321292341784
            ],
            "EULER_LtoI": [
                1.071806064440292,
                2.0911383092283368,
                4.996365858939335
            ],
            "POS_LinI": [
                0.3289289269525421,
                0.1495241296966949,
                0.08837068872442927
            ],
            "Q_CtoI": [
                0.242134814603181,
                0.21563144719536793,
                0.07712750734573726,
                0.9428282760652376
            ],
            "EULER_CtoI": [
                28.19221813722496,
                26.356650279588828,
                2.6233517116405227
            ],
            "POS_CinI": [
                0.5901604509310499,
                0.370491995329338,
                0.19200965323530096
            ],
            "GRAVITY_REFINE": [
                0.2890774236613295,
                -0.06074101923624076
            ]
        },
        "TEMPORAL": {
            "TIME_OFFSET_LtoI": -0.0004483881910069735,
            "TIME_OFFSET_CtoI": -0.0010042076169167673,
            "TIME_READOUT": 0.0
        },
        "INTRI": {
            "IMU": {
                "ACCE": {
                    "BIAS": [
                        0.02445317068703211,
                        0.016659980291636488,
                        -0.07735796494828239
                    ],
                    "MAP_COEFF": [
                        1.0040220780987655,
                        1.0307337763638707,
                        0.9840605855423068,
                        0.01661160294026836,
                        0.016452835579789026,
                        -0.01028399439271567
                    ]
                },
                "GYRO": {
                    "BIAS": [
                        0.00301435986285553,
                        0.012779333500443365,
                        0.0014193580898753417
                    ],
                    "MAP_COEFF": [
                        1.0016220991661822,
                        1.0019281118008106,
                        0.9972666074372902,
                        -0.0009495957002672148,
                        -0.009663493800018257,
                        -0.02311178987779147
                    ]
                },
                "Q_AtoG": [
                    0.005936810109732217,
                    0.003999627209694343,
                    0.0025454927028404105,
                    0.9999711384509077
                ],
                "EULER_AtoG": [
                    0.6791598287190569,
                    0.46004695263975095,
                    0.28897311903287489
                ]
            },
            "CAMERA": {
                "K": [
                    [
                        449.4629907614787,
                        0.0,
                        199.58403573499209
                    ],
                    [
                        0.0,
                        449.4368791189223,
                        199.28204964378365
                    ],
                    [
                        0.0,
                        0.0,
                        1.0
                    ]
                ],
                "DISTO_PARAMS": [
                    0.02045732463389367,
                    -0.14506161920824493,
                    0.2465107673831481,
                    -0.0007301606558376445,
                    0.0003667786650701339
                ]
            }
        }
    }
}