{
    "CalibParam": {
        "EXTRI": {
            "Q_LtoI": [
                0.010025141771269937,
                0.017844672147419344,
                0.043905359351747458,
                0.9988260026794512
            ],
            "EULER_LtoI": [
                1.0584346364141489,
                2.0933521781195516,
                5.0145184955750639
            ],
            "POS_LinI": [
                0.3283078276063411,
                0.14962497424359909,
                0.08883266504006815
            ],
            "Q_CtoI": [
                0.24196041613371173,
                0.2156953575333483,
                0.07723446629347239,
                0.9428496735849914
            ],
            "EULER_CtoI": [
                28.167675013656706,
                26.36653634698317,
                2.6395338552862777
            ],
            "POS_CinI": [
                0.5901699726741166,
                0.37050426434526409,
                0.19256807837675453
            ],
            "GRAVITY_REFINE": [
                0.28904494427109359,
                -0.06047897402450943
            ]
        },
        "TEMPORAL": {
            "TIME_OFFSET_LtoI": -0.00035365263534144827,
            "TIME_OFFSET_CtoI": -0.0009528127380630677,
            "TIME_READOUT": 0.0
        },
        "INTRI": {
            "IMU": {
                "ACCE": {
                    "BIAS": [
                        0.02559913441858678,
                        0.016779003141776089,
                        -0.07649673016156787
                    ],
                    "MAP_COEFF": [
                        1.0037173905083257,
                        1.031415344029213,
                        0.9839928911167342,
                        0.016972724351843325,
                        0.016382819813391654,
                        -0.010445920391199394
                    ]
                },
                "GYRO": {
                    "BIAS": [
                        0.002936893794620121,
                        0.012362191927561318,
                        0.0013486493375361308
                    ],
                    "MAP_COEFF": [
                        1.00160195074619,
                        1.001918390136679,
                        0.9974085118621714,
                        -0.0009516802974245583,
                        -0.009494308256681343,
                        -0.02225977532793874
                    ]
                },
                "Q_AtoG": [
                    0.006059263267242484,
                    0.003979850958032557,
                    0.0024164890775259289,
                    0.9999708029215395
                ],
                "EULER_AtoG": [
                    0.6932571312393809,
                    0.45772674527185228,
                    0.2741475886599182
                ]
            },
            "CAMERA": {
                "K": [
                    [
                        449.4781285951552,
                        0.0,
                        199.59069198891064
                    ],
                    [
                        0.0,
                        449.4555452757794,
                        199.29261085451479
                    ],
                    [
                        0.0,
                        0.0,
                        1.0
                    ]
                ],
                "DISTO_PARAMS": [
                    0.019449708908962455,
                    -0.13885552956978584,
                    0.23698730950412257,
                    -0.0007080648178888508,
                    0.00035102263542195923
                ]
            }
        }
    }
}