{
    "CalibParam": {
        "EXTRI": {
            "Q_LtoI": [
                0.009648117848898816,
                0.01645811648988856,
                0.04258569855334205,
                0.9989106579180658
            ],
            "EULER_LtoI": [
                1.0247102309696926,
                1.9313549485963318,
                4.865054071426403
            ],
            "POS_LinI": [
                0.2900034239380079,
                0.1486872229548784,
                0.07092900836825605
            ],
            "Q_CtoI": [
                0.24206555035878378,
                0.2143209099465111,
                0.0766427948634007,
                0.9431843398216095
            ],
            "EULER_CtoI": [
                28.18162009647175,
                26.192820181308045,
                2.6071793001509215
            ],
            "POS_CinI": [
                0.559761618022108,
                0.37185955635552028,
                0.1707692723077434
            ],
            "GRAVITY_REFINE": [
                0.2871175935505861,
                -0.060585781028785947
            ]
        },
        "TEMPORAL": {
            "TIME_OFFSET_LtoI": -0.0006663533703939462,
            "TIME_OFFSET_CtoI": -0.0004203018065683724,
            "TIME_READOUT": 0.0
        },
        "INTRI": {
            "IMU": {
                "ACCE": {
                    "BIAS": [
                        0.01730309707259195,
                        0.023028931235987508,
                        -0.043009267786979037
                    ],
                    "MAP_COEFF": [
                        0.9947634370586226,
                        1.0254893885118335,
                        0.9824951200506532,
                        0.0134234944161674,
                        0.021659711539485036,
                        -0.011048333275973403
                    ]
                },
                "GYRO": {
                    "BIAS": [
                        0.005600671237911996,
                        0.008902724265655355,
                        0.0010029627357163768
                    ],
                    "MAP_COEFF": [
                        0.9997668891917093,
                        1.000124166643478,
                        0.9996771914023396,
                        -0.0013333613566733332,
                        -0.014234125380459199,
                        -0.015053753938497493
                    ]
                },
                "Q_AtoG": [
                    0.006455091437458961,
                    0.005081052120092384,
                    0.003403048559352844,
                    0.9999604662007342
                ],
                "EULER_AtoG": [
                    0.7377471435519094,
                    0.5847500482125446,
                    0.38620981195937717
                ]
            },
            "CAMERA": {
                "K": [
                    [
                        449.43672082376687,
                        0.0,
                        199.74421653035993
                    ],
                    [
                        0.0,
                        449.3279311524621,
                        199.04347542379765
                    ],
                    [
                        0.0,
                        0.0,
                        1.0
                    ]
                ],
                "DISTO_PARAMS": [
                    0.01769600418842912,
                    -0.11664323309873237,
                    0.19650127942697755,
                    -0.0009033633732475263,
                    0.00023769619121134935
                ]
            }
        }
    }
}