{
    "CalibParam": {
        "EXTRI": {
            "Q_LtoI": [
                -0.006920268085890592,
                0.02738679763501535,
                0.05700007690093042,
                0.9979744808552001
            ],
            "EULER_LtoI": [
                179.0282611128201,
                176.91176704606824,
                -173.43592322190686
            ],
            "POS_LinI": [
                -0.04675351122973372,
                -0.03726203089086765,
                0.0346786837997935
            ],
            "Q_CtoI": [
                0.22975994429209876,
                0.21045794488242773,
                0.08082743542465702,
                0.9467759751479913
            ],
            "EULER_CtoI": [
                26.458187346875918,
                25.826971346242808,
                3.5886934450256189
            ],
            "POS_CinI": [
                -0.17039278388604374,
                0.13290469211885243,
                0.1970830251466045
            ],
            "GRAVITY_REFINE": [
                0.36814750067786819,
                0.055210367760562647
            ]
        },
        "TEMPORAL": {
            "TIME_OFFSET_LtoI": -0.009194103961947949,
            "TIME_OFFSET_CtoI": 0.0,
            "TIME_READOUT": 0.0
        },
        "INTRI": {
            "IMU": {
                "ACCE": {
                    "BIAS": [
                        0.9410317533151803,
                        0.046687837334486659,
                        -0.12771145090958298
                    ],
                    "MAP_COEFF": [
                        1.0,
                        1.0,
                        1.0,
                        0.0,
                        0.0,
                        0.0
                    ]
                },
                "GYRO": {
                    "BIAS": [
                        0.05425587460584641,
                        -0.025254951185230726,
                        0.016335849710833729
                    ],
                    "MAP_COEFF": [
                        1.0,
                        1.0,
                        1.0,
                        0.0,
                        0.0,
                        0.0
                    ]
                },
                "Q_AtoG": [
                    0.0,
                    0.0,
                    0.0,
                    1.0
                ],
                "EULER_AtoG": [
                    -0.0,
                    0.0,
                    -0.0
                ]
            },
            "CAMERA": {
                "K": [
                    [
                        442.78231373680867,
                        0.0,
                        197.42163532220136
                    ],
                    [
                        0.0,
                        436.0341305615853,
                        201.39460998495268
                    ],
                    [
                        0.0,
                        0.0,
                        1.0
                    ]
                ],
                "DISTO_PARAMS": [
                    0.0,
                    0.0,
                    0.0,
                    0.0,
                    0.0
                ]
            }
        }
    }
}