{
    "CalibParam": {
        "EXTRI": {
            "Q_LtoI": [
                0.01381896330482122,
                0.021193074330939783,
                0.055363573322519749,
                0.9981456630184521
            ],
            "EULER_LtoI": [
                1.4476926772271053,
                2.5125194992553609,
                6.317729513060487
            ],
            "POS_LinI": [
                0.12647767608159869,
                0.060634524325173178,
                0.01518166726907437
            ],
            "Q_CtoI": [
                0.24351612226699238,
                0.21721421812002576,
                0.08268925657182305,
                0.9416370683496653
            ],
            "EULER_CtoI": [
                28.238445421315317,
                26.701747976737648,
                3.2043448896760609
            ],
            "POS_CinI": [
                0.29312387668921766,
                0.2695738455639605,
                0.1333752176232577
            ],
            "GRAVITY_REFINE": [
                0.30319982285090399,
                -0.06321871860812635
            ]
        },
        "TEMPORAL": {
            "TIME_OFFSET_LtoI": 0.0073974397133962249,
            "TIME_OFFSET_CtoI": 0.0,
            "TIME_READOUT": 0.0
        },
        "INTRI": {
            "IMU": {
                "ACCE": {
                    "BIAS": [
                        0.3861932361217033,
                        -0.012265965528504319,
                        -0.16657175765578589
                    ],
                    "MAP_COEFF": [
                        1.0,
                        1.0,
                        1.0,
                        0.0,
                        0.0,
                        0.0
                    ]
                },
                "GYRO": {
                    "BIAS": [
                        0.009494071415054137,
                        -0.005648089537301494,
                        -0.0011253532595252745
                    ],
                    "MAP_COEFF": [
                        1.0,
                        1.0,
                        1.0,
                        0.0,
                        0.0,
                        0.0
                    ]
                },
                "Q_AtoG": [
                    0.0,
                    0.0,
                    0.0,
                    1.0
                ],
                "EULER_AtoG": [
                    -0.0,
                    0.0,
                    -0.0
                ]
            },
            "CAMERA": {
                "K": [
                    [
                        450.05889533744678,
                        0.0,
                        200.01333575812184
                    ],
                    [
                        0.0,
                        449.90453667950268,
                        200.68661407270487
                    ],
                    [
                        0.0,
                        0.0,
                        1.0
                    ]
                ],
                "DISTO_PARAMS": [
                    0.0,
                    0.0,
                    0.0,
                    0.0,
                    0.0
                ]
            }
        }
    }
}