{
    "CalibParam": {
        "EXTRI": {
            "Q_LtoI": [
                0.011832504973301944,
                0.017435038426882735,
                0.04222904770578727,
                0.9988857386062593
            ],
            "EULER_LtoI": [
                1.270944855991972,
                2.053380153137211,
                4.8188298020409079
            ],
            "POS_LinI": [
                0.330973209423455,
                0.14927736028114756,
                0.08786710644776476
            ],
            "Q_CtoI": [
                0.24420399164215013,
                0.21426746368136077,
                0.07565534666507685,
                0.9427248447954389
            ],
            "EULER_CtoI": [
                28.481567165821564,
                26.163948710879088,
                2.426164579514153
            ],
            "POS_CinI": [
                0.5779410894256282,
                0.37101164434038616,
                0.1857267882001395
            ],
            "GRAVITY_REFINE": [
                0.2899039525240623,
                -0.06388258326704045
            ]
        },
        "TEMPORAL": {
            "TIME_OFFSET_LtoI": -0.0016954992161213748,
            "TIME_OFFSET_CtoI": -0.0019756296186785196,
            "TIME_READOUT": 0.0
        },
        "INTRI": {
            "IMU": {
                "ACCE": {
                    "BIAS": [
                        0.0335369473126136,
                        0.004931481265482817,
                        -0.12034942687878966
                    ],
                    "MAP_COEFF": [
                        1.008684173423442,
                        1.0240643593073174,
                        0.9881989370273644,
                        0.0098272703426439,
                        0.01587732509929579,
                        -0.006542815934500808
                    ]
                },
                "GYRO": {
                    "BIAS": [
                        0.005977797803445396,
                        0.02152024748021655,
                        0.003531968057493731
                    ],
                    "MAP_COEFF": [
                        1.0012924465978129,
                        1.0016259732462228,
                        0.9935129898574058,
                        -0.000930992339798105,
                        -0.015786309013289668,
                        -0.041596472415209969
                    ]
                },
                "Q_AtoG": [
                    0.0038253548213029958,
                    0.004453265966392754,
                    0.0038672231471268039,
                    0.9999752895286234
                ],
                "EULER_AtoG": [
                    0.43639071336779786,
                    0.5119961042317531,
                    0.44121005097518625
                ]
            },
            "CAMERA": {
                "K": [
                    [
                        449.3397074196967,
                        0.0,
                        199.4968347676121
                    ],
                    [
                        0.0,
                        449.3334905778346,
                        199.23896171670183
                    ],
                    [
                        0.0,
                        0.0,
                        1.0
                    ]
                ],
                "DISTO_PARAMS": [
                    0.028662746571351318,
                    -0.19174168033382858,
                    0.30950686552387787,
                    -0.0008840611249430074,
                    0.00021978247884341784
                ]
            }
        }
    }
}