{
    "CalibParam": {
        "EXTRI": {
            "Q_LtoI": [
                0.01459026529313585,
                0.023589200122510945,
                0.04814582541600929,
                0.9984551333391337
            ],
            "EULER_LtoI": [
                1.5411943682597869,
                2.780534564343543,
                5.483958522018803
            ],
            "POS_LinI": [
                0.44532404042188769,
                0.15336240608662725,
                0.003696848603326247
            ],
            "Q_CtoI": [
                0.24335327884809306,
                0.2180409315102977,
                0.0777476784096019,
                0.9419090361398606
            ],
            "EULER_CtoI": [
                28.359605208690007,
                26.65323985810377,
                2.5870313638487278
            ],
            "POS_CinI": [
                0.6609489344620105,
                0.35920905052936749,
                0.10068494590915932
            ],
            "GRAVITY_REFINE": [
                0.2967572596246381,
                -0.0651492085193555
            ]
        },
        "TEMPORAL": {
            "TIME_OFFSET_LtoI": -0.0006154043700340793,
            "TIME_OFFSET_CtoI": 0.0,
            "TIME_READOUT": 0.0
        },
        "INTRI": {
            "IMU": {
                "ACCE": {
                    "BIAS": [
                        0.07305393090982954,
                        -0.05457162013430784,
                        -0.1913506079486952
                    ],
                    "MAP_COEFF": [
                        1.0,
                        1.0,
                        1.0,
                        0.0,
                        0.0,
                        0.0
                    ]
                },
                "GYRO": {
                    "BIAS": [
                        -0.0007990064606490759,
                        -0.003526065631476216,
                        0.00018963145498096054
                    ],
                    "MAP_COEFF": [
                        1.0,
                        1.0,
                        1.0,
                        0.0,
                        0.0,
                        0.0
                    ]
                },
                "Q_AtoG": [
                    0.0,
                    0.0,
                    0.0,
                    1.0
                ],
                "EULER_AtoG": [
                    -0.0,
                    0.0,
                    -0.0
                ]
            },
            "CAMERA": {
                "K": [
                    [
                        448.7283437752497,
                        0.0,
                        199.2698748705299
                    ],
                    [
                        0.0,
                        449.4420237270751,
                        199.46247133478543
                    ],
                    [
                        0.0,
                        0.0,
                        1.0
                    ]
                ],
                "DISTO_PARAMS": [
                    0.0,
                    0.0,
                    0.0,
                    0.0,
                    0.0
                ]
            }
        }
    }
}