{
    "CalibParam": {
        "EXTRI": {
            "Q_LtoI": [
                0.01004320399002926,
                0.01693287322864695,
                0.04384960249927312,
                0.9988441441078247
            ],
            "EULER_LtoI": [
                1.0651550153614316,
                1.9889860540940483,
                5.008890499049204
            ],
            "POS_LinI": [
                0.302381056393077,
                0.14668720384441093,
                0.09413989580579703
            ],
            "Q_CtoI": [
                0.24239639934704752,
                0.21524017700042748,
                0.0774364573594225,
                0.9428251411900479
            ],
            "EULER_CtoI": [
                28.21330293808791,
                26.321549543452794,
                2.664723526523668
            ],
            "POS_CinI": [
                0.5600814073523207,
                0.36920371912812219,
                0.1955014923706928
            ],
            "GRAVITY_REFINE": [
                0.2885878899029917,
                -0.060330587808592708
            ]
        },
        "TEMPORAL": {
            "TIME_OFFSET_LtoI": -0.0005402354542561685,
            "TIME_OFFSET_CtoI": -0.0005450334938262166,
            "TIME_READOUT": 0.0
        },
        "INTRI": {
            "IMU": {
                "ACCE": {
                    "BIAS": [
                        0.03549834290780978,
                        0.022014520402372833,
                        -0.07677880955991085
                    ],
                    "MAP_COEFF": [
                        1.0027727404001479,
                        1.031702118855345,
                        0.9842331625862013,
                        0.01693818905712715,
                        0.018373883678621116,
                        -0.010166494121958379
                    ]
                },
                "GYRO": {
                    "BIAS": [
                        0.0031230260282065827,
                        0.013523397746720047,
                        0.0020477144258160956
                    ],
                    "MAP_COEFF": [
                        1.0004337940366258,
                        1.0007491904721227,
                        0.9969838327895261,
                        -0.0009288005692220702,
                        -0.009979335902102928,
                        -0.024284569787705186
                    ]
                },
                "Q_AtoG": [
                    0.005955317604826468,
                    0.0048764603281790858,
                    0.0025273638900678108,
                    0.9999671828408474
                ],
                "EULER_AtoG": [
                    0.6810430648907015,
                    0.5605165406062214,
                    0.28629211634747439
                ]
            },
            "CAMERA": {
                "K": [
                    [
                        449.4590877536618,
                        0.0,
                        199.65558746642086
                    ],
                    [
                        0.0,
                        449.38954956811946,
                        199.12788128843497
                    ],
                    [
                        0.0,
                        0.0,
                        1.0
                    ]
                ],
                "DISTO_PARAMS": [
                    0.019687097342218609,
                    -0.13816010590555923,
                    0.23212163300306128,
                    -0.0010625150342607787,
                    0.0006463370130262252
                ]
            }
        }
    }
}