{
    "CalibParam": {
        "EXTRI": {
            "Q_LtoI": [
                0.01172582314814547,
                0.02059675652422357,
                0.04290141529186858,
                0.9987981514090497
            ],
            "EULER_LtoI": [
                1.242009884137226,
                2.41573928325594,
                4.892843880242408
            ],
            "POS_LinI": [
                0.4125373314546112,
                0.16163346463607823,
                0.050062021773086069
            ],
            "Q_CtoI": [
                0.24286373351928942,
                0.2165999151757951,
                0.07426935550752294,
                0.9426482623542078
            ],
            "EULER_CtoI": [
                28.372809183322074,
                26.386859037849207,
                2.2270689055561085
            ],
            "POS_CinI": [
                0.6714711031884749,
                0.3741263292398196,
                0.15133509715840544
            ],
            "GRAVITY_REFINE": [
                0.2915653824231982,
                -0.06461167591866536
            ]
        },
        "TEMPORAL": {
            "TIME_OFFSET_LtoI": -0.0006239364272453472,
            "TIME_OFFSET_CtoI": -0.00297286869648374,
            "TIME_READOUT": 0.0
        },
        "INTRI": {
            "IMU": {
                "ACCE": {
                    "BIAS": [
                        0.0053845157891773708,
                        -0.01650102405575556,
                        -0.10643300911013229
                    ],
                    "MAP_COEFF": [
                        1.0055093284866744,
                        1.0130552867374119,
                        0.9880086041762319,
                        0.005349966573767613,
                        0.008999263271744334,
                        -0.007362543127721997
                    ]
                },
                "GYRO": {
                    "BIAS": [
                        0.004774863613494558,
                        0.015476745278725179,
                        0.0008336550624804516
                    ],
                    "MAP_COEFF": [
                        1.0028813663757788,
                        1.0040787190970755,
                        0.9970389105277309,
                        -0.0009631721523283332,
                        -0.012282253702462547,
                        -0.03065866621203426
                    ]
                },
                "Q_AtoG": [
                    0.004621163858088016,
                    0.0014126710488576223,
                    0.004286694991998598,
                    0.9999791365079324
                ],
                "EULER_AtoG": [
                    0.5288510715096347,
                    0.16414702881505123,
                    0.4904687417365684
                ]
            },
            "CAMERA": {
                "K": [
                    [
                        449.2726865871004,
                        0.0,
                        199.509942553747
                    ],
                    [
                        0.0,
                        449.4433145817806,
                        199.48930690637503
                    ],
                    [
                        0.0,
                        0.0,
                        1.0
                    ]
                ],
                "DISTO_PARAMS": [
                    0.021241497176570289,
                    -0.13790305388431604,
                    0.22315121246661247,
                    -0.0000703333384875625,
                    -0.0004008981007641001
                ]
            }
        }
    }
}