{
    "CalibParam": {
        "EXTRI": {
            "Q_LtoI": [
                0.014572856603518127,
                0.025501791095054187,
                0.04904356089694383,
                0.9983646726702149
            ],
            "EULER_LtoI": [
                1.5261488095691436,
                3.0007818961941847,
                5.584685775834755
            ],
            "POS_LinI": [
                0.5634186940259247,
                0.12079776410485178,
                -0.0036748710826185004
            ],
            "Q_CtoI": [
                0.24445521833696277,
                0.22086929512386192,
                0.07808474172026471,
                0.9409363282442632
            ],
            "EULER_CtoI": [
                28.52550750658584,
                26.989315185549907,
                2.505881578261346
            ],
            "POS_CinI": [
                0.7446714055904887,
                0.32653367223242715,
                0.09411224839482678
            ],
            "GRAVITY_REFINE": [
                0.2967245364079414,
                -0.06473094830891969
            ]
        },
        "TEMPORAL": {
            "TIME_OFFSET_LtoI": -0.0006154043700340793,
            "TIME_OFFSET_CtoI": 0.0,
            "TIME_READOUT": 0.0
        },
        "INTRI": {
            "IMU": {
                "ACCE": {
                    "BIAS": [
                        -0.020758250428597415,
                        -0.0417537082819465,
                        -0.1836934925498832
                    ],
                    "MAP_COEFF": [
                        1.0,
                        1.0,
                        1.0,
                        0.0,
                        0.0,
                        0.0
                    ]
                },
                "GYRO": {
                    "BIAS": [
                        -0.002466304307118314,
                        -0.0038730186027878005,
                        -0.000027125840808281313
                    ],
                    "MAP_COEFF": [
                        1.0,
                        1.0,
                        1.0,
                        0.0,
                        0.0,
                        0.0
                    ]
                },
                "Q_AtoG": [
                    0.0,
                    0.0,
                    0.0,
                    1.0
                ],
                "EULER_AtoG": [
                    -0.0,
                    0.0,
                    -0.0
                ]
            },
            "CAMERA": {
                "K": [
                    [
                        448.7283437752497,
                        0.0,
                        199.2698748705299
                    ],
                    [
                        0.0,
                        449.4420237270751,
                        199.46247133478543
                    ],
                    [
                        0.0,
                        0.0,
                        1.0
                    ]
                ],
                "DISTO_PARAMS": [
                    0.0,
                    0.0,
                    0.0,
                    0.0,
                    0.0
                ]
            }
        }
    }
}