{
    "CalibParam": {
        "EXTRI": {
            "Q_LtoI": [
                0.01463355712498681,
                0.02388754931458049,
                0.04819142001910789,
                0.9984452068241678
            ],
            "EULER_LtoI": [
                1.544410397195519,
                2.8149992584740839,
                5.488691202687342
            ],
            "POS_LinI": [
                0.46200154200584289,
                0.14813554462212387,
                0.0036399511599174308
            ],
            "Q_CtoI": [
                0.24344574639623765,
                0.21842962965954552,
                0.0777491681655793,
                0.9417949523638004
            ],
            "EULER_CtoI": [
                28.37593244740702,
                26.697964090141658,
                2.572349666046116
            ],
            "POS_CinI": [
                0.6760417168620354,
                0.3542064976802398,
                0.09992338056371472
            ],
            "GRAVITY_REFINE": [
                0.2966771712685156,
                -0.0651467062177058
            ]
        },
        "TEMPORAL": {
            "TIME_OFFSET_LtoI": -0.0006154043700340793,
            "TIME_OFFSET_CtoI": 0.0,
            "TIME_READOUT": 0.0
        },
        "INTRI": {
            "IMU": {
                "ACCE": {
                    "BIAS": [
                        0.058212807517827178,
                        -0.05151866004988452,
                        -0.19100169292544096
                    ],
                    "MAP_COEFF": [
                        1.0,
                        1.0,
                        1.0,
                        0.0,
                        0.0,
                        0.0
                    ]
                },
                "GYRO": {
                    "BIAS": [
                        -0.0011169846978962776,
                        -0.0035709699258932006,
                        0.00019988296372868897
                    ],
                    "MAP_COEFF": [
                        1.0,
                        1.0,
                        1.0,
                        0.0,
                        0.0,
                        0.0
                    ]
                },
                "Q_AtoG": [
                    0.0,
                    0.0,
                    0.0,
                    1.0
                ],
                "EULER_AtoG": [
                    -0.0,
                    0.0,
                    -0.0
                ]
            },
            "CAMERA": {
                "K": [
                    [
                        448.7283437752497,
                        0.0,
                        199.2698748705299
                    ],
                    [
                        0.0,
                        449.4420237270751,
                        199.46247133478543
                    ],
                    [
                        0.0,
                        0.0,
                        1.0
                    ]
                ],
                "DISTO_PARAMS": [
                    0.0,
                    0.0,
                    0.0,
                    0.0,
                    0.0
                ]
            }
        }
    }
}