{
    "CalibParam": {
        "EXTRI": {
            "Q_LtoI": [
                0.009655824195179562,
                0.016451291636380557,
                0.042622059729072288,
                0.9989091450612804
            ],
            "EULER_LtoI": [
                1.025555624289671,
                1.930648316093913,
                4.869217192024492
            ],
            "POS_LinI": [
                0.289999022339469,
                0.14879294366986205,
                0.07086454800986249
            ],
            "Q_CtoI": [
                0.24201030356463855,
                0.2144134028154279,
                0.0766418786647029,
                0.9431775697589534
            ],
            "EULER_CtoI": [
                28.17557235970052,
                26.203206932526567,
                2.6058872030585888
            ],
            "POS_CinI": [
                0.5581104204056965,
                0.37192332962446636,
                0.17100720300969955
            ],
            "GRAVITY_REFINE": [
                0.28730227322686,
                -0.06071955110333684
            ]
        },
        "TEMPORAL": {
            "TIME_OFFSET_LtoI": -0.0007416932502378732,
            "TIME_OFFSET_CtoI": -0.0005416395612950851,
            "TIME_READOUT": 0.0
        },
        "INTRI": {
            "IMU": {
                "ACCE": {
                    "BIAS": [
                        0.023608697113061858,
                        0.023937702127875685,
                        -0.044788714100678608
                    ],
                    "MAP_COEFF": [
                        0.9954765360018575,
                        1.0247781272533459,
                        0.9826401789632652,
                        0.013451876486126327,
                        0.020950900077784976,
                        -0.011249775865297594
                    ]
                },
                "GYRO": {
                    "BIAS": [
                        0.004923295448988029,
                        0.010570855651652106,
                        0.0013352871376314359
                    ],
                    "MAP_COEFF": [
                        0.9997904749922237,
                        1.0003335943757168,
                        0.9989732022911586,
                        -0.0013434619910669159,
                        -0.013005386351198433,
                        -0.018576775624349924
                    ]
                },
                "Q_AtoG": [
                    0.006420255757237326,
                    0.0051194033259858149,
                    0.003360913017392409,
                    0.9999606373699352
                ],
                "EULER_AtoG": [
                    0.7337653503756318,
                    0.5891003436469006,
                    0.38137369525843847
                ]
            },
            "CAMERA": {
                "K": [
                    [
                        449.42660758256519,
                        0.0,
                        199.73853410542089
                    ],
                    [
                        0.0,
                        449.28764533502388,
                        199.03834128764908
                    ],
                    [
                        0.0,
                        0.0,
                        1.0
                    ]
                ],
                "DISTO_PARAMS": [
                    0.018612350668371304,
                    -0.1222153195459023,
                    0.20388370185100594,
                    -0.0008869990794447411,
                    0.0002958607052507627
                ]
            }
        }
    }
}