{
    "CalibParam": {
        "EXTRI": {
            "Q_LtoI": [
                0.013885889807162322,
                0.025074702939894144,
                0.05159868102323726,
                0.998256488811068
            ],
            "EULER_LtoI": [
                1.4422360198891729,
                2.9517492259653967,
                5.880673202733518
            ],
            "POS_LinI": [
                0.5693620588135413,
                0.12022408241153329,
                -0.0176767138883045
            ],
            "Q_CtoI": [
                0.2438127099662175,
                0.21987069109824784,
                0.07915979643715078,
                0.9412470282996579
            ],
            "EULER_CtoI": [
                28.401661796933668,
                26.904554526601303,
                2.6868518634420197
            ],
            "POS_CinI": [
                0.6885844099307286,
                0.3226803489636254,
                0.08280015338420625
            ],
            "GRAVITY_REFINE": [
                0.29955469412920746,
                -0.06515210558085973
            ]
        },
        "TEMPORAL": {
            "TIME_OFFSET_LtoI": -0.0006154043700340793,
            "TIME_OFFSET_CtoI": 0.0,
            "TIME_READOUT": 0.0
        },
        "INTRI": {
            "IMU": {
                "ACCE": {
                    "BIAS": [
                        0.018654500917000023,
                        -0.06780085623621897,
                        -0.17213678123267082
                    ],
                    "MAP_COEFF": [
                        1.0,
                        1.0,
                        1.0,
                        0.0,
                        0.0,
                        0.0
                    ]
                },
                "GYRO": {
                    "BIAS": [
                        0.0005996752007128652,
                        -0.005182879133564724,
                        0.00009898875197043077
                    ],
                    "MAP_COEFF": [
                        1.0,
                        1.0,
                        1.0,
                        0.0,
                        0.0,
                        0.0
                    ]
                },
                "Q_AtoG": [
                    0.0,
                    0.0,
                    0.0,
                    1.0
                ],
                "EULER_AtoG": [
                    -0.0,
                    0.0,
                    -0.0
                ]
            },
            "CAMERA": {
                "K": [
                    [
                        448.7283437752497,
                        0.0,
                        199.2698748705299
                    ],
                    [
                        0.0,
                        449.4420237270751,
                        199.46247133478543
                    ],
                    [
                        0.0,
                        0.0,
                        1.0
                    ]
                ],
                "DISTO_PARAMS": [
                    0.0,
                    0.0,
                    0.0,
                    0.0,
                    0.0
                ]
            }
        }
    }
}