{
    "CalibParam": {
        "EXTRI": {
            "Q_LtoI": [
                0.012164676193851393,
                0.021028427923945528,
                0.04204495164629046,
                0.9988203281437595
            ],
            "EULER_LtoI": [
                1.2923163386995647,
                2.4662085453668216,
                4.793022474204154
            ],
            "POS_LinI": [
                0.437981682998377,
                0.15281399019371515,
                0.014449972109726534
            ],
            "Q_CtoI": [
                0.24345252166544238,
                0.2170241481585958,
                0.07338441529160672,
                0.9424680983476748
            ],
            "EULER_CtoI": [
                28.477021435638954,
                26.41104983652659,
                2.0894841721432475
            ],
            "POS_CinI": [
                0.6969123509968621,
                0.3649517268379691,
                0.113738025151527
            ],
            "GRAVITY_REFINE": [
                0.29170244186128788,
                -0.0654744097290536
            ]
        },
        "TEMPORAL": {
            "TIME_OFFSET_LtoI": -0.0011158219232264423,
            "TIME_OFFSET_CtoI": -0.0037417182917091754,
            "TIME_READOUT": 0.0
        },
        "INTRI": {
            "IMU": {
                "ACCE": {
                    "BIAS": [
                        -0.010291994520894202,
                        -0.01899741376952733,
                        -0.08802998622769948
                    ],
                    "MAP_COEFF": [
                        0.9992701043869001,
                        1.000741585542538,
                        0.9881021341878398,
                        0.001132859968782241,
                        0.007986676414709208,
                        -0.005985562058017629
                    ]
                },
                "GYRO": {
                    "BIAS": [
                        0.0035960488635732644,
                        0.01701631834369972,
                        0.0006041980535868654
                    ],
                    "MAP_COEFF": [
                        1.0032848157444133,
                        1.0049106486069526,
                        0.9971222288876782,
                        -0.0014356090166498714,
                        -0.009749322349397696,
                        -0.034203329876514049
                    ]
                },
                "Q_AtoG": [
                    0.004220321455442805,
                    0.0008500155328949677,
                    0.004997943478732206,
                    0.9999782432240163
                ],
                "EULER_AtoG": [
                    0.48312232874232088,
                    0.0998196079110135,
                    0.572308981185435
                ]
            },
            "CAMERA": {
                "K": [
                    [
                        449.2468882080268,
                        0.0,
                        199.4773251570518
                    ],
                    [
                        0.0,
                        449.53665019478316,
                        199.41786398024503
                    ],
                    [
                        0.0,
                        0.0,
                        1.0
                    ]
                ],
                "DISTO_PARAMS": [
                    0.022563649515612538,
                    -0.14623590769179985,
                    0.23867366060126955,
                    0.00005088877232388752,
                    -0.0005451223752462671
                ]
            }
        }
    }
}