{
    "CalibParam": {
        "EXTRI": {
            "Q_LtoI": [
                0.009588693569399048,
                0.016603222309182095,
                0.04313843158610664,
                0.9988851113540911
            ],
            "EULER_LtoI": [
                1.0161242224460472,
                1.9482431561564558,
                4.928466415850772
            ],
            "POS_LinI": [
                0.2896170256810552,
                0.148756984250771,
                0.07109101436800564
            ],
            "Q_CtoI": [
                0.2417700345059087,
                0.21440752912032114,
                0.07704123875795394,
                0.943207988410918
            ],
            "EULER_CtoI": [
                28.13413279119033,
                26.21331238920925,
                2.661343628963413
            ],
            "POS_CinI": [
                0.5638084524467325,
                0.37097907091412976,
                0.17108376804476067
            ],
            "GRAVITY_REFINE": [
                0.2873098228506433,
                -0.05980415744088559
            ]
        },
        "TEMPORAL": {
            "TIME_OFFSET_LtoI": -0.00043786298804029104,
            "TIME_OFFSET_CtoI": -0.00043463159826274554,
            "TIME_READOUT": 0.0
        },
        "INTRI": {
            "IMU": {
                "ACCE": {
                    "BIAS": [
                        0.01628888592413008,
                        0.02022069147419868,
                        -0.03951924505027256
                    ],
                    "MAP_COEFF": [
                        0.9939526898706464,
                        1.0269361326881488,
                        0.982134162165987,
                        0.015049758779631407,
                        0.02174450706116415,
                        -0.010630606113023085
                    ]
                },
                "GYRO": {
                    "BIAS": [
                        0.005457940564391845,
                        0.007324802942196271,
                        0.0013537898078594604
                    ],
                    "MAP_COEFF": [
                        0.9997767702896278,
                        1.0002684064638626,
                        0.9988775198470535,
                        -0.0013357025892379825,
                        -0.013915078457527056,
                        -0.011906340903703884
                    ]
                },
                "Q_AtoG": [
                    0.0065307901802326919,
                    0.004927501376652139,
                    0.002941861014055746,
                    0.9999622062676064
                ],
                "EULER_AtoG": [
                    0.746741705499064,
                    0.5668395818293817,
                    0.3334302873386961
                ]
            },
            "CAMERA": {
                "K": [
                    [
                        449.4653322567612,
                        0.0,
                        199.79395560759586
                    ],
                    [
                        0.0,
                        449.430944750818,
                        199.06381789199643
                    ],
                    [
                        0.0,
                        0.0,
                        1.0
                    ]
                ],
                "DISTO_PARAMS": [
                    0.014303452411800536,
                    -0.09418561905406975,
                    0.15989426434937677,
                    -0.0008174820932376801,
                    0.00010755888720071746
                ]
            }
        }
    }
}