{
    "CalibParam": {
        "EXTRI": {
            "Q_LtoI": [
                0.011955846606657817,
                0.02101097842774553,
                0.04207006624390325,
                0.9988221593675526
            ],
            "EULER_LtoI": [
                1.2684096417028835,
                2.4632412709104627,
                4.796437379581212
            ],
            "POS_LinI": [
                0.4353478100737072,
                0.15444494858583336,
                0.01890814483249907
            ],
            "Q_CtoI": [
                0.24299835317444064,
                0.217043192307884,
                0.07347653066037807,
                0.9425737384785486
            ],
            "EULER_CtoI": [
                28.41638747230631,
                26.414879568867798,
                2.113690396493154
            ],
            "POS_CinI": [
                0.6975545696954819,
                0.3664603391417187,
                0.11850525566423365
            ],
            "GRAVITY_REFINE": [
                0.29156071266425828,
                -0.06529274530519731
            ]
        },
        "TEMPORAL": {
            "TIME_OFFSET_LtoI": -0.0010566357900757395,
            "TIME_OFFSET_CtoI": -0.0035461257075897888,
            "TIME_READOUT": 0.0
        },
        "INTRI": {
            "IMU": {
                "ACCE": {
                    "BIAS": [
                        -0.009360038648083574,
                        -0.01863419452373112,
                        -0.08961275505752178
                    ],
                    "MAP_COEFF": [
                        0.9997079787448203,
                        1.0024358863217236,
                        0.9880690299557448,
                        0.0016604196588824467,
                        0.008051999401159888,
                        -0.006469317511690202
                    ]
                },
                "GYRO": {
                    "BIAS": [
                        0.0038760065987285018,
                        0.015799767480132663,
                        0.00028429384455782057
                    ],
                    "MAP_COEFF": [
                        1.0032032050050908,
                        1.0049453599654093,
                        0.9978402788593555,
                        -0.0014691962074963362,
                        -0.010300387978077933,
                        -0.03186807745598487
                    ]
                },
                "Q_AtoG": [
                    0.004448938412929515,
                    0.0008523738599847472,
                    0.004876716156331056,
                    0.9999778487773274
                ],
                "EULER_AtoG": [
                    0.5093306496383868,
                    0.10015893939365116,
                    0.5583932716697135
                ]
            },
            "CAMERA": {
                "K": [
                    [
                        449.261400579776,
                        0.0,
                        199.51341866488714
                    ],
                    [
                        0.0,
                        449.50742337013517,
                        199.4806361624883
                    ],
                    [
                        0.0,
                        0.0,
                        1.0
                    ]
                ],
                "DISTO_PARAMS": [
                    0.02095453730334306,
                    -0.13338593521060716,
                    0.21566950691909549,
                    0.00009609353655938062,
                    -0.0006398569092859787
                ]
            }
        }
    }
}