{
    "CalibParam": {
        "EXTRI": {
            "Q_LtoI": [
                0.010047363477854246,
                0.01692382762049295,
                0.043823063130396137,
                0.9988454203147177
            ],
            "EULER_LtoI": [
                1.06572926881319,
                1.9879428933358388,
                5.00584496948906
            ],
            "POS_LinI": [
                0.302420274548856,
                0.14664615204176197,
                0.09411913964271869
            ],
            "Q_CtoI": [
                0.24243569334825605,
                0.21524953412481905,
                0.0774358872256666,
                0.9428129485849104
            ],
            "EULER_CtoI": [
                28.21847076015115,
                26.32271324195283,
                2.6631878849407166
            ],
            "POS_CinI": [
                0.5596324597430927,
                0.3696625090669384,
                0.19506646146719198
            ],
            "GRAVITY_REFINE": [
                0.28855987732952068,
                -0.060422061555060007
            ]
        },
        "TEMPORAL": {
            "TIME_OFFSET_LtoI": -0.0005308726819162801,
            "TIME_OFFSET_CtoI": -0.00048437592705848515,
            "TIME_READOUT": 0.0
        },
        "INTRI": {
            "IMU": {
                "ACCE": {
                    "BIAS": [
                        0.03513981289980053,
                        0.02098325571528863,
                        -0.07642092904628098
                    ],
                    "MAP_COEFF": [
                        1.0026851507634818,
                        1.0315575819055692,
                        0.9842291172586849,
                        0.01694383665506283,
                        0.01839731092033356,
                        -0.010048720841639559
                    ]
                },
                "GYRO": {
                    "BIAS": [
                        0.0038242131757205285,
                        0.014099473292763244,
                        0.001995189322126257
                    ],
                    "MAP_COEFF": [
                        1.000325908067393,
                        1.0005970693299403,
                        0.9971966725216697,
                        -0.000989256540605082,
                        -0.011302524216501412,
                        -0.025475667603957445
                    ]
                },
                "Q_AtoG": [
                    0.005933311222486312,
                    0.0048683028264082579,
                    0.0025466410955891415,
                    0.999967304497831
                ],
                "EULER_AtoG": [
                    0.6785126865470115,
                    0.5595885473185204,
                    0.2885190168291983
                ]
            },
            "CAMERA": {
                "K": [
                    [
                        449.45662997948969,
                        0.0,
                        199.6428342612007
                    ],
                    [
                        0.0,
                        449.36036991508686,
                        199.13728309433425
                    ],
                    [
                        0.0,
                        0.0,
                        1.0
                    ]
                ],
                "DISTO_PARAMS": [
                    0.020065751577633737,
                    -0.14150355512551397,
                    0.23820569319002594,
                    -0.0011024083600927194,
                    0.0006625137340371584
                ]
            }
        }
    }
}