{
    "CalibParam": {
        "EXTRI": {
            "Q_LtoI": [
                0.013344081584162402,
                0.021558409662084597,
                0.04492207574198354,
                0.9986687026089024
            ],
            "EULER_LtoI": [
                1.4176409903647885,
                2.536642713499557,
                5.1196924449785599
            ],
            "POS_LinI": [
                0.44005574137758687,
                0.1541383016820161,
                0.007640106741404686
            ],
            "Q_CtoI": [
                0.24584815221472104,
                0.21702012443816516,
                0.07379403970160363,
                0.9418149453825677
            ],
            "EULER_CtoI": [
                28.77437000942127,
                26.427807828309093,
                2.0666033128080039
            ],
            "POS_CinI": [
                0.6536235900507526,
                0.36621409099515347,
                0.09683927694428102
            ],
            "GRAVITY_REFINE": [
                0.29417814951959167,
                -0.06607278322650136
            ]
        },
        "TEMPORAL": {
            "TIME_OFFSET_LtoI": -0.0008315559769805942,
            "TIME_OFFSET_CtoI": -0.0053463745801876649,
            "TIME_READOUT": 0.0
        },
        "INTRI": {
            "IMU": {
                "ACCE": {
                    "BIAS": [
                        0.05203811999030094,
                        -0.031090992154808457,
                        -0.14923248934732653
                    ],
                    "MAP_COEFF": [
                        1.0003994617520036,
                        0.9994942987300666,
                        0.9951215340185193,
                        -0.0005310471989126792,
                        0.0020929889171100786,
                        -0.003111084086099803
                    ]
                },
                "GYRO": {
                    "BIAS": [
                        0.003836423831506137,
                        0.03183197791345386,
                        0.004253377130949322
                    ],
                    "MAP_COEFF": [
                        1.0021732360838419,
                        1.0021722644862903,
                        0.9910013671380339,
                        -0.0009068682711308444,
                        -0.010608556404116262,
                        -0.06373092916949827
                    ]
                },
                "Q_AtoG": [
                    0.0024189344483290964,
                    0.001017287423276638,
                    0.0035795666965149988,
                    0.9999901502438403
                ],
                "EULER_AtoG": [
                    0.2767711191488706,
                    0.11756370428798711,
                    0.40990646634734187
                ]
            },
            "CAMERA": {
                "K": [
                    [
                        449.611889387979,
                        0.0,
                        199.06688834048175
                    ],
                    [
                        0.0,
                        450.48366907392457,
                        198.93425411497319
                    ],
                    [
                        0.0,
                        0.0,
                        1.0
                    ]
                ],
                "DISTO_PARAMS": [
                    0.017807316818243159,
                    -0.15152238106294947,
                    0.2618099022489886,
                    -0.0000406564494110333,
                    0.00011749909942719164
                ]
            }
        }
    }
}