{
    "CalibParam": {
        "EXTRI": {
            "Q_LtoI": [
                0.011773255656040264,
                0.01752907496618004,
                0.042813222864105809,
                0.9988599250796261
            ],
            "EULER_LtoI": [
                1.262501047549729,
                2.0646007398939125,
                4.885879165554801
            ],
            "POS_LinI": [
                0.3304923726374429,
                0.1491628535901988,
                0.08781531283820193
            ],
            "Q_CtoI": [
                0.24401835677678306,
                0.2143937762088935,
                0.07574253715784615,
                0.9427371947386727
            ],
            "EULER_CtoI": [
                28.4568712678187,
                26.180414330936427,
                2.4382765458349349
            ],
            "POS_CinI": [
                0.5785006271204877,
                0.3684387340656531,
                0.1868566076362277
            ],
            "GRAVITY_REFINE": [
                0.29007080510426117,
                -0.06354804776082793
            ]
        },
        "TEMPORAL": {
            "TIME_OFFSET_LtoI": -0.0012118168219688269,
            "TIME_OFFSET_CtoI": -0.0020037875661871129,
            "TIME_READOUT": 0.0
        },
        "INTRI": {
            "IMU": {
                "ACCE": {
                    "BIAS": [
                        0.034781763946349509,
                        0.00807557109954528,
                        -0.12118221237304398
                    ],
                    "MAP_COEFF": [
                        1.008788982048253,
                        1.0242440897766064,
                        0.9882366248936956,
                        0.009776731280021776,
                        0.01578587469121722,
                        -0.006909649816514566
                    ]
                },
                "GYRO": {
                    "BIAS": [
                        0.004204943609532261,
                        0.018836563866925929,
                        0.0033204201721652225
                    ],
                    "MAP_COEFF": [
                        1.001384598964586,
                        1.0019792439374418,
                        0.9937396490860462,
                        -0.0007007069873012224,
                        -0.012368885990057645,
                        -0.036160221976040209
                    ]
                },
                "Q_AtoG": [
                    0.003968300881614014,
                    0.004405798424067081,
                    0.003777975390865291,
                    0.9999752839097101
                ],
                "EULER_AtoG": [
                    0.45283758287980527,
                    0.5065794048775583,
                    0.4309308302527048
                ]
            },
            "CAMERA": {
                "K": [
                    [
                        449.4060287951436,
                        0.0,
                        199.53458237292873
                    ],
                    [
                        0.0,
                        449.4486108793694,
                        199.23225353933575
                    ],
                    [
                        0.0,
                        0.0,
                        1.0
                    ]
                ],
                "DISTO_PARAMS": [
                    0.025954040219123284,
                    -0.17274088941266317,
                    0.2774887135014298,
                    -0.0007795867944964654,
                    0.00017429519232421323
                ]
            }
        }
    }
}