{
    "CalibParam": {
        "EXTRI": {
            "Q_LtoI": [
                0.01342088465248723,
                0.021907970057677686,
                0.0462973475108613,
                0.9985972543105428
            ],
            "EULER_LtoI": [
                1.421119747496643,
                2.5790193260802805,
                5.276944996564302
            ],
            "POS_LinI": [
                0.43996127908428797,
                0.15533202394073765,
                0.006733585242059241
            ],
            "Q_CtoI": [
                0.24557019427282723,
                0.2173521249776473,
                0.07449653391645837,
                0.9417555945609992
            ],
            "EULER_CtoI": [
                28.72394236617903,
                26.48563447203667,
                2.1491222317691287
            ],
            "POS_CinI": [
                0.6451395875855346,
                0.3668025360658187,
                0.09369513870878517
            ],
            "GRAVITY_REFINE": [
                0.2954044829813036,
                -0.06580790590035884
            ]
        },
        "TEMPORAL": {
            "TIME_OFFSET_LtoI": -0.000745443227260295,
            "TIME_OFFSET_CtoI": -0.005614047225187711,
            "TIME_READOUT": 0.0
        },
        "INTRI": {
            "IMU": {
                "ACCE": {
                    "BIAS": [
                        0.074748906270483,
                        -0.0454009789309548,
                        -0.17348585902286554
                    ],
                    "MAP_COEFF": [
                        1.0007757761311443,
                        1.0000382268547444,
                        0.9978870085417188,
                        0.0009068711124577746,
                        -0.0002566797607608006,
                        -0.00155126346819957
                    ]
                },
                "GYRO": {
                    "BIAS": [
                        0.0044217648030062009,
                        0.034226079358278958,
                        0.004472625767569458
                    ],
                    "MAP_COEFF": [
                        1.001681401158346,
                        1.0017578409577935,
                        0.9910262440729818,
                        -0.0009205957258997927,
                        -0.011942988656280561,
                        -0.06914412261480221
                    ]
                },
                "Q_AtoG": [
                    0.0021170024502572,
                    0.0008309023636356818,
                    0.002405536173696419,
                    0.9999945206337907
                ],
                "EULER_AtoG": [
                    0.24236130183766445,
                    0.09579748065770472,
                    0.27545250699853537
                ]
            },
            "CAMERA": {
                "K": [
                    [
                        449.81489615148566,
                        0.0,
                        199.0215203635434
                    ],
                    [
                        0.0,
                        450.8328068732509,
                        198.9351406402824
                    ],
                    [
                        0.0,
                        0.0,
                        1.0
                    ]
                ],
                "DISTO_PARAMS": [
                    0.01008979161108569,
                    -0.10961627410953458,
                    0.19320685531322644,
                    -0.000014681009016422968,
                    0.00012372476071126104
                ]
            }
        }
    }
}