{
    "CalibParam": {
        "EXTRI": {
            "Q_LtoI": [
                0.011798081832721895,
                0.01747026975148743,
                0.04239481759848898,
                0.9988785083185391
            ],
            "EULER_LtoI": [
                1.266491807704982,
                2.0574585540342138,
                4.837882623353737
            ],
            "POS_LinI": [
                0.3308043219752342,
                0.14932177376397549,
                0.08791180412092588
            ],
            "Q_CtoI": [
                0.24410280089471843,
                0.21431955392758318,
                0.07566398014148278,
                0.9427385180996821
            ],
            "EULER_CtoI": [
                28.46893666247799,
                26.16988428285479,
                2.4286063559829387
            ],
            "POS_CinI": [
                0.578756201684642,
                0.369667829484431,
                0.18647832095170828
            ],
            "GRAVITY_REFINE": [
                0.28995022601702366,
                -0.06368020003417269
            ]
        },
        "TEMPORAL": {
            "TIME_OFFSET_LtoI": -0.001599364510776358,
            "TIME_OFFSET_CtoI": -0.0020313037212656805,
            "TIME_READOUT": 0.0
        },
        "INTRI": {
            "IMU": {
                "ACCE": {
                    "BIAS": [
                        0.03415666941471371,
                        0.007054922156608063,
                        -0.12082849073219626
                    ],
                    "MAP_COEFF": [
                        1.0086946838833318,
                        1.024107253335641,
                        0.9882323815443513,
                        0.009630472178048357,
                        0.015845898636909374,
                        -0.006783654790704996
                    ]
                },
                "GYRO": {
                    "BIAS": [
                        0.004514903295077996,
                        0.01978949567000671,
                        0.003560295096944845
                    ],
                    "MAP_COEFF": [
                        1.0012885606436948,
                        1.0018646923192556,
                        0.9933753838051925,
                        -0.0007296164845891137,
                        -0.013073649860670856,
                        -0.03810133282316847
                    ]
                },
                "Q_AtoG": [
                    0.00391148622767149,
                    0.004462685526972509,
                    0.0038407714902266335,
                    0.9999750162817759
                ],
                "EULER_AtoG": [
                    0.4462703964324813,
                    0.5131016971749248,
                    0.4381305555224657
                ]
            },
            "CAMERA": {
                "K": [
                    [
                        449.33668801511547,
                        0.0,
                        199.52718894451085
                    ],
                    [
                        0.0,
                        449.39382563192228,
                        199.21939481735363
                    ],
                    [
                        0.0,
                        0.0,
                        1.0
                    ]
                ],
                "DISTO_PARAMS": [
                    0.027357931449127426,
                    -0.18160029276838406,
                    0.2927895983569005,
                    -0.0007867189442581512,
                    0.0001648137565558232
                ]
            }
        }
    }
}