{
    "CalibParam": {
        "EXTRI": {
            "Q_LtoI": [
                0.009744844474750488,
                0.01688502980006403,
                0.04336921371279861,
                0.9988688828253424
            ],
            "EULER_LtoI": [
                1.032172522317974,
                1.9815176874897434,
                4.954400038627663
            ],
            "POS_LinI": [
                0.30170576639935717,
                0.14580417541158897,
                0.08597578604551556
            ],
            "Q_CtoI": [
                0.24183299149937924,
                0.21490337437294969,
                0.0772143053585942,
                0.9430648413304204
            ],
            "EULER_CtoI": [
                28.14308950334009,
                26.2751011852678,
                2.66516191790332
            ],
            "POS_CinI": [
                0.5700576075247046,
                0.36805779226060189,
                0.1883508449757815
            ],
            "GRAVITY_REFINE": [
                0.28787163026226805,
                -0.06035728120859484
            ]
        },
        "TEMPORAL": {
            "TIME_OFFSET_LtoI": -0.000385121000033114,
            "TIME_OFFSET_CtoI": -0.0005059696030551053,
            "TIME_READOUT": 0.0
        },
        "INTRI": {
            "IMU": {
                "ACCE": {
                    "BIAS": [
                        0.020573122102364447,
                        0.028056069966698697,
                        -0.054031878208149298
                    ],
                    "MAP_COEFF": [
                        1.0000352596177429,
                        1.0303692033292358,
                        0.982287685666168,
                        0.0162264919150962,
                        0.019921999264256249,
                        -0.01142907917489627
                    ]
                },
                "GYRO": {
                    "BIAS": [
                        0.00493953300765383,
                        0.010747296508932939,
                        0.001117494483112376
                    ],
                    "MAP_COEFF": [
                        1.0004103469337973,
                        1.0010482387407132,
                        0.9986237367907972,
                        -0.0011018131900696815,
                        -0.013303275953344685,
                        -0.01852987659441734
                    ]
                },
                "Q_AtoG": [
                    0.006461583508264157,
                    0.004725884292796803,
                    0.002806211129353367,
                    0.9999640189203382
                ],
                "EULER_AtoG": [
                    0.7389503364627265,
                    0.543612958530083,
                    0.31807324018475066
                ]
            },
            "CAMERA": {
                "K": [
                    [
                        449.4033457014835,
                        0.0,
                        199.69794986732743
                    ],
                    [
                        0.0,
                        449.29919697538517,
                        199.17465584654114
                    ],
                    [
                        0.0,
                        0.0,
                        1.0
                    ]
                ],
                "DISTO_PARAMS": [
                    0.019326998649138159,
                    -0.12843163376712675,
                    0.21285554073070118,
                    -0.0008832686897177038,
                    0.00033366805034724993
                ]
            }
        }
    }
}