{
    "CalibParam": {
        "EXTRI": {
            "Q_LtoI": [
                -0.062493257454988567,
                0.0297998055914541,
                -0.02762373807092999,
                0.997217876621937
            ],
            "EULER_LtoI": [
                172.92108164736715,
                176.39449600813266,
                177.04962098145729
            ],
            "POS_LinI": [
                -0.035625730610180057,
                0.08336445811623988,
                0.08750133133398856
            ],
            "Q_CtoI": [
                0.2167010390597818,
                0.21808498545555095,
                0.054798600215904619,
                0.9499877431860059
            ],
            "EULER_CtoI": [
                25.55853382538791,
                25.983095835976618,
                0.6117399647072243
            ],
            "POS_CinI": [
                -0.2818675626562922,
                0.5594310350009046,
                0.1406827878825005
            ],
            "GRAVITY_REFINE": [
                0.4333929689877084,
                0.14967117058863728
            ]
        },
        "TEMPORAL": {
            "TIME_OFFSET_LtoI": -0.02,
            "TIME_OFFSET_CtoI": 0.0,
            "TIME_READOUT": 0.0
        },
        "INTRI": {
            "IMU": {
                "ACCE": {
                    "BIAS": [
                        1.2949971201260258,
                        -0.452958563910785,
                        -0.017595553354834798
                    ],
                    "MAP_COEFF": [
                        1.0,
                        1.0,
                        1.0,
                        0.0,
                        0.0,
                        0.0
                    ]
                },
                "GYRO": {
                    "BIAS": [
                        0.11218077844547299,
                        -0.048967372657009549,
                        0.06475811098697963
                    ],
                    "MAP_COEFF": [
                        1.0,
                        1.0,
                        1.0,
                        0.0,
                        0.0,
                        0.0
                    ]
                },
                "Q_AtoG": [
                    0.0,
                    0.0,
                    0.0,
                    1.0
                ],
                "EULER_AtoG": [
                    -0.0,
                    0.0,
                    -0.0
                ]
            },
            "CAMERA": {
                "K": [
                    [
                        440.29208373808395,
                        0.0,
                        193.63465506068935
                    ],
                    [
                        0.0,
                        416.66049253051497,
                        204.7959366265597
                    ],
                    [
                        0.0,
                        0.0,
                        1.0
                    ]
                ],
                "DISTO_PARAMS": [
                    0.0,
                    0.0,
                    0.0,
                    0.0,
                    0.0
                ]
            }
        }
    }
}