{
    "CalibParam": {
        "EXTRI": {
            "Q_LtoI": [
                0.013438703184922905,
                0.022150535488682116,
                0.04716674072091703,
                0.9985509769681457
            ],
            "EULER_LtoI": [
                1.419624495438923,
                2.60812199858734,
                5.37641524948202
            ],
            "POS_LinI": [
                0.43972293098092615,
                0.15625056199067803,
                0.006483388749345334
            ],
            "Q_CtoI": [
                0.24483854143364365,
                0.21762046470668365,
                0.07515471214140066,
                0.9418318274577666
            ],
            "EULER_CtoI": [
                28.61540992388542,
                26.533775912146529,
                2.242169437839553
            ],
            "POS_CinI": [
                0.6444775483194172,
                0.3646412551670125,
                0.09433091579585401
            ],
            "GRAVITY_REFINE": [
                0.29626274503970248,
                -0.0652648684428108
            ]
        },
        "TEMPORAL": {
            "TIME_OFFSET_LtoI": -0.0008619888216575885,
            "TIME_OFFSET_CtoI": -0.005647031089374195,
            "TIME_READOUT": 0.0
        },
        "INTRI": {
            "IMU": {
                "ACCE": {
                    "BIAS": [
                        0.08566259814844843,
                        -0.06104282447559306,
                        -0.18705099100077578
                    ],
                    "MAP_COEFF": [
                        1.000893905258864,
                        1.0006527613861787,
                        0.9994111775555551,
                        0.0017265912103721798,
                        -0.001154188511112046,
                        0.00024063500211036717
                    ]
                },
                "GYRO": {
                    "BIAS": [
                        0.004305929705694293,
                        0.02998091783550698,
                        0.0038838519577342898
                    ],
                    "MAP_COEFF": [
                        1.0013755333791615,
                        1.002340689058889,
                        0.9922698261338103,
                        -0.0008036620370133797,
                        -0.012033695821561183,
                        -0.06144862709971715
                    ]
                },
                "Q_AtoG": [
                    0.002058410651839386,
                    0.0007544635445920692,
                    0.0015572412991185616,
                    0.9999963843584059
                ],
                "EULER_AtoG": [
                    0.23574193712894998,
                    0.08682219104474691,
                    0.17826859513573507
                ]
            },
            "CAMERA": {
                "K": [
                    [
                        449.8375542856552,
                        0.0,
                        199.11506094010523
                    ],
                    [
                        0.0,
                        450.96848670095155,
                        199.00563482776745
                    ],
                    [
                        0.0,
                        0.0,
                        1.0
                    ]
                ],
                "DISTO_PARAMS": [
                    0.0026400602680722838,
                    -0.056630235140396837,
                    0.09728074359788694,
                    0.0001587120087724631,
                    0.000007194523777425633
                ]
            }
        }
    }
}