{
    "CalibParam": {
        "EXTRI": {
            "Q_LtoI": [
                0.010087269754673532,
                0.017530089730730417,
                0.04398914137763943,
                0.9988272615341389
            ],
            "EULER_LtoI": [
                1.0669446184421652,
                2.0577345927361878,
                5.02428183062162
            ],
            "POS_LinI": [
                0.31709388833105126,
                0.14813883666099929,
                0.09410471270111613
            ],
            "Q_CtoI": [
                0.2420538148571987,
                0.2153660525357074,
                0.07744062147670138,
                0.9428840672498218
            ],
            "EULER_CtoI": [
                28.17056257281118,
                26.335082746426918,
                2.671660353004246
            ],
            "POS_CinI": [
                0.5780979296936303,
                0.36932700015696487,
                0.19836319987434548
            ],
            "GRAVITY_REFINE": [
                0.28891184756068696,
                -0.06027280345442472
            ]
        },
        "TEMPORAL": {
            "TIME_OFFSET_LtoI": -0.00031424130814619236,
            "TIME_OFFSET_CtoI": -0.0008152347231387648,
            "TIME_READOUT": 0.0
        },
        "INTRI": {
            "IMU": {
                "ACCE": {
                    "BIAS": [
                        0.03013242298045358,
                        0.020297764350531358,
                        -0.07857937018311837
                    ],
                    "MAP_COEFF": [
                        1.0043648777524113,
                        1.0334140375308219,
                        0.9839543830598794,
                        0.01742778690487498,
                        0.017267410901987,
                        -0.010488444555929656
                    ]
                },
                "GYRO": {
                    "BIAS": [
                        0.0027088787249779837,
                        0.0122272569094505,
                        0.0016747735785640848
                    ],
                    "MAP_COEFF": [
                        1.0015380849378446,
                        1.0017726921940389,
                        0.9968117867037075,
                        -0.0008836065250407325,
                        -0.009081119413077007,
                        -0.021915272269864208
                    ]
                },
                "Q_AtoG": [
                    0.0059716345303079559,
                    0.004334618076133879,
                    0.0023684258294844097,
                    0.9999699701622348
                ],
                "EULER_AtoG": [
                    0.6831439621621561,
                    0.4983227207229098,
                    0.26843841853662517
                ]
            },
            "CAMERA": {
                "K": [
                    [
                        449.46943178083299,
                        0.0,
                        199.5892814498307
                    ],
                    [
                        0.0,
                        449.4327889290678,
                        199.2761590815122
                    ],
                    [
                        0.0,
                        0.0,
                        1.0
                    ]
                ],
                "DISTO_PARAMS": [
                    0.019816226774191697,
                    -0.140909663794053,
                    0.23954535949252515,
                    -0.0007400280015188912,
                    0.000411208416773705
                ]
            }
        }
    }
}