{
    "CalibParam": {
        "EXTRI": {
            "Q_LtoI": [
                0.011813376597815465,
                0.017446080578213707,
                0.04224827887653317,
                0.9988849590106899
            ],
            "EULER_LtoI": [
                1.2686613350875103,
                2.054576760338232,
                4.821063503727178
            ],
            "POS_LinI": [
                0.3309321168600177,
                0.149328809093677,
                0.08791112620078573
            ],
            "Q_CtoI": [
                0.2441520966180584,
                0.21427922129723493,
                0.07564116965853479,
                0.9427367514263703
            ],
            "EULER_CtoI": [
                28.475408038928327,
                26.164746425059634,
                2.425642475716764
            ],
            "POS_CinI": [
                0.5785616225095358,
                0.37038601322683026,
                0.18609815558374613
            ],
            "GRAVITY_REFINE": [
                0.2899113964622115,
                -0.0637802295258092
            ]
        },
        "TEMPORAL": {
            "TIME_OFFSET_LtoI": -0.0017053516322281006,
            "TIME_OFFSET_CtoI": -0.0020173366906711695,
            "TIME_READOUT": 0.0
        },
        "INTRI": {
            "IMU": {
                "ACCE": {
                    "BIAS": [
                        0.03390724794000087,
                        0.0059334131658819139,
                        -0.12055881106192949
                    ],
                    "MAP_COEFF": [
                        1.0086829705655572,
                        1.0240896635030983,
                        0.9882121810345353,
                        0.009635148163583912,
                        0.015860689951675719,
                        -0.006661647468394115
                    ]
                },
                "GYRO": {
                    "BIAS": [
                        0.005202956462047353,
                        0.020647915623110446,
                        0.003627930161514103
                    ],
                    "MAP_COEFF": [
                        1.0012840671702057,
                        1.0017636173832874,
                        0.9932804301322815,
                        -0.0008147389428143562,
                        -0.014370720900568644,
                        -0.039848360888906687
                    ]
                },
                "Q_AtoG": [
                    0.0038661831045250889,
                    0.004467986225076411,
                    0.0038703984067289789,
                    0.9999750545605965
                ],
                "EULER_AtoG": [
                    0.4410613622395821,
                    0.5137023278305548,
                    0.4415465803426689
                ]
            },
            "CAMERA": {
                "K": [
                    [
                        449.32340142836838,
                        0.0,
                        199.51599667490889
                    ],
                    [
                        0.0,
                        449.3553781839012,
                        199.22603134217418
                    ],
                    [
                        0.0,
                        0.0,
                        1.0
                    ]
                ],
                "DISTO_PARAMS": [
                    0.028130089757377079,
                    -0.18684702656508385,
                    0.300897391078595,
                    -0.0008167895919412222,
                    0.00018007151447837602
                ]
            }
        }
    }
}