{
    "CalibParam": {
        "EXTRI": {
            "Q_LtoI": [
                0.01343563451955324,
                0.022076126981682217,
                0.04693344230114138,
                0.9985636586298899
            ],
            "EULER_LtoI": [
                1.4202761327301466,
                2.5992549197922756,
                5.349728609564989
            ],
            "POS_LinI": [
                0.439837331462668,
                0.1559536253598215,
                0.006489204855901076
            ],
            "Q_CtoI": [
                0.24516418345130476,
                0.21752975102378287,
                0.07494176674698958,
                0.941785040319194
            ],
            "EULER_CtoI": [
                28.661939971709118,
                26.517978342412396,
                2.209475410491325
            ],
            "POS_CinI": [
                0.643272357027282,
                0.36613293517835979,
                0.09332888963792956
            ],
            "GRAVITY_REFINE": [
                0.29603693407967887,
                -0.06553610961469735
            ]
        },
        "TEMPORAL": {
            "TIME_OFFSET_LtoI": -0.0007829986105560877,
            "TIME_OFFSET_CtoI": -0.005654438376463533,
            "TIME_READOUT": 0.0
        },
        "INTRI": {
            "IMU": {
                "ACCE": {
                    "BIAS": [
                        0.08389663580650259,
                        -0.05651375205359314,
                        -0.18350792525546145
                    ],
                    "MAP_COEFF": [
                        1.0009325415753688,
                        1.0004199772576934,
                        0.9990186305488693,
                        0.0016002319253219113,
                        -0.001099999323503045,
                        -0.00031959327734248623
                    ]
                },
                "GYRO": {
                    "BIAS": [
                        0.004900856723782342,
                        0.03316275647822287,
                        0.004261312519865146
                    ],
                    "MAP_COEFF": [
                        1.0014500407002319,
                        1.0019400307815403,
                        0.9915743126252321,
                        -0.0009090874667064573,
                        -0.013027948695980244,
                        -0.06756424079436993
                    ]
                },
                "Q_AtoG": [
                    0.0020194005312196186,
                    0.0007559544958646683,
                    0.0018021453521580606,
                    0.9999960514054165
                ],
                "EULER_AtoG": [
                    0.2312501234823865,
                    0.0870427233714028,
                    0.20633558156209695
                ]
            },
            "CAMERA": {
                "K": [
                    [
                        449.8642353533056,
                        0.0,
                        199.0532630845674
                    ],
                    [
                        0.0,
                        450.943932887087,
                        198.97839805405256
                    ],
                    [
                        0.0,
                        0.0,
                        1.0
                    ]
                ],
                "DISTO_PARAMS": [
                    0.005540979322888585,
                    -0.07974124525567182,
                    0.1399757716236478,
                    0.00004367860462823474,
                    0.00007780106187084023
                ]
            }
        }
    }
}