{
    "CalibParam": {
        "EXTRI": {
            "Q_LtoI": [
                0.011842865353316563,
                0.017429460340717085,
                0.04224191607777781,
                0.9988851690652598
            ],
            "EULER_LtoI": [
                1.2721318626226275,
                2.0528077572192755,
                4.8202912590555189
            ],
            "POS_LinI": [
                0.33098012372298749,
                0.14923837789434503,
                0.08780421772824801
            ],
            "Q_CtoI": [
                0.2442648781533867,
                0.2142829836874686,
                0.07568910476940748,
                0.9427028331462216
            ],
            "EULER_CtoI": [
                28.488677549926959,
                26.166855449117369,
                2.4279274703485069
            ],
            "POS_CinI": [
                0.5773363547547215,
                0.3715664723349537,
                0.18558281333711799
            ],
            "GRAVITY_REFINE": [
                0.289874242073008,
                -0.06395597237702633
            ]
        },
        "TEMPORAL": {
            "TIME_OFFSET_LtoI": -0.0016688867595235184,
            "TIME_OFFSET_CtoI": -0.0019184027519521942,
            "TIME_READOUT": 0.0
        },
        "INTRI": {
            "IMU": {
                "ACCE": {
                    "BIAS": [
                        0.03234425557811489,
                        0.005194681842985348,
                        -0.11969516370197786
                    ],
                    "MAP_COEFF": [
                        1.0086331051894815,
                        1.0240570909213438,
                        0.9881436990416345,
                        0.010168499950949496,
                        0.015968163530104923,
                        -0.006569870553902488
                    ]
                },
                "GYRO": {
                    "BIAS": [
                        0.00619038899671941,
                        0.022088230856131299,
                        0.003258456857273515
                    ],
                    "MAP_COEFF": [
                        1.0013150581470015,
                        1.0014719672122668,
                        0.9940965789436306,
                        -0.0010137278502380192,
                        -0.01612332682929828,
                        -0.04266080335748635
                    ]
                },
                "Q_AtoG": [
                    0.0038143931892540667,
                    0.004438835849952468,
                    0.0038488079874109744,
                    0.9999754666080418
                ],
                "EULER_AtoG": [
                    0.43515027464337377,
                    0.5103296924321444,
                    0.4391116008778458
                ]
            },
            "CAMERA": {
                "K": [
                    [
                        449.3630085175545,
                        0.0,
                        199.47539415716964
                    ],
                    [
                        0.0,
                        449.33199142217856,
                        199.24181189421283
                    ],
                    [
                        0.0,
                        0.0,
                        1.0
                    ]
                ],
                "DISTO_PARAMS": [
                    0.028950189550578936,
                    -0.19556492352191905,
                    0.31733074619672949,
                    -0.000960828923842844,
                    0.0002768338873427843
                ]
            }
        }
    }
}