{
    "CalibParam": {
        "EXTRI": {
            "Q_LtoI": [
                0.01388553445134217,
                0.025005572429770165,
                0.05132233713505439,
                0.9982724733215156
            ],
            "EULER_LtoI": [
                1.4434125635299,
                2.943434256510136,
                5.849015702692293
            ],
            "POS_LinI": [
                0.5693801162098136,
                0.12000095729306229,
                -0.017573191272558056
            ],
            "Q_CtoI": [
                0.24384329187843385,
                0.2198601526254897,
                0.0791648021683659,
                0.9412411467796278
            ],
            "EULER_CtoI": [
                28.4053515148229,
                26.903581662530536,
                2.6868404922273716
            ],
            "POS_CinI": [
                0.6884399710987151,
                0.32296122914801986,
                0.08279072200007882
            ],
            "GRAVITY_REFINE": [
                0.2994181876279671,
                -0.06527524310231622
            ]
        },
        "TEMPORAL": {
            "TIME_OFFSET_LtoI": -0.0006154043700340793,
            "TIME_OFFSET_CtoI": 0.0,
            "TIME_READOUT": 0.0
        },
        "INTRI": {
            "IMU": {
                "ACCE": {
                    "BIAS": [
                        0.018376217448284206,
                        -0.0673009666364235,
                        -0.17212093895341214
                    ],
                    "MAP_COEFF": [
                        1.0,
                        1.0,
                        1.0,
                        0.0,
                        0.0,
                        0.0
                    ]
                },
                "GYRO": {
                    "BIAS": [
                        0.0005678536531804689,
                        -0.005071462234037631,
                        0.00011640809033848634
                    ],
                    "MAP_COEFF": [
                        1.0,
                        1.0,
                        1.0,
                        0.0,
                        0.0,
                        0.0
                    ]
                },
                "Q_AtoG": [
                    0.0,
                    0.0,
                    0.0,
                    1.0
                ],
                "EULER_AtoG": [
                    -0.0,
                    0.0,
                    -0.0
                ]
            },
            "CAMERA": {
                "K": [
                    [
                        448.7283437752497,
                        0.0,
                        199.2698748705299
                    ],
                    [
                        0.0,
                        449.4420237270751,
                        199.46247133478543
                    ],
                    [
                        0.0,
                        0.0,
                        1.0
                    ]
                ],
                "DISTO_PARAMS": [
                    0.0,
                    0.0,
                    0.0,
                    0.0,
                    0.0
                ]
            }
        }
    }
}