{
    "CalibParam": {
        "EXTRI": {
            "Q_LtoI": [
                0.010036515584743989,
                0.01688345309815411,
                0.04366768186447118,
                0.9988530176792695
            ],
            "EULER_LtoI": [
                1.0649960455292483,
                1.9831002673851626,
                4.988072844795946
            ],
            "POS_LinI": [
                0.30248969514207138,
                0.14656935209029246,
                0.09405249882606781
            ],
            "Q_CtoI": [
                0.24252222127838059,
                0.21518620965157715,
                0.07734893960671431,
                0.9428122872044599
            ],
            "EULER_CtoI": [
                28.231190968945833,
                26.31322323933141,
                2.6520540388898206
            ],
            "POS_CinI": [
                0.5602989158149958,
                0.37000865147958847,
                0.19494832758899378
            ],
            "GRAVITY_REFINE": [
                0.2883793337428261,
                -0.06057509984711562
            ]
        },
        "TEMPORAL": {
            "TIME_OFFSET_LtoI": -0.00048627744009291986,
            "TIME_OFFSET_CtoI": -0.00040976612772058497,
            "TIME_READOUT": 0.0
        },
        "INTRI": {
            "IMU": {
                "ACCE": {
                    "BIAS": [
                        0.030349220782763629,
                        0.02094973849534284,
                        -0.07299211298103652
                    ],
                    "MAP_COEFF": [
                        1.0024714201072509,
                        1.0316885125451767,
                        0.9838688285571638,
                        0.016710873364043398,
                        0.0189451003040055,
                        -0.010083632660792239
                    ]
                },
                "GYRO": {
                    "BIAS": [
                        0.005365258439792632,
                        0.014069941983174394,
                        0.001568631508562024
                    ],
                    "MAP_COEFF": [
                        1.0002894752758154,
                        1.0004568490425588,
                        0.9980911562831238,
                        -0.0009747517054749266,
                        -0.01421092464461643,
                        -0.025431247657311197
                    ]
                },
                "Q_AtoG": [
                    0.005926123827194598,
                    0.004834590552079066,
                    0.0027029889645458556,
                    0.9999671002794224
                ],
                "EULER_AtoG": [
                    0.6776116419626028,
                    0.5558293161741337,
                    0.30646231890370398
                ]
            },
            "CAMERA": {
                "K": [
                    [
                        449.4206095633272,
                        0.0,
                        199.6321308174877
                    ],
                    [
                        0.0,
                        449.3164888569478,
                        199.14413615482088
                    ],
                    [
                        0.0,
                        0.0,
                        1.0
                    ]
                ],
                "DISTO_PARAMS": [
                    0.021234935086498067,
                    -0.14806240973328409,
                    0.24757160983608204,
                    -0.0011503568755065705,
                    0.0006490471559219144
                ]
            }
        }
    }
}