{
    "CalibParam": {
        "EXTRI": {
            "Q_LtoI": [
                -0.08283861574815407,
                0.02812194091892117,
                -0.03805371842833141,
                0.9954390160595775
            ],
            "EULER_LtoI": [
                170.61323687594183,
                176.42861971563114,
                175.91481712831189
            ],
            "POS_LinI": [
                -0.044965432138886169,
                0.10782899978072358,
                0.11730824099637692
            ],
            "Q_CtoI": [
                0.21271241978284509,
                0.1985167745474442,
                0.06030017748924431,
                0.9548342292189632
            ],
            "EULER_CtoI": [
                24.711085504546053,
                23.875738511137649,
                1.9239135765031808
            ],
            "POS_CinI": [
                -0.4209233402978737,
                0.6681396218663668,
                0.06091349899945561
            ],
            "GRAVITY_REFINE": [
                0.47448976499365638,
                0.2113200027363514
            ]
        },
        "TEMPORAL": {
            "TIME_OFFSET_LtoI": -0.02,
            "TIME_OFFSET_CtoI": 0.0,
            "TIME_READOUT": 0.0
        },
        "INTRI": {
            "IMU": {
                "ACCE": {
                    "BIAS": [
                        1.5831802214943332,
                        -0.4975047032428188,
                        -0.031979128463371978
                    ],
                    "MAP_COEFF": [
                        1.0,
                        1.0,
                        1.0,
                        0.0,
                        0.0,
                        0.0
                    ]
                },
                "GYRO": {
                    "BIAS": [
                        0.11022877872248066,
                        -0.01696268977293737,
                        0.08878967593253831
                    ],
                    "MAP_COEFF": [
                        1.0,
                        1.0,
                        1.0,
                        0.0,
                        0.0,
                        0.0
                    ]
                },
                "Q_AtoG": [
                    0.0,
                    0.0,
                    0.0,
                    1.0
                ],
                "EULER_AtoG": [
                    -0.0,
                    0.0,
                    -0.0
                ]
            },
            "CAMERA": {
                "K": [
                    [
                        437.3094693594753,
                        0.0,
                        187.55924244879368
                    ],
                    [
                        0.0,
                        424.9385239858011,
                        202.6583297702145
                    ],
                    [
                        0.0,
                        0.0,
                        1.0
                    ]
                ],
                "DISTO_PARAMS": [
                    0.0,
                    0.0,
                    0.0,
                    0.0,
                    0.0
                ]
            }
        }
    }
}