{
    "CalibParam": {
        "EXTRI": {
            "Q_LtoI": [
                0.01158420442738545,
                0.017433357933422663,
                0.04225415292370885,
                0.9988876167015235
            ],
            "EULER_LtoI": [
                1.2424576909915289,
                2.0520224547001515,
                4.822220925396319
            ],
            "POS_LinI": [
                0.3307429636469798,
                0.1491316199286889,
                0.08778445828490675
            ],
            "Q_CtoI": [
                0.24411146566890033,
                0.21449009019341368,
                0.07582470772270698,
                0.9426845746253456
            ],
            "EULER_CtoI": [
                28.46776576099785,
                26.194030026882499,
                2.4423966194923065
            ],
            "POS_CinI": [
                0.5795753830616248,
                0.3716614724399083,
                0.18711443000427498
            ],
            "GRAVITY_REFINE": [
                0.28952989176922547,
                -0.06364529332095281
            ]
        },
        "TEMPORAL": {
            "TIME_OFFSET_LtoI": -0.0015038822827593425,
            "TIME_OFFSET_CtoI": -0.0017001155378583437,
            "TIME_READOUT": 0.0
        },
        "INTRI": {
            "IMU": {
                "ACCE": {
                    "BIAS": [
                        0.026095384926744449,
                        0.011357334400341037,
                        -0.10799012828964029
                    ],
                    "MAP_COEFF": [
                        1.007918926688226,
                        1.024788440909604,
                        0.9869504988000646,
                        0.011298040607751812,
                        0.016525521754040156,
                        -0.0076547910666868068
                    ]
                },
                "GYRO": {
                    "BIAS": [
                        0.00498558210047643,
                        0.02048539468697151,
                        0.0025563904395513629
                    ],
                    "MAP_COEFF": [
                        1.0014679858065446,
                        1.0014559682631817,
                        0.9953839770780356,
                        -0.0009994909926178734,
                        -0.013697593631545744,
                        -0.03905136618089332
                    ]
                },
                "Q_AtoG": [
                    0.004200686700589812,
                    0.004419058669686583,
                    0.00384669190187843,
                    0.9999740142189343
                ],
                "EULER_AtoG": [
                    0.4794272708760797,
                    0.5082319844095755,
                    0.4386813392368536
                ]
            },
            "CAMERA": {
                "K": [
                    [
                        449.3572380995936,
                        0.0,
                        199.4758054428155
                    ],
                    [
                        0.0,
                        449.309372847183,
                        199.21573583777485
                    ],
                    [
                        0.0,
                        0.0,
                        1.0
                    ]
                ],
                "DISTO_PARAMS": [
                    0.02935170052521191,
                    -0.19991833048831057,
                    0.32830461444322808,
                    -0.000989254254804193,
                    0.00039438829464272387
                ]
            }
        }
    }
}