{
    "CalibParam": {
        "EXTRI": {
            "Q_LtoI": [
                0.01004599191237843,
                0.016902210462053339,
                0.04375273932201507,
                0.9988488830297668
            ],
            "EULER_LtoI": [
                1.065819450471319,
                1.985385935903291,
                4.997797472471376
            ],
            "POS_LinI": [
                0.3024718081091221,
                0.1465908668013764,
                0.09407302997975545
            ],
            "Q_CtoI": [
                0.24249653211410317,
                0.21524493849647068,
                0.07740606779147967,
                0.9428008002931189
            ],
            "EULER_CtoI": [
                28.227027580102587,
                26.321502823815697,
                2.657908105724991
            ],
            "POS_CinI": [
                0.5595301644870938,
                0.3700651980240252,
                0.19489288739775494
            ],
            "GRAVITY_REFINE": [
                0.288482041833682,
                -0.06052745077101793
            ]
        },
        "TEMPORAL": {
            "TIME_OFFSET_LtoI": -0.000502497942538844,
            "TIME_OFFSET_CtoI": -0.0004144857249464406,
            "TIME_READOUT": 0.0
        },
        "INTRI": {
            "IMU": {
                "ACCE": {
                    "BIAS": [
                        0.03296274495721478,
                        0.020093825678709436,
                        -0.07508685242449155
                    ],
                    "MAP_COEFF": [
                        1.0025610422844929,
                        1.0316176283854175,
                        0.9841002373680703,
                        0.016870273252750695,
                        0.01864015865877347,
                        -0.0099626409198507
                    ]
                },
                "GYRO": {
                    "BIAS": [
                        0.005011366250121279,
                        0.014343054221824714,
                        0.0016741005409997325
                    ],
                    "MAP_COEFF": [
                        1.0002987033675462,
                        1.0004781571874928,
                        0.9978837127387591,
                        -0.0010223568988922084,
                        -0.013530397393260254,
                        -0.026001485497744105
                    ]
                },
                "Q_AtoG": [
                    0.005910652813088754,
                    0.0048408026912133308,
                    0.0026162876791004914,
                    0.9999673923940761
                ],
                "EULER_AtoG": [
                    0.6758850934662315,
                    0.5564778283390889,
                    0.2965312890969677
                ]
            },
            "CAMERA": {
                "K": [
                    [
                        449.44575419035166,
                        0.0,
                        199.63107196877446
                    ],
                    [
                        0.0,
                        449.333158415142,
                        199.148596871967
                    ],
                    [
                        0.0,
                        0.0,
                        1.0
                    ]
                ],
                "DISTO_PARAMS": [
                    0.020701657718974557,
                    -0.14583959979287498,
                    0.24478316660976347,
                    -0.0011524650762647655,
                    0.0006738262686970541
                ]
            }
        }
    }
}