{
    "CalibParam": {
        "EXTRI": {
            "Q_LtoI": [
                0.01441456942561952,
                0.02672635074693675,
                0.052216036924563138,
                0.9981740368552563
            ],
            "EULER_LtoI": [
                1.4912682184349353,
                3.1448506408989957,
                5.948064807846966
            ],
            "POS_LinI": [
                0.5726551357724882,
                0.11628555578153679,
                -0.022004456385155966
            ],
            "Q_CtoI": [
                0.24356056109779534,
                0.21998949071784053,
                0.07960945297929241,
                0.9412466265797558
            ],
            "EULER_CtoI": [
                28.358252591589534,
                26.93042329556453,
                2.745334547496918
            ],
            "POS_CinI": [
                0.6920517775587343,
                0.31914131558685346,
                0.09414698249994647
            ],
            "GRAVITY_REFINE": [
                0.30041387393843796,
                -0.06473523483352803
            ]
        },
        "TEMPORAL": {
            "TIME_OFFSET_LtoI": -0.0006154043700340793,
            "TIME_OFFSET_CtoI": 0.0,
            "TIME_READOUT": 0.0
        },
        "INTRI": {
            "IMU": {
                "ACCE": {
                    "BIAS": [
                        0.01994254296892859,
                        -0.0705524828334098,
                        -0.172719312180049
                    ],
                    "MAP_COEFF": [
                        1.0,
                        1.0,
                        1.0,
                        0.0,
                        0.0,
                        0.0
                    ]
                },
                "GYRO": {
                    "BIAS": [
                        0.0013239247629075579,
                        -0.005666828995110526,
                        0.0001974187341852258
                    ],
                    "MAP_COEFF": [
                        1.0,
                        1.0,
                        1.0,
                        0.0,
                        0.0,
                        0.0
                    ]
                },
                "Q_AtoG": [
                    0.0,
                    0.0,
                    0.0,
                    1.0
                ],
                "EULER_AtoG": [
                    -0.0,
                    0.0,
                    -0.0
                ]
            },
            "CAMERA": {
                "K": [
                    [
                        448.7283437752497,
                        0.0,
                        199.2698748705299
                    ],
                    [
                        0.0,
                        449.4420237270751,
                        199.46247133478543
                    ],
                    [
                        0.0,
                        0.0,
                        1.0
                    ]
                ],
                "DISTO_PARAMS": [
                    0.0,
                    0.0,
                    0.0,
                    0.0,
                    0.0
                ]
            }
        }
    }
}