{
    "CalibParam": {
        "EXTRI": {
            "Q_LtoI": [
                0.009645997204235115,
                0.016510104698340999,
                0.04277643059458653,
                0.998901670919802
            ],
            "EULER_LtoI": [
                1.0238460772140515,
                1.9374928409894746,
                4.886898093618974
            ],
            "POS_LinI": [
                0.2898511983514218,
                0.1486905218454903,
                0.07103936730168524
            ],
            "Q_CtoI": [
                0.24196312159282017,
                0.21430765179121898,
                0.07678679694119593,
                0.9432019221716543
            ],
            "EULER_CtoI": [
                28.16453133615081,
                26.1951515783478,
                2.6279841207848388
            ],
            "POS_CinI": [
                0.5618529326061031,
                0.37137547048340949,
                0.17088513835047526
            ],
            "GRAVITY_REFINE": [
                0.28716712868425089,
                -0.06027208067202741
            ]
        },
        "TEMPORAL": {
            "TIME_OFFSET_LtoI": -0.0005831646623052358,
            "TIME_OFFSET_CtoI": -0.00042943459639016693,
            "TIME_READOUT": 0.0
        },
        "INTRI": {
            "IMU": {
                "ACCE": {
                    "BIAS": [
                        0.01567079945180332,
                        0.02201459089659188,
                        -0.04136758170402524
                    ],
                    "MAP_COEFF": [
                        0.994409497678016,
                        1.0261209834633807,
                        0.9823126649017553,
                        0.014001914696594438,
                        0.021835893625071057,
                        -0.010851627190752568
                    ]
                },
                "GYRO": {
                    "BIAS": [
                        0.005530419820506125,
                        0.008106687976873525,
                        0.0012147501579392706
                    ],
                    "MAP_COEFF": [
                        0.9997802099092749,
                        1.000190266532311,
                        0.9991983374288854,
                        -0.0013411915474983933,
                        -0.014077690727086328,
                        -0.013448109654314034
                    ]
                },
                "Q_AtoG": [
                    0.0064695828949645939,
                    0.0050267098400100349,
                    0.0032421253420841448,
                    0.9999611819008855
                ],
                "EULER_AtoG": [
                    0.7395215024954488,
                    0.5784095625467788,
                    0.3678004436538542
                ]
            },
            "CAMERA": {
                "K": [
                    [
                        449.44408628260808,
                        0.0,
                        199.768028631118
                    ],
                    [
                        0.0,
                        449.36856727167966,
                        199.05086766743305
                    ],
                    [
                        0.0,
                        0.0,
                        1.0
                    ]
                ],
                "DISTO_PARAMS": [
                    0.016380748891540944,
                    -0.10750840645435708,
                    0.18150601507265944,
                    -0.0008608689096116491,
                    0.00016699129887088135
                ]
            }
        }
    }
}