{
    "CalibParam": {
        "EXTRI": {
            "Q_LtoI": [
                0.010161225885378859,
                0.01706386529083903,
                0.04379521589805143,
                0.9988431073268141
            ],
            "EULER_LtoI": [
                1.078130894643973,
                2.0045163998545028,
                5.002296801474969
            ],
            "POS_LinI": [
                0.3028314837519666,
                0.14611605204449117,
                0.09308613416746962
            ],
            "Q_CtoI": [
                0.24217912598311967,
                0.2148757264324277,
                0.07746163160058689,
                0.9429620293299004
            ],
            "EULER_CtoI": [
                28.180703513556236,
                26.28001607343015,
                2.6854371347448948
            ],
            "POS_CinI": [
                0.5630472629301322,
                0.367557864524983,
                0.1979205975202443
            ],
            "GRAVITY_REFINE": [
                0.2886025237140601,
                -0.0601460806792961
            ]
        },
        "TEMPORAL": {
            "TIME_OFFSET_LtoI": -0.00037092329727469813,
            "TIME_OFFSET_CtoI": -0.0007213432559509034,
            "TIME_READOUT": 0.0
        },
        "INTRI": {
            "IMU": {
                "ACCE": {
                    "BIAS": [
                        0.03518824734405292,
                        0.02406777156866058,
                        -0.0768607453930242
                    ],
                    "MAP_COEFF": [
                        1.0035022437263393,
                        1.0333052522888149,
                        0.9839504704431613,
                        0.0166782752864061,
                        0.01848206204331839,
                        -0.010490306221571327
                    ]
                },
                "GYRO": {
                    "BIAS": [
                        0.002079198373515366,
                        0.012105148836696497,
                        0.0020255040661224267
                    ],
                    "MAP_COEFF": [
                        1.001528703855416,
                        1.0017135482648654,
                        0.9961292128045,
                        -0.0009093891649160994,
                        -0.007855717161045368,
                        -0.021638521013331914
                    ]
                },
                "Q_AtoG": [
                    0.005877831548980376,
                    0.004835770086593891,
                    0.00254726413686989,
                    0.9999677884158912
                ],
                "EULER_AtoG": [
                    0.6721636953501852,
                    0.5558450120118427,
                    0.28864323761868979
                ]
            },
            "CAMERA": {
                "K": [
                    [
                        449.455039319034,
                        0.0,
                        199.5837961355411
                    ],
                    [
                        0.0,
                        449.419170004444,
                        199.2454505745722
                    ],
                    [
                        0.0,
                        0.0,
                        1.0
                    ]
                ],
                "DISTO_PARAMS": [
                    0.02012048464051167,
                    -0.14211275701713606,
                    0.2405779484023592,
                    -0.00073565248956908,
                    0.0004569463171237491
                ]
            }
        }
    }
}