{
    "CalibParam": {
        "EXTRI": {
            "Q_LtoI": [
                0.010014776074331435,
                0.016870106470013265,
                0.04355043748005053,
                0.9988585801619605
            ],
            "EULER_LtoI": [
                1.0628047414223186,
                1.9813389758980887,
                4.974674289847992
            ],
            "POS_LinI": [
                0.3024847000877457,
                0.14656706585675167,
                0.0940568694000923
            ],
            "Q_CtoI": [
                0.2425034673314006,
                0.21507266382726476,
                0.07727355608500827,
                0.9428492006341576
            ],
            "EULER_CtoI": [
                28.22951890147803,
                26.2980314201663,
                2.647016645006936
            ],
            "POS_CinI": [
                0.5621816436161987,
                0.369743151577224,
                0.1952607063437253
            ],
            "GRAVITY_REFINE": [
                0.28826007469629918,
                -0.06062136321773235
            ]
        },
        "TEMPORAL": {
            "TIME_OFFSET_LtoI": -0.00046765628870875514,
            "TIME_OFFSET_CtoI": -0.0004431699817454667,
            "TIME_READOUT": 0.0
        },
        "INTRI": {
            "IMU": {
                "ACCE": {
                    "BIAS": [
                        0.02668515286851278,
                        0.022877069777602487,
                        -0.06904454591053196
                    ],
                    "MAP_COEFF": [
                        1.0024458380733823,
                        1.0317905059041717,
                        0.9834087194021359,
                        0.016609491697389759,
                        0.01935644214418455,
                        -0.010370994190916196
                    ]
                },
                "GYRO": {
                    "BIAS": [
                        0.005560437439727606,
                        0.013390877794526135,
                        0.001611674260333408
                    ],
                    "MAP_COEFF": [
                        1.0003010206322148,
                        1.000523589757661,
                        0.9979468889452136,
                        -0.0009103364242728322,
                        -0.014599494840710995,
                        -0.023992717857735568
                    ]
                },
                "Q_AtoG": [
                    0.005988129172728717,
                    0.004826553939196761,
                    0.002808551159450677,
                    0.9999664788013984
                ],
                "EULER_AtoG": [
                    0.6846611093591448,
                    0.5549996769054845,
                    0.31853012352004986
                ]
            },
            "CAMERA": {
                "K": [
                    [
                        449.3844798083032,
                        0.0,
                        199.64289707064615
                    ],
                    [
                        0.0,
                        449.28874343360845,
                        199.1358208276642
                    ],
                    [
                        0.0,
                        0.0,
                        1.0
                    ]
                ],
                "DISTO_PARAMS": [
                    0.021950913234236939,
                    -0.15042902554444655,
                    0.2502851687962879,
                    -0.0011191136124849716,
                    0.0005980972262475714
                ]
            }
        }
    }
}