{
    "CalibParam": {
        "EXTRI": {
            "Q_LtoI": [
                0.009141736359474857,
                0.011703611810447558,
                0.06969160103517205,
                0.9974580366471958
            ],
            "EULER_LtoI": [
                0.9517693958583575,
                1.4108751257193724,
                7.981711694853209
            ],
            "POS_LinI": [
                0.004268618940224313,
                -0.0504341552249252,
                -0.008318279489055905
            ],
            "Q_CtoI": [
                0.2509708351161014,
                0.20907628402344864,
                0.09283242108172847,
                0.9405758284031
            ],
            "EULER_CtoI": [
                28.84798403677016,
                26.09754293686508,
                4.450585926262346
            ],
            "POS_CinI": [
                -0.036676521926369127,
                0.12686706846268099,
                0.17449171200283959
            ],
            "GRAVITY_REFINE": [
                0.31020974421415289,
                -0.043272011555611829
            ]
        },
        "TEMPORAL": {
            "TIME_OFFSET_LtoI": 0.01822937087152487,
            "TIME_OFFSET_CtoI": 0.0,
            "TIME_READOUT": 0.0
        },
        "INTRI": {
            "IMU": {
                "ACCE": {
                    "BIAS": [
                        0.72973806684044,
                        0.11073422894597206,
                        -0.1390315377971103
                    ],
                    "MAP_COEFF": [
                        1.0,
                        1.0,
                        1.0,
                        0.0,
                        0.0,
                        0.0
                    ]
                },
                "GYRO": {
                    "BIAS": [
                        0.024363540558968077,
                        -0.006895038803471732,
                        0.0023964260441009918
                    ],
                    "MAP_COEFF": [
                        1.0,
                        1.0,
                        1.0,
                        0.0,
                        0.0,
                        0.0
                    ]
                },
                "Q_AtoG": [
                    0.0,
                    0.0,
                    0.0,
                    1.0
                ],
                "EULER_AtoG": [
                    -0.0,
                    0.0,
                    -0.0
                ]
            },
            "CAMERA": {
                "K": [
                    [
                        443.53412297600655,
                        0.0,
                        197.79621517634923
                    ],
                    [
                        0.0,
                        443.17707530559576,
                        197.88116479016936
                    ],
                    [
                        0.0,
                        0.0,
                        1.0
                    ]
                ],
                "DISTO_PARAMS": [
                    0.0,
                    0.0,
                    0.0,
                    0.0,
                    0.0
                ]
            }
        }
    }
}