{
    "CalibParam": {
        "EXTRI": {
            "Q_LtoI": [
                0.014812714182975747,
                0.025196553707644489,
                0.048418524237008309,
                0.9983994008864897
            ],
            "EULER_LtoI": [
                1.557173413152673,
                2.9662019176051466,
                5.512579678639306
            ],
            "POS_LinI": [
                0.5354067040088556,
                0.12745281689514127,
                0.002518503585695239
            ],
            "Q_CtoI": [
                0.24383321583610385,
                0.22005683107265873,
                0.07774589210557578,
                0.9413160628683607
            ],
            "EULER_CtoI": [
                28.444858486458146,
                26.88492931677192,
                2.509499292288304
            ],
            "POS_CinI": [
                0.742034014735511,
                0.33409173342811879,
                0.09583958636238202
            ],
            "GRAVITY_REFINE": [
                0.2963651460057356,
                -0.06513799753959379
            ]
        },
        "TEMPORAL": {
            "TIME_OFFSET_LtoI": -0.0006154043700340793,
            "TIME_OFFSET_CtoI": 0.0,
            "TIME_READOUT": 0.0
        },
        "INTRI": {
            "IMU": {
                "ACCE": {
                    "BIAS": [
                        -0.006729489344609232,
                        -0.03971548679880165,
                        -0.18913092251111805
                    ],
                    "MAP_COEFF": [
                        1.0,
                        1.0,
                        1.0,
                        0.0,
                        0.0,
                        0.0
                    ]
                },
                "GYRO": {
                    "BIAS": [
                        -0.002499459876673707,
                        -0.0037360636083972156,
                        0.00022733642073992298
                    ],
                    "MAP_COEFF": [
                        1.0,
                        1.0,
                        1.0,
                        0.0,
                        0.0,
                        0.0
                    ]
                },
                "Q_AtoG": [
                    0.0,
                    0.0,
                    0.0,
                    1.0
                ],
                "EULER_AtoG": [
                    -0.0,
                    0.0,
                    -0.0
                ]
            },
            "CAMERA": {
                "K": [
                    [
                        448.7283437752497,
                        0.0,
                        199.2698748705299
                    ],
                    [
                        0.0,
                        449.4420237270751,
                        199.46247133478543
                    ],
                    [
                        0.0,
                        0.0,
                        1.0
                    ]
                ],
                "DISTO_PARAMS": [
                    0.0,
                    0.0,
                    0.0,
                    0.0,
                    0.0
                ]
            }
        }
    }
}