{
    "CalibParam": {
        "EXTRI": {
            "Q_LtoI": [
                -0.10407688223484987,
                0.028495570499674044,
                -0.03518357194248909,
                0.9935381831170551
            ],
            "EULER_LtoI": [
                168.15741213191758,
                176.33363566956479,
                176.32412034910855
            ],
            "POS_LinI": [
                -0.11867237757946989,
                0.1412254304519066,
                0.21405649664696203
            ],
            "Q_CtoI": [
                0.18202359917562106,
                0.18352140708224064,
                0.07406801517562,
                0.9631724827950867
            ],
            "EULER_CtoI": [
                20.47272017859663,
                22.3640247984302,
                4.705879605260003
            ],
            "POS_CinI": [
                -0.6221860627984632,
                0.6010240909885571,
                -0.07241607664058775
            ],
            "GRAVITY_REFINE": [
                0.5126972562995275,
                0.3820691645661818
            ]
        },
        "TEMPORAL": {
            "TIME_OFFSET_LtoI": -0.02,
            "TIME_OFFSET_CtoI": 0.0,
            "TIME_READOUT": 0.0
        },
        "INTRI": {
            "IMU": {
                "ACCE": {
                    "BIAS": [
                        1.8772895014477907,
                        -0.2917299005104158,
                        -0.161418625233005
                    ],
                    "MAP_COEFF": [
                        1.0,
                        1.0,
                        1.0,
                        0.0,
                        0.0,
                        0.0
                    ]
                },
                "GYRO": {
                    "BIAS": [
                        0.09930606398644459,
                        0.01536613846272944,
                        0.07322776994089321
                    ],
                    "MAP_COEFF": [
                        1.0,
                        1.0,
                        1.0,
                        0.0,
                        0.0,
                        0.0
                    ]
                },
                "Q_AtoG": [
                    0.0,
                    0.0,
                    0.0,
                    1.0
                ],
                "EULER_AtoG": [
                    -0.0,
                    0.0,
                    -0.0
                ]
            },
            "CAMERA": {
                "K": [
                    [
                        447.58367090449959,
                        0.0,
                        182.04432014328203
                    ],
                    [
                        0.0,
                        448.1753794679008,
                        205.2759178846962
                    ],
                    [
                        0.0,
                        0.0,
                        1.0
                    ]
                ],
                "DISTO_PARAMS": [
                    0.0,
                    0.0,
                    0.0,
                    0.0,
                    0.0
                ]
            }
        }
    }
}