{
    "CalibParam": {
        "EXTRI": {
            "Q_LtoI": [
                0.009296931300694693,
                0.016910368379188174,
                0.04341259473803296,
                0.9988708390616785
            ],
            "EULER_LtoI": [
                0.9806572855350533,
                1.982242416113865,
                4.960242413319646
            ],
            "POS_LinI": [
                0.2964727781434595,
                0.15333731655010977,
                0.06681086725585076
            ],
            "Q_CtoI": [
                0.24135780146950296,
                0.2147776237864938,
                0.07704086920974183,
                0.9432293933406883
            ],
            "EULER_CtoI": [
                28.08527094543264,
                26.254425644580594,
                2.6623317458928548
            ],
            "POS_CinI": [
                0.5725356772556659,
                0.37466556937476916,
                0.16675017269626644
            ],
            "GRAVITY_REFINE": [
                0.2874673185169048,
                -0.05946468613282283
            ]
        },
        "TEMPORAL": {
            "TIME_OFFSET_LtoI": -0.00026172233195426105,
            "TIME_OFFSET_CtoI": -0.0005004205005222689,
            "TIME_READOUT": 0.0
        },
        "INTRI": {
            "IMU": {
                "ACCE": {
                    "BIAS": [
                        0.01699966493896205,
                        0.01407149495801455,
                        -0.036440784684183918
                    ],
                    "MAP_COEFF": [
                        0.9927966469769453,
                        1.0263339274833097,
                        0.9821015913772672,
                        0.015365241409083254,
                        0.02075478723578448,
                        -0.01076168913442092
                    ]
                },
                "GYRO": {
                    "BIAS": [
                        0.005683960725915343,
                        0.006614321743058495,
                        0.0011040053276699289
                    ],
                    "MAP_COEFF": [
                        0.9997953488029003,
                        1.0003548257340039,
                        0.9993258672967351,
                        -0.0013252501061827424,
                        -0.01432327018088941,
                        -0.010493793411165863
                    ]
                },
                "Q_AtoG": [
                    0.006850907566425274,
                    0.00459976053777318,
                    0.002740487232826736,
                    0.9999621977846154
                ],
                "EULER_AtoG": [
                    0.7836398683052995,
                    0.5292327679064763,
                    0.3104285241824405
                ]
            },
            "CAMERA": {
                "K": [
                    [
                        449.500201439889,
                        0.0,
                        199.81394590678779
                    ],
                    [
                        0.0,
                        449.52010217086709,
                        199.0920094479704
                    ],
                    [
                        0.0,
                        0.0,
                        1.0
                    ]
                ],
                "DISTO_PARAMS": [
                    0.011522474517736867,
                    -0.07763243978612634,
                    0.13431351008605414,
                    -0.0007339643080849869,
                    0.000031029437982236518
                ]
            }
        }
    }
}