{
    "CalibParam": {
        "EXTRI": {
            "Q_LtoI": [
                0.009502741006286755,
                0.01667424321267499,
                0.043403132742788039,
                0.9988732830518413
            ],
            "EULER_LtoI": [
                1.0054129450605918,
                1.9562178596023939,
                4.958946912228681
            ],
            "POS_LinI": [
                0.2895227179008766,
                0.14886684874250323,
                0.07101675906490199
            ],
            "Q_CtoI": [
                0.24160312577438865,
                0.21451837177955827,
                0.07721387873073439,
                0.9432114369092689
            ],
            "EULER_CtoI": [
                28.109361739019968,
                26.23044689795789,
                2.683746095205658
            ],
            "POS_CinI": [
                0.5648085386232343,
                0.3708399018642712,
                0.17111476680071706
            ],
            "GRAVITY_REFINE": [
                0.28739006265077907,
                -0.05945145885140981
            ]
        },
        "TEMPORAL": {
            "TIME_OFFSET_LtoI": -0.00031823804601492845,
            "TIME_OFFSET_CtoI": -0.0004228226654599069,
            "TIME_READOUT": 0.0
        },
        "INTRI": {
            "IMU": {
                "ACCE": {
                    "BIAS": [
                        0.01757815566430271,
                        0.019105462127895074,
                        -0.03835228714680706
                    ],
                    "MAP_COEFF": [
                        0.9935554948567352,
                        1.027529929078987,
                        0.9820526682240546,
                        0.015724778514897773,
                        0.02157688540109907,
                        -0.010574211445788415
                    ]
                },
                "GYRO": {
                    "BIAS": [
                        0.005392345578019904,
                        0.0068556715258461888,
                        0.0014022841290539388
                    ],
                    "MAP_COEFF": [
                        0.9997682856453646,
                        1.0003030017872934,
                        0.9987635653970954,
                        -0.0013239275583480043,
                        -0.013770020927446659,
                        -0.010983438487475996
                    ]
                },
                "Q_AtoG": [
                    0.006616377182088,
                    0.004854869478722847,
                    0.002731246984105122,
                    0.9999625963431037
                ],
                "EULER_AtoG": [
                    0.7566910808672144,
                    0.5583858723056475,
                    0.30930146431756785
                ]
            },
            "CAMERA": {
                "K": [
                    [
                        449.4823629744189,
                        0.0,
                        199.8082435874808
                    ],
                    [
                        0.0,
                        449.47494812468127,
                        199.0727018905578
                    ],
                    [
                        0.0,
                        0.0,
                        1.0
                    ]
                ],
                "DISTO_PARAMS": [
                    0.012814206043407455,
                    -0.08498335691258804,
                    0.1451786914577459,
                    -0.0007876855224068976,
                    0.0000790512466245919
                ]
            }
        }
    }
}