{
    "CalibParam": {
        "EXTRI": {
            "Q_LtoI": [
                0.010046717215990249,
                0.016929220793227719,
                0.04384072511799822,
                0.998844560368451
            ],
            "EULER_LtoI": [
                1.0655932647765217,
                1.9885759930984184,
                5.007868121766103
            ],
            "POS_LinI": [
                0.30239811727155027,
                0.14666653494384028,
                0.0941341565938046
            ],
            "Q_CtoI": [
                0.2424185035909187,
                0.21524785205601794,
                0.07743640424936498,
                0.9428177101640272
            ],
            "EULER_CtoI": [
                28.216229588350868,
                26.322487369918375,
                2.663818013518076
            ],
            "POS_CinI": [
                0.5598112282987543,
                0.3694372623040177,
                0.19521984588928635
            ],
            "GRAVITY_REFINE": [
                0.2885722764661835,
                -0.060379628703067737
            ]
        },
        "TEMPORAL": {
            "TIME_OFFSET_LtoI": -0.0005347670850639789,
            "TIME_OFFSET_CtoI": -0.0005129312464984102,
            "TIME_READOUT": 0.0
        },
        "INTRI": {
            "IMU": {
                "ACCE": {
                    "BIAS": [
                        0.035352098748646077,
                        0.021591502012936915,
                        -0.07664628514749968
                    ],
                    "MAP_COEFF": [
                        1.0027062246041266,
                        1.0315667351263845,
                        0.9842462486984659,
                        0.016942106362459097,
                        0.018380328635758348,
                        -0.010111269872591552
                    ]
                },
                "GYRO": {
                    "BIAS": [
                        0.003395496899414913,
                        0.013818891880224338,
                        0.0020544460597397425
                    ],
                    "MAP_COEFF": [
                        1.0003397006277633,
                        1.000647117469854,
                        0.9970547528827857,
                        -0.0009552912571813316,
                        -0.010500470646795166,
                        -0.024891298444636075
                    ]
                },
                "Q_AtoG": [
                    0.005946474930284346,
                    0.004876005108076807,
                    0.002534014039250984,
                    0.9999672208542331
                ],
                "EULER_AtoG": [
                    0.6800261180420546,
                    0.5604663673257385,
                    0.28705944869482388
                ]
            },
            "CAMERA": {
                "K": [
                    [
                        449.45789303110765,
                        0.0,
                        199.64781570167669
                    ],
                    [
                        0.0,
                        449.3763574619775,
                        199.13071333868633
                    ],
                    [
                        0.0,
                        0.0,
                        1.0
                    ]
                ],
                "DISTO_PARAMS": [
                    0.01979627122473558,
                    -0.13944120848790984,
                    0.2348923745382148,
                    -0.001082945851983364,
                    0.0006527694997930182
                ]
            }
        }
    }
}