{
    "CalibParam": {
        "EXTRI": {
            "Q_LtoI": [
                0.014223670515521276,
                0.02265450727718629,
                0.05427293917841866,
                0.998167775762186
            ],
            "EULER_LtoI": [
                1.4878280015511199,
                2.6806968824147829,
                6.189693671088069
            ],
            "POS_LinI": [
                0.2380963523269971,
                0.09301023177957105,
                0.005730428962663698
            ],
            "Q_CtoI": [
                0.24328669212041185,
                0.2180056235522968,
                0.0816875159470376,
                0.941600915077659
            ],
            "EULER_CtoI": [
                28.244450132550399,
                26.76264837518708,
                3.0661000741980275
            ],
            "POS_CinI": [
                0.40338564311626926,
                0.299356037651631,
                0.1222383200447086
            ],
            "GRAVITY_REFINE": [
                0.302345289262094,
                -0.06405707531522577
            ]
        },
        "TEMPORAL": {
            "TIME_OFFSET_LtoI": 0.005275417957037497,
            "TIME_OFFSET_CtoI": 0.0,
            "TIME_READOUT": 0.0
        },
        "INTRI": {
            "IMU": {
                "ACCE": {
                    "BIAS": [
                        0.2879438730764832,
                        -0.037676932470907299,
                        -0.17235409511293615
                    ],
                    "MAP_COEFF": [
                        1.0,
                        1.0,
                        1.0,
                        0.0,
                        0.0,
                        0.0
                    ]
                },
                "GYRO": {
                    "BIAS": [
                        0.007047925956381918,
                        -0.005437509063109145,
                        -0.0006996417975085757
                    ],
                    "MAP_COEFF": [
                        1.0,
                        1.0,
                        1.0,
                        0.0,
                        0.0,
                        0.0
                    ]
                },
                "Q_AtoG": [
                    0.0,
                    0.0,
                    0.0,
                    1.0
                ],
                "EULER_AtoG": [
                    -0.0,
                    0.0,
                    -0.0
                ]
            },
            "CAMERA": {
                "K": [
                    [
                        450.05091584795169,
                        0.0,
                        199.9123744169998
                    ],
                    [
                        0.0,
                        450.24785799462878,
                        200.46202989427634
                    ],
                    [
                        0.0,
                        0.0,
                        1.0
                    ]
                ],
                "DISTO_PARAMS": [
                    0.0,
                    0.0,
                    0.0,
                    0.0,
                    0.0
                ]
            }
        }
    }
}