{
    "CalibParam": {
        "EXTRI": {
            "Q_LtoI": [
                0.009750139932121012,
                0.016965516891905027,
                0.04364370630771443,
                0.9988555115268777
            ],
            "EULER_LtoI": [
                1.0318357577222764,
                1.99104312767492,
                4.985817487043918
            ],
            "POS_LinI": [
                0.3022106208479469,
                0.1465294980395205,
                0.0931316129039388
            ],
            "Q_CtoI": [
                0.24183906145566934,
                0.21498701195945239,
                0.07742357447123731,
                0.9430270638529332
            ],
            "EULER_CtoI": [
                28.13925128036029,
                26.290671832739056,
                2.6876426104029988
            ],
            "POS_CinI": [
                0.570210304271271,
                0.3688429751310897,
                0.19561966026097669
            ],
            "GRAVITY_REFINE": [
                0.28803207316759729,
                -0.060269242867373947
            ]
        },
        "TEMPORAL": {
            "TIME_OFFSET_LtoI": -0.000291451787941416,
            "TIME_OFFSET_CtoI": -0.00044139770041816455,
            "TIME_READOUT": 0.0
        },
        "INTRI": {
            "IMU": {
                "ACCE": {
                    "BIAS": [
                        0.021185419842583807,
                        0.02817097270891384,
                        -0.05842199893927562
                    ],
                    "MAP_COEFF": [
                        1.0016929744276544,
                        1.0327734528090578,
                        0.9822690200165761,
                        0.01746372665903418,
                        0.01977727562880261,
                        -0.011469904695231574
                    ]
                },
                "GYRO": {
                    "BIAS": [
                        0.0053113825929878909,
                        0.01069229579781985,
                        0.0011713838216951332
                    ],
                    "MAP_COEFF": [
                        1.0003510689561364,
                        1.0009320517635559,
                        0.9985603717515125,
                        -0.0009819895354632447,
                        -0.014072299313048737,
                        -0.01835304698553759
                    ]
                },
                "Q_AtoG": [
                    0.006444751837162436,
                    0.004660318418619921,
                    0.002590920151539896,
                    0.9999650162574504
                ],
                "EULER_AtoG": [
                    0.7371572714366526,
                    0.5359357170831095,
                    0.2934596026893183
                ]
            },
            "CAMERA": {
                "K": [
                    [
                        449.40579256926176,
                        0.0,
                        199.70168162211045
                    ],
                    [
                        0.0,
                        449.28790467285458,
                        199.18261738441033
                    ],
                    [
                        0.0,
                        0.0,
                        1.0
                    ]
                ],
                "DISTO_PARAMS": [
                    0.019493781292307785,
                    -0.13000741963985255,
                    0.21520529336192516,
                    -0.0009245536325271654,
                    0.00036686456718633425
                ]
            }
        }
    }
}