{
    "CalibParam": {
        "EXTRI": {
            "Q_LtoI": [
                0.009778002606514533,
                0.01696722996990216,
                0.04366299155696457,
                0.9988543672330176
            ],
            "EULER_LtoI": [
                1.034980217292581,
                1.9913981522969749,
                4.987973602874016
            ],
            "POS_LinI": [
                0.3021956448064134,
                0.14674609406506312,
                0.09399873074956676
            ],
            "Q_CtoI": [
                0.24190407939596646,
                0.21498649473504395,
                0.0774344532860172,
                0.9430096123038326
            ],
            "EULER_CtoI": [
                28.14730930622139,
                26.291109713066147,
                2.687020004203092
            ],
            "POS_CinI": [
                0.5697081516455108,
                0.36907498914648975,
                0.19651158548049753
            ],
            "GRAVITY_REFINE": [
                0.28807868068300149,
                -0.060302115351436289
            ]
        },
        "TEMPORAL": {
            "TIME_OFFSET_LtoI": -0.00029257854954629187,
            "TIME_OFFSET_CtoI": -0.0004469904115201451,
            "TIME_READOUT": 0.0
        },
        "INTRI": {
            "IMU": {
                "ACCE": {
                    "BIAS": [
                        0.02124817920856592,
                        0.02788424154473518,
                        -0.05922862450870319
                    ],
                    "MAP_COEFF": [
                        1.001992281099519,
                        1.0329521016041806,
                        0.9822861302471734,
                        0.017585340753116544,
                        0.019782212911156964,
                        -0.011407328424410387
                    ]
                },
                "GYRO": {
                    "BIAS": [
                        0.005372137257745538,
                        0.010820793880547603,
                        0.0012459678776164337
                    ],
                    "MAP_COEFF": [
                        1.0003497477741664,
                        1.0009038375241977,
                        0.9984196687936783,
                        -0.0009496422840898513,
                        -0.014205548643606868,
                        -0.018597577906551575
                    ]
                },
                "Q_AtoG": [
                    0.00640840113652336,
                    0.004664645076028529,
                    0.002589681288055067,
                    0.999965232911632
                ],
                "EULER_AtoG": [
                    0.7329910032880714,
                    0.5364199329732626,
                    0.29333395990968777
                ]
            },
            "CAMERA": {
                "K": [
                    [
                        449.40059439573676,
                        0.0,
                        199.69874525085013
                    ],
                    [
                        0.0,
                        449.2854644860286,
                        199.17640421830348
                    ],
                    [
                        0.0,
                        0.0,
                        1.0
                    ]
                ],
                "DISTO_PARAMS": [
                    0.01982244457107359,
                    -0.13239447213220757,
                    0.21914834661905356,
                    -0.0009428419447180004,
                    0.00038844038075265216
                ]
            }
        }
    }
}