{
    "CalibParam": {
        "EXTRI": {
            "Q_LtoI": [
                0.009379484056787412,
                0.0167886551860689,
                0.04343593766739186,
                0.9988711056261594
            ],
            "EULER_LtoI": [
                0.9906667419210835,
                1.968739113413178,
                4.962857560348654
            ],
            "POS_LinI": [
                0.2925619548900491,
                0.15115219733916397,
                0.06867250696062539
            ],
            "Q_CtoI": [
                0.24145179638884357,
                0.21465211172218899,
                0.07714483561123989,
                0.943225410648123
            ],
            "EULER_CtoI": [
                28.09321805286747,
                26.243323073457547,
                2.675874189435215
            ],
            "POS_CinI": [
                0.5683377875907961,
                0.3727638793494136,
                0.1687252511275366
            ],
            "GRAVITY_REFINE": [
                0.28742300118750516,
                -0.05939833901556903
            ]
        },
        "TEMPORAL": {
            "TIME_OFFSET_LtoI": -0.00027201679433406205,
            "TIME_OFFSET_CtoI": -0.0004569088706065586,
            "TIME_READOUT": 0.0
        },
        "INTRI": {
            "IMU": {
                "ACCE": {
                    "BIAS": [
                        0.01771720856574584,
                        0.016489134098108074,
                        -0.037067261027273448
                    ],
                    "MAP_COEFF": [
                        0.9930351247487932,
                        1.0269672902962817,
                        0.9820705631433105,
                        0.015577279038757879,
                        0.02116625107712022,
                        -0.010678503480526632
                    ]
                },
                "GYRO": {
                    "BIAS": [
                        0.005500209285273547,
                        0.006664041024430795,
                        0.001265995346454146
                    ],
                    "MAP_COEFF": [
                        0.9997815271533992,
                        1.0003315473389958,
                        0.9990163518344807,
                        -0.0013241788909144606,
                        -0.013969016257957863,
                        -0.010596167817330162
                    ]
                },
                "Q_AtoG": [
                    0.006753878693392123,
                    0.004732129587182763,
                    0.002716582227451599,
                    0.9999623054161426
                ],
                "EULER_AtoG": [
                    0.7724934826507839,
                    0.5443523205976271,
                    0.30763864831110518
                ]
            },
            "CAMERA": {
                "K": [
                    [
                        449.4934363021954,
                        0.0,
                        199.81262746402079
                    ],
                    [
                        0.0,
                        449.5043722770324,
                        199.08265419439594
                    ],
                    [
                        0.0,
                        0.0,
                        1.0
                    ]
                ],
                "DISTO_PARAMS": [
                    0.011940315111111357,
                    -0.07991466216334305,
                    0.1375672210912803,
                    -0.0007546868044412425,
                    0.00005242189058022947
                ]
            }
        }
    }
}