{
    "CalibParam": {
        "EXTRI": {
            "Q_LtoI": [
                0.014786049634839665,
                0.025506639294916569,
                0.048609603810999869,
                0.9983826373216898
            ],
            "EULER_LtoI": [
                1.5518565917391672,
                3.0018533902524524,
                5.534207198323588
            ],
            "POS_LinI": [
                0.5553130429205231,
                0.12249160724679539,
                0.0006902635996596882
            ],
            "Q_CtoI": [
                0.24405381991417653,
                0.22054234241510116,
                0.0778265738868984,
                0.9411385830919834
            ],
            "EULER_CtoI": [
                28.476843487978063,
                26.943365851661136,
                2.497302299577406
            ],
            "POS_CinI": [
                0.7545327648990139,
                0.32898472507044926,
                0.09464416527134286
            ],
            "GRAVITY_REFINE": [
                0.2963972028891535,
                -0.06503333667611407
            ]
        },
        "TEMPORAL": {
            "TIME_OFFSET_LtoI": -0.0006154043700340793,
            "TIME_OFFSET_CtoI": 0.0,
            "TIME_READOUT": 0.0
        },
        "INTRI": {
            "IMU": {
                "ACCE": {
                    "BIAS": [
                        -0.021822235470062215,
                        -0.03830502018621324,
                        -0.18746320123249803
                    ],
                    "MAP_COEFF": [
                        1.0,
                        1.0,
                        1.0,
                        0.0,
                        0.0,
                        0.0
                    ]
                },
                "GYRO": {
                    "BIAS": [
                        -0.0027476155830066814,
                        -0.003792338719136622,
                        0.00016397964853247923
                    ],
                    "MAP_COEFF": [
                        1.0,
                        1.0,
                        1.0,
                        0.0,
                        0.0,
                        0.0
                    ]
                },
                "Q_AtoG": [
                    0.0,
                    0.0,
                    0.0,
                    1.0
                ],
                "EULER_AtoG": [
                    -0.0,
                    0.0,
                    -0.0
                ]
            },
            "CAMERA": {
                "K": [
                    [
                        448.7283437752497,
                        0.0,
                        199.2698748705299
                    ],
                    [
                        0.0,
                        449.4420237270751,
                        199.46247133478543
                    ],
                    [
                        0.0,
                        0.0,
                        1.0
                    ]
                ],
                "DISTO_PARAMS": [
                    0.0,
                    0.0,
                    0.0,
                    0.0,
                    0.0
                ]
            }
        }
    }
}