{
    "CalibParam": {
        "EXTRI": {
            "Q_LtoI": [
                0.009639291951273692,
                0.016461872411130546,
                0.042696942290201097,
                0.9989059324713538
            ],
            "EULER_LtoI": [
                1.023465957904567,
                1.9318560550473137,
                4.8778319804580809
            ],
            "POS_LinI": [
                0.2899222383475815,
                0.14878584685708294,
                0.07087464564157649
            ],
            "Q_CtoI": [
                0.24195656102303274,
                0.21445411930783338,
                0.07664314058876246,
                0.9431819984979041
            ],
            "EULER_CtoI": [
                28.169088814515129,
                26.20774594413131,
                2.6063981598114349
            ],
            "POS_CinI": [
                0.5582888514011775,
                0.3714616962097349,
                0.17141411290978504
            ],
            "GRAVITY_REFINE": [
                0.2873343562705259,
                -0.06063795086879641
            ]
        },
        "TEMPORAL": {
            "TIME_OFFSET_LtoI": -0.0006993913914441291,
            "TIME_OFFSET_CtoI": -0.000575270170162902,
            "TIME_READOUT": 0.0
        },
        "INTRI": {
            "IMU": {
                "ACCE": {
                    "BIAS": [
                        0.024456484767483308,
                        0.02468090365618039,
                        -0.044825123747819457
                    ],
                    "MAP_COEFF": [
                        0.9955798336615728,
                        1.0248536212149129,
                        0.9826153935151057,
                        0.013450539566188694,
                        0.020865802495443319,
                        -0.01135602497318003
                    ]
                },
                "GYRO": {
                    "BIAS": [
                        0.004618137047583091,
                        0.010367907599636215,
                        0.0013124226435940476
                    ],
                    "MAP_COEFF": [
                        0.9998674111473239,
                        1.0004691302977103,
                        0.9989215526575579,
                        -0.001323027959777099,
                        -0.012436422566999861,
                        -0.01813872998610662
                    ]
                },
                "Q_AtoG": [
                    0.006458403416375025,
                    0.005124469293076406,
                    0.0033422875728805424,
                    0.999960428193814
                ],
                "EULER_AtoG": [
                    0.7381460793675425,
                    0.5896816533898454,
                    0.3792131300483193
                ]
            },
            "CAMERA": {
                "K": [
                    [
                        449.4281725505745,
                        0.0,
                        199.74399817700053
                    ],
                    [
                        0.0,
                        449.2966570776331,
                        199.04100253725597
                    ],
                    [
                        0.0,
                        0.0,
                        1.0
                    ]
                ],
                "DISTO_PARAMS": [
                    0.018414108764382859,
                    -0.12039110468054794,
                    0.2000219396961598,
                    -0.0008536447419902152,
                    0.0002819352711636973
                ]
            }
        }
    }
}