{
    "CalibParam": {
        "EXTRI": {
            "Q_LtoI": [
                0.014034913945042718,
                0.024987995144336415,
                0.05070409470450648,
                0.9983024171409276
            ],
            "EULER_LtoI": [
                1.4624509900178833,
                2.941390783194078,
                5.777595337604056
            ],
            "POS_LinI": [
                0.5689698040365607,
                0.11993610254598602,
                -0.01587819010012935
            ],
            "Q_CtoI": [
                0.24477375684008535,
                0.22055729801299257,
                0.07895440485711976,
                0.9408541269555324
            ],
            "EULER_CtoI": [
                28.53929074549045,
                26.979805101098706,
                2.6109349266099688
            ],
            "POS_CinI": [
                0.6949708852658779,
                0.32410972289461667,
                0.08716351795976486
            ],
            "GRAVITY_REFINE": [
                0.2986496648739107,
                -0.06510737837167788
            ]
        },
        "TEMPORAL": {
            "TIME_OFFSET_LtoI": -0.0006154043700340793,
            "TIME_OFFSET_CtoI": 0.0,
            "TIME_READOUT": 0.0
        },
        "INTRI": {
            "IMU": {
                "ACCE": {
                    "BIAS": [
                        0.010974803820329744,
                        -0.06075665295701601,
                        -0.17363452789011189
                    ],
                    "MAP_COEFF": [
                        1.0,
                        1.0,
                        1.0,
                        0.0,
                        0.0,
                        0.0
                    ]
                },
                "GYRO": {
                    "BIAS": [
                        -0.00006807309962902783,
                        -0.0045377409516773989,
                        -0.000037003433775635448
                    ],
                    "MAP_COEFF": [
                        1.0,
                        1.0,
                        1.0,
                        0.0,
                        0.0,
                        0.0
                    ]
                },
                "Q_AtoG": [
                    0.0,
                    0.0,
                    0.0,
                    1.0
                ],
                "EULER_AtoG": [
                    -0.0,
                    0.0,
                    -0.0
                ]
            },
            "CAMERA": {
                "K": [
                    [
                        448.7283437752497,
                        0.0,
                        199.2698748705299
                    ],
                    [
                        0.0,
                        449.4420237270751,
                        199.46247133478543
                    ],
                    [
                        0.0,
                        0.0,
                        1.0
                    ]
                ],
                "DISTO_PARAMS": [
                    0.0,
                    0.0,
                    0.0,
                    0.0,
                    0.0
                ]
            }
        }
    }
}