{
    "CalibParam": {
        "EXTRI": {
            "Q_LtoI": [
                -0.03382667815273966,
                0.03878217483994547,
                0.0007352986090497304,
                0.9986747008389622
            ],
            "EULER_LtoI": [
                176.11097086517024,
                175.5601882208022,
                -179.7648167845514
            ],
            "POS_LinI": [
                -0.03340597251805575,
                0.04426175425587252,
                0.06784022068486062
            ],
            "Q_CtoI": [
                0.21744007317956896,
                0.22261230400642838,
                0.06052808419870513,
                0.948419700187553
            ],
            "EULER_CtoI": [
                25.552191147276987,
                26.652758994915865,
                1.1541707543212679
            ],
            "POS_CinI": [
                -0.1792441046434754,
                0.3846089436624821,
                0.17399258432793025
            ],
            "GRAVITY_REFINE": [
                0.4162855279587773,
                0.10363484229528791
            ]
        },
        "TEMPORAL": {
            "TIME_OFFSET_LtoI": -0.02,
            "TIME_OFFSET_CtoI": 0.0,
            "TIME_READOUT": 0.0
        },
        "INTRI": {
            "IMU": {
                "ACCE": {
                    "BIAS": [
                        1.0681683916592666,
                        -0.2557593167798379,
                        -0.07251811576802678
                    ],
                    "MAP_COEFF": [
                        1.0,
                        1.0,
                        1.0,
                        0.0,
                        0.0,
                        0.0
                    ]
                },
                "GYRO": {
                    "BIAS": [
                        0.09334121198954315,
                        -0.05318076967193036,
                        0.0348613881319981
                    ],
                    "MAP_COEFF": [
                        1.0,
                        1.0,
                        1.0,
                        0.0,
                        0.0,
                        0.0
                    ]
                },
                "Q_AtoG": [
                    0.0,
                    0.0,
                    0.0,
                    1.0
                ],
                "EULER_AtoG": [
                    -0.0,
                    0.0,
                    -0.0
                ]
            },
            "CAMERA": {
                "K": [
                    [
                        439.6186622829915,
                        0.0,
                        197.23532062932268
                    ],
                    [
                        0.0,
                        419.4215799150298,
                        205.4671343207015
                    ],
                    [
                        0.0,
                        0.0,
                        1.0
                    ]
                ],
                "DISTO_PARAMS": [
                    0.0,
                    0.0,
                    0.0,
                    0.0,
                    0.0
                ]
            }
        }
    }
}