{
    "CalibParam": {
        "EXTRI": {
            "Q_LtoI": [
                0.014582995348742275,
                0.0235377234851106,
                0.048138676650898267,
                0.9984567990805098
            ],
            "EULER_LtoI": [
                1.5406600818400396,
                2.7745903433366778,
                5.483223713457951
            ],
            "POS_LinI": [
                0.4424394270422358,
                0.15431579176055164,
                0.0036896440558045015
            ],
            "Q_CtoI": [
                0.24333451262146428,
                0.21796638824700105,
                0.07774615752164589,
                0.9419312626473608
            ],
            "EULER_CtoI": [
                28.35637694359363,
                26.644624388449448,
                2.5897269801088109
            ],
            "POS_CinI": [
                0.6583539873876628,
                0.3601051580325073,
                0.10077347672946394
            ],
            "GRAVITY_REFINE": [
                0.2967720236711363,
                -0.0651497750145247
            ]
        },
        "TEMPORAL": {
            "TIME_OFFSET_LtoI": -0.0006154043700340793,
            "TIME_OFFSET_CtoI": 0.0,
            "TIME_READOUT": 0.0
        },
        "INTRI": {
            "IMU": {
                "ACCE": {
                    "BIAS": [
                        0.07562135769396548,
                        -0.055119832576619978,
                        -0.19141296674143899
                    ],
                    "MAP_COEFF": [
                        1.0,
                        1.0,
                        1.0,
                        0.0,
                        0.0,
                        0.0
                    ]
                },
                "GYRO": {
                    "BIAS": [
                        -0.0007436206270584228,
                        -0.003515225629177244,
                        0.0001873167363441292
                    ],
                    "MAP_COEFF": [
                        1.0,
                        1.0,
                        1.0,
                        0.0,
                        0.0,
                        0.0
                    ]
                },
                "Q_AtoG": [
                    0.0,
                    0.0,
                    0.0,
                    1.0
                ],
                "EULER_AtoG": [
                    -0.0,
                    0.0,
                    -0.0
                ]
            },
            "CAMERA": {
                "K": [
                    [
                        448.7283437752497,
                        0.0,
                        199.2698748705299
                    ],
                    [
                        0.0,
                        449.4420237270751,
                        199.46247133478543
                    ],
                    [
                        0.0,
                        0.0,
                        1.0
                    ]
                ],
                "DISTO_PARAMS": [
                    0.0,
                    0.0,
                    0.0,
                    0.0,
                    0.0
                ]
            }
        }
    }
}