{
    "CalibParam": {
        "EXTRI": {
            "Q_LtoI": [
                0.01003479130295166,
                0.017722849533293566,
                0.0439843673499376,
                0.9988245987142849
            ],
            "EULER_LtoI": [
                1.059981925843268,
                2.0795361128197089,
                5.023671928640205
            ],
            "POS_LinI": [
                0.3235241044375274,
                0.1493848110729026,
                0.09202536283523924
            ],
            "Q_CtoI": [
                0.24197990032741016,
                0.21556866413136073,
                0.07734776823357592,
                0.942864360144895
            ],
            "EULER_CtoI": [
                28.165767155556144,
                26.35536318345733,
                2.6564868151487954
            ],
            "POS_CinI": [
                0.5849975870460742,
                0.3703724691833262,
                0.1960122950783287
            ],
            "GRAVITY_REFINE": [
                0.2890040851187665,
                -0.0603642930778215
            ]
        },
        "TEMPORAL": {
            "TIME_OFFSET_LtoI": -0.0003151829971078639,
            "TIME_OFFSET_CtoI": -0.0008820697195569899,
            "TIME_READOUT": 0.0
        },
        "INTRI": {
            "IMU": {
                "ACCE": {
                    "BIAS": [
                        0.027837147706689097,
                        0.018088707421655124,
                        -0.07790706003604425
                    ],
                    "MAP_COEFF": [
                        1.0041841064336755,
                        1.032625525251134,
                        0.9839726689476125,
                        0.01732903000745529,
                        0.016720873374769419,
                        -0.010497024925963847
                    ]
                },
                "GYRO": {
                    "BIAS": [
                        0.0029027183063211907,
                        0.012264266458110978,
                        0.0014824351750150837
                    ],
                    "MAP_COEFF": [
                        1.0015639199460889,
                        1.0018343788901039,
                        0.9971715842700913,
                        -0.0009044645116914367,
                        -0.00944621901416325,
                        -0.022016647699773557
                    ]
                },
                "Q_AtoG": [
                    0.006038968428677318,
                    0.004121652506546656,
                    0.002363858304064275,
                    0.9999704770716238
                ],
                "EULER_AtoG": [
                    0.6909182918155387,
                    0.4739338720607479,
                    0.26802811356596725
                ]
            },
            "CAMERA": {
                "K": [
                    [
                        449.47636994986967,
                        0.0,
                        199.59087620887792
                    ],
                    [
                        0.0,
                        449.4463724800805,
                        199.28806466975198
                    ],
                    [
                        0.0,
                        0.0,
                        1.0
                    ]
                ],
                "DISTO_PARAMS": [
                    0.019531243503360178,
                    -0.1393841531485074,
                    0.23761859267972805,
                    -0.0007249238144450945,
                    0.0003799112736611892
                ]
            }
        }
    }
}