{
    "CalibParam": {
        "EXTRI": {
            "Q_LtoI": [
                0.013509504799560648,
                0.02232665728062512,
                0.047698668589327027,
                0.9985208313648493
            ],
            "EULER_LtoI": [
                1.4253984795369615,
                2.6294260888412039,
                5.437088984294973
            ],
            "POS_LinI": [
                0.4393389201057373,
                0.15650151982696093,
                0.006434544800916329
            ],
            "Q_CtoI": [
                0.24442756277453513,
                0.21778564844962498,
                0.07535785140315626,
                0.9418841606680606
            ],
            "EULER_CtoI": [
                28.55902207031916,
                26.557568207649696,
                2.273959866873744
            ],
            "POS_CinI": [
                0.6487494885419112,
                0.36011880456972025,
                0.09700629942956661
            ],
            "GRAVITY_REFINE": [
                0.29649077942646609,
                -0.06475120142412955
            ]
        },
        "TEMPORAL": {
            "TIME_OFFSET_LtoI": -0.0006148479795078095,
            "TIME_OFFSET_CtoI": -0.005702000882069292,
            "TIME_READOUT": 0.0
        },
        "INTRI": {
            "IMU": {
                "ACCE": {
                    "BIAS": [
                        0.08378150604523353,
                        -0.058531499452602348,
                        -0.1901040927124304
                    ],
                    "MAP_COEFF": [
                        1.0006508545405433,
                        1.000888819506755,
                        0.9997367463307241,
                        0.0017166589168513792,
                        -0.000793573299413454,
                        0.00016714555624534828
                    ]
                },
                "GYRO": {
                    "BIAS": [
                        0.0007532974831394385,
                        0.021200131858086864,
                        0.002550059414235442
                    ],
                    "MAP_COEFF": [
                        1.001343396772891,
                        1.0029659541973107,
                        0.9947206578042063,
                        -0.0004748530360054186,
                        -0.005183706073055169,
                        -0.04415991327604255
                    ]
                },
                "Q_AtoG": [
                    0.002173122653211924,
                    0.0006829612073770079,
                    0.0013324308862703364,
                    0.9999965178588657
                ],
                "EULER_AtoG": [
                    0.24891738469109235,
                    0.07859314559143069,
                    0.15251505244382813
                ]
            },
            "CAMERA": {
                "K": [
                    [
                        449.8363187711549,
                        0.0,
                        199.2439276307401
                    ],
                    [
                        0.0,
                        451.1041215148245,
                        199.0052875545019
                    ],
                    [
                        0.0,
                        0.0,
                        1.0
                    ]
                ],
                "DISTO_PARAMS": [
                    -0.0041580120013956938,
                    -0.001040467984922126,
                    -0.0026503258842942398,
                    0.00046161101230465947,
                    -0.00016811096116834472
                ]
            }
        }
    }
}