{
    "CalibParam": {
        "EXTRI": {
            "Q_LtoI": [
                0.010140773704584945,
                0.017273160164124156,
                0.04390814638889112,
                0.9988347597712591
            ],
            "EULER_LtoI": [
                1.0745193476247599,
                2.0284989985005428,
                5.015107992691451
            ],
            "POS_LinI": [
                0.30912142952518925,
                0.14671745838719914,
                0.09430034061451108
            ],
            "Q_CtoI": [
                0.24213518851466668,
                0.21509623976876467,
                0.07748097458217826,
                0.9429214477877258
            ],
            "EULER_CtoI": [
                28.176973661470297,
                26.305641321749318,
                2.68233815528378
            ],
            "POS_CinI": [
                0.5696549487711969,
                0.3680916186177497,
                0.1988760948144585
            ],
            "GRAVITY_REFINE": [
                0.288752813906933,
                -0.06019134653927301
            ]
        },
        "TEMPORAL": {
            "TIME_OFFSET_LtoI": -0.0003402960607555928,
            "TIME_OFFSET_CtoI": -0.0007559026297535048,
            "TIME_READOUT": 0.0
        },
        "INTRI": {
            "IMU": {
                "ACCE": {
                    "BIAS": [
                        0.032875412902157948,
                        0.022699907556521547,
                        -0.0780380276324908
                    ],
                    "MAP_COEFF": [
                        1.0040526090940183,
                        1.0335992839091877,
                        0.9839451099953694,
                        0.017145153962439535,
                        0.017958498042424905,
                        -0.0104762509732755
                    ]
                },
                "GYRO": {
                    "BIAS": [
                        0.002371887368029909,
                        0.012173874792199488,
                        0.0018852958114664418
                    ],
                    "MAP_COEFF": [
                        1.001526900385368,
                        1.0017321631749617,
                        0.9964059515045589,
                        -0.0008908058962453326,
                        -0.008428069596643193,
                        -0.02179029794156897
                    ]
                },
                "Q_AtoG": [
                    0.005904565410960785,
                    0.0046119661845778528,
                    0.0024445069958875314,
                    0.9999689446481661
                ],
                "EULER_AtoG": [
                    0.675344985612653,
                    0.530137533105815,
                    0.27700358687297418
                ]
            },
            "CAMERA": {
                "K": [
                    [
                        449.4607677162413,
                        0.0,
                        199.58642834888253
                    ],
                    [
                        0.0,
                        449.4220752675022,
                        199.25926435935387
                    ],
                    [
                        0.0,
                        0.0,
                        1.0
                    ]
                ],
                "DISTO_PARAMS": [
                    0.020062071121105395,
                    -0.1420355895745972,
                    0.24080622232064437,
                    -0.0007437180358306067,
                    0.0004397316400611714
                ]
            }
        }
    }
}