{
    "CalibParam": {
        "EXTRI": {
            "Q_LtoI": [
                0.009656712994979592,
                0.016445824711825674,
                0.042602994222218529,
                0.9989100398068799
            ],
            "EULER_LtoI": [
                1.025720716867456,
                1.9300071019354948,
                4.867032622614982
            ],
            "POS_LinI": [
                0.2900183612433873,
                0.1487766826432123,
                0.07085239148171672
            ],
            "Q_CtoI": [
                0.24203394578423374,
                0.21440769752889433,
                0.07663936102867078,
                0.943173004633609
            ],
            "EULER_CtoI": [
                28.178610989826525,
                26.202548266386807,
                2.605052589305913
            ],
            "POS_CinI": [
                0.5580295629208001,
                0.37207010821941308,
                0.17092815710043969
            ],
            "GRAVITY_REFINE": [
                0.28727664123364257,
                -0.06074605976294972
            ]
        },
        "TEMPORAL": {
            "TIME_OFFSET_LtoI": -0.0007365511018728357,
            "TIME_OFFSET_CtoI": -0.000508623585333174,
            "TIME_READOUT": 0.0
        },
        "INTRI": {
            "IMU": {
                "ACCE": {
                    "BIAS": [
                        0.022775626332051155,
                        0.023501785530615189,
                        -0.04472827920129415
                    ],
                    "MAP_COEFF": [
                        0.9953955664139867,
                        1.0248080051311242,
                        0.9826460685474722,
                        0.01344839066091924,
                        0.021043512712563118,
                        -0.011186396089104786
                    ]
                },
                "GYRO": {
                    "BIAS": [
                        0.00525709835911777,
                        0.01042747410448515,
                        0.0011571395018580163
                    ],
                    "MAP_COEFF": [
                        0.9997771836297296,
                        1.0002742892935704,
                        0.9993555748484552,
                        -0.0013519970954010577,
                        -0.013629843924938309,
                        -0.018275015008134326
                    ]
                },
                "Q_AtoG": [
                    0.00641732770664065,
                    0.00511040681617581,
                    0.0033745340352712568,
                    0.9999606563096989
                ],
                "EULER_AtoG": [
                    0.7334251556214972,
                    0.5880783061281546,
                    0.38294287598126305
                ]
            },
            "CAMERA": {
                "K": [
                    [
                        449.42786138519599,
                        0.0,
                        199.7361062135335
                    ],
                    [
                        0.0,
                        449.28515752498887,
                        199.0430714382882
                    ],
                    [
                        0.0,
                        0.0,
                        1.0
                    ]
                ],
                "DISTO_PARAMS": [
                    0.01867919659072483,
                    -0.12303435357880832,
                    0.20568000422023745,
                    -0.0009099016084824896,
                    0.0003031205517955927
                ]
            }
        }
    }
}