{
    "CalibParam": {
        "EXTRI": {
            "Q_LtoI": [
                0.01311285529834143,
                0.021140742360208618,
                0.04319863817844763,
                0.998756726985061
            ],
            "EULER_LtoI": [
                1.3975564178122216,
                2.4852292046627375,
                4.922958069950858
            ],
            "POS_LinI": [
                0.4398744844165635,
                0.15280926968608936,
                0.00951619672462971
            ],
            "Q_CtoI": [
                0.24562938137579139,
                0.21670114594983676,
                0.07320724053973749,
                0.9419912527627476
            ],
            "EULER_CtoI": [
                28.757882854472695,
                26.373756597147478,
                2.01265941076925
            ],
            "POS_CinI": [
                0.6695246389438404,
                0.36507578507498175,
                0.10317911163090006
            ],
            "GRAVITY_REFINE": [
                0.2927820707908937,
                -0.06619981915724864
            ]
        },
        "TEMPORAL": {
            "TIME_OFFSET_LtoI": -0.0010282352466948282,
            "TIME_OFFSET_CtoI": -0.0047936725899403909,
            "TIME_READOUT": 0.0
        },
        "INTRI": {
            "IMU": {
                "ACCE": {
                    "BIAS": [
                        0.01893492985889457,
                        -0.020726703309733288,
                        -0.11472284859788414
                    ],
                    "MAP_COEFF": [
                        1.0001134680627158,
                        0.9990324870242101,
                        0.9911424215525868,
                        -0.001261880199778268,
                        0.005479475686495204,
                        -0.0044006739989681038
                    ]
                },
                "GYRO": {
                    "BIAS": [
                        0.0036179370167331965,
                        0.026524415353524734,
                        0.0032596227813320016
                    ],
                    "MAP_COEFF": [
                        1.002841874763785,
                        1.0032209802233066,
                        0.9922926571504384,
                        -0.0009614707140634249,
                        -0.009996790955293713,
                        -0.05271106392151098
                    ]
                },
                "Q_AtoG": [
                    0.002949319646686893,
                    0.0011578690063861429,
                    0.004830533443583984,
                    0.9999833132605944
                ],
                "EULER_AtoG": [
                    0.3373234474226948,
                    0.13431248512820824,
                    0.55314791223831
                ]
            },
            "CAMERA": {
                "K": [
                    [
                        449.3405073667231,
                        0.0,
                        199.19713164115036
                    ],
                    [
                        0.0,
                        449.9669045554152,
                        199.04042008955165
                    ],
                    [
                        0.0,
                        0.0,
                        1.0
                    ]
                ],
                "DISTO_PARAMS": [
                    0.025571045160518593,
                    -0.1862401034011325,
                    0.31330380556177586,
                    -0.00008895995317432647,
                    0.000009413283228212367
                ]
            }
        }
    }
}