{
    "CalibParam": {
        "EXTRI": {
            "Q_LtoI": [
                0.012681051056157609,
                0.019870173080389673,
                0.05743333141695048,
                0.9980710293402055
            ],
            "EULER_LtoI": [
                1.3207992913160989,
                2.356685149937761,
                6.559662241624493
            ],
            "POS_LinI": [
                0.07608229925236287,
                0.03922746724944767,
                0.014647912461505594
            ],
            "Q_CtoI": [
                0.2444806788130499,
                0.2162157375062725,
                0.08413509020595196,
                0.9414888417489427
            ],
            "EULER_CtoI": [
                28.313248232093458,
                26.632628692592055,
                3.3800594709048834
            ],
            "POS_CinI": [
                0.20961956603361418,
                0.24485447278752577,
                0.14184276859976498
            ],
            "GRAVITY_REFINE": [
                0.30397198534544986,
                -0.06098162255528598
            ]
        },
        "TEMPORAL": {
            "TIME_OFFSET_LtoI": 0.009824861912445575,
            "TIME_OFFSET_CtoI": 0.0,
            "TIME_READOUT": 0.0
        },
        "INTRI": {
            "IMU": {
                "ACCE": {
                    "BIAS": [
                        0.45583319582645479,
                        0.002093304421653029,
                        -0.15630588913426703
                    ],
                    "MAP_COEFF": [
                        1.0,
                        1.0,
                        1.0,
                        0.0,
                        0.0,
                        0.0
                    ]
                },
                "GYRO": {
                    "BIAS": [
                        0.0119151898954918,
                        -0.005929907241988137,
                        -0.0017186632463979226
                    ],
                    "MAP_COEFF": [
                        1.0,
                        1.0,
                        1.0,
                        0.0,
                        0.0,
                        0.0
                    ]
                },
                "Q_AtoG": [
                    0.0,
                    0.0,
                    0.0,
                    1.0
                ],
                "EULER_AtoG": [
                    -0.0,
                    0.0,
                    -0.0
                ]
            },
            "CAMERA": {
                "K": [
                    [
                        449.00114004367119,
                        0.0,
                        199.89738170663638
                    ],
                    [
                        0.0,
                        448.57858167614469,
                        200.49980419939898
                    ],
                    [
                        0.0,
                        0.0,
                        1.0
                    ]
                ],
                "DISTO_PARAMS": [
                    0.0,
                    0.0,
                    0.0,
                    0.0,
                    0.0
                ]
            }
        }
    }
}