{
    "CalibParam": {
        "EXTRI": {
            "Q_LtoI": [
                0.009215854950983007,
                0.017155942316985499,
                0.04346989060534765,
                0.9988649109221416
            ],
            "EULER_LtoI": [
                0.9700450395893592,
                2.0100137151400068,
                4.966781028067541
            ],
            "POS_LinI": [
                0.3041029691469642,
                0.15557142629559424,
                0.06621170362571227
            ],
            "Q_CtoI": [
                0.24125070220134738,
                0.21503294101651158,
                0.07696733234491836,
                0.9432046239903901
            ],
            "EULER_CtoI": [
                28.07626481992663,
                26.281197722298839,
                2.64889056973863
            ],
            "POS_CinI": [
                0.5806436445408317,
                0.37661207456504927,
                0.16587281573963048
            ],
            "GRAVITY_REFINE": [
                0.28760857697589078,
                -0.0595551673163405
            ]
        },
        "TEMPORAL": {
            "TIME_OFFSET_LtoI": -0.00023242666429803356,
            "TIME_OFFSET_CtoI": -0.0005597352100018092,
            "TIME_READOUT": 0.0
        },
        "INTRI": {
            "IMU": {
                "ACCE": {
                    "BIAS": [
                        0.014786799016776946,
                        0.011134745446146157,
                        -0.036816504591688999
                    ],
                    "MAP_COEFF": [
                        0.9930027998907478,
                        1.0260410985343945,
                        0.9821239459716019,
                        0.015508790125212356,
                        0.020056331174282146,
                        -0.010820333744630493
                    ]
                },
                "GYRO": {
                    "BIAS": [
                        0.006061658551093202,
                        0.006610139678897258,
                        0.0008638317788098903
                    ],
                    "MAP_COEFF": [
                        0.999804675992859,
                        1.0003855660138635,
                        0.99979266354089,
                        -0.0013109862939676778,
                        -0.015059311705868987,
                        -0.010493606678259049
                    ]
                },
                "Q_AtoG": [
                    0.0069480363828393208,
                    0.004334943271920741,
                    0.0026907599309777395,
                    0.9999628457439036
                ],
                "EULER_AtoG": [
                    0.7948757374655253,
                    0.4988781013206878,
                    0.30488849284723798
                ]
            },
            "CAMERA": {
                "K": [
                    [
                        449.5093866342814,
                        0.0,
                        199.8171250742945
                    ],
                    [
                        0.0,
                        449.53430817097105,
                        199.10966866521845
                    ],
                    [
                        0.0,
                        0.0,
                        1.0
                    ]
                ],
                "DISTO_PARAMS": [
                    0.011141010569141878,
                    -0.075681005281924,
                    0.1316227604822022,
                    -0.0007215850717076066,
                    0.0000010266926532628422
                ]
            }
        }
    }
}