{
    "CalibParam": {
        "EXTRI": {
            "Q_LtoI": [
                0.012264753060496053,
                0.01820703709018066,
                0.04328964633915632,
                0.9988213484665778
            ],
            "EULER_LtoI": [
                1.3144988266384908,
                2.145255736250776,
                4.93876306443846
            ],
            "POS_LinI": [
                0.3306859258629274,
                0.1479724290654098,
                0.08587929268406768
            ],
            "Q_CtoI": [
                0.243710590860045,
                0.21411340673487717,
                0.07572120946078087,
                0.9428822277447113
            ],
            "EULER_CtoI": [
                28.414732664204125,
                26.14699331219592,
                2.4535729086745339
            ],
            "POS_CinI": [
                0.5823686996613627,
                0.36352112296512137,
                0.19064953469021693
            ],
            "GRAVITY_REFINE": [
                0.29047901330713429,
                -0.06324325792727437
            ]
        },
        "TEMPORAL": {
            "TIME_OFFSET_LtoI": -0.00045794222354598075,
            "TIME_OFFSET_CtoI": -0.0019285966328906489,
            "TIME_READOUT": 0.0
        },
        "INTRI": {
            "IMU": {
                "ACCE": {
                    "BIAS": [
                        0.03613714105372023,
                        0.01069672950082186,
                        -0.12013991178363506
                    ],
                    "MAP_COEFF": [
                        1.0097698849588986,
                        1.0260423556035968,
                        0.9877221058313426,
                        0.008095304866763995,
                        0.01573500933002162,
                        -0.007547309743461928
                    ]
                },
                "GYRO": {
                    "BIAS": [
                        0.0026607541815528935,
                        0.01566310574723913,
                        0.003204451389173136
                    ],
                    "MAP_COEFF": [
                        1.0024976333450102,
                        1.00300178693449,
                        0.9926974795878985,
                        -0.0006158724455410336,
                        -0.008413539575824497,
                        -0.030448850789412519
                    ]
                },
                "Q_AtoG": [
                    0.00388035273438751,
                    0.004093803988283689,
                    0.004073059269364857,
                    0.9999757966169735
                ],
                "EULER_AtoG": [
                    0.4427535335352121,
                    0.4709204381416215,
                    0.4649273876318002
                ]
            },
            "CAMERA": {
                "K": [
                    [
                        449.19764003942728,
                        0.0,
                        199.47343484314843
                    ],
                    [
                        0.0,
                        449.2529693322565,
                        199.35106012848696
                    ],
                    [
                        0.0,
                        0.0,
                        1.0
                    ]
                ],
                "DISTO_PARAMS": [
                    0.025033361339879945,
                    -0.160565680965188,
                    0.254066349172115,
                    -0.0003402251864787685,
                    0.00008447000852424902
                ]
            }
        }
    }
}