{
    "CalibParam": {
        "EXTRI": {
            "Q_LtoI": [
                0.01441923223508925,
                0.026664200762033943,
                0.05224602004628786,
                0.9981740627409608
            ],
            "EULER_LtoI": [
                1.4920733032394696,
                3.1378087211872547,
                5.951567013038526
            ],
            "POS_LinI": [
                0.5682240346279318,
                0.11710078872798284,
                -0.021703653109224384
            ],
            "Q_CtoI": [
                0.2435580278962976,
                0.2199500881376168,
                0.07963477146574823,
                0.9412543487013056
            ],
            "EULER_CtoI": [
                28.356787001865308,
                26.926641474544089,
                2.749694526986383
            ],
            "POS_CinI": [
                0.6884337389377868,
                0.31978633494740468,
                0.09450178117124374
            ],
            "GRAVITY_REFINE": [
                0.3004288947018557,
                -0.06471772730542455
            ]
        },
        "TEMPORAL": {
            "TIME_OFFSET_LtoI": -0.0005104816113567096,
            "TIME_OFFSET_CtoI": 0.0,
            "TIME_READOUT": 0.0
        },
        "INTRI": {
            "IMU": {
                "ACCE": {
                    "BIAS": [
                        0.023377624413487703,
                        -0.07053505422151292,
                        -0.17291240855037025
                    ],
                    "MAP_COEFF": [
                        1.0,
                        1.0,
                        1.0,
                        0.0,
                        0.0,
                        0.0
                    ]
                },
                "GYRO": {
                    "BIAS": [
                        0.001389706480281755,
                        -0.005627842748519022,
                        0.0001779286102739948
                    ],
                    "MAP_COEFF": [
                        1.0,
                        1.0,
                        1.0,
                        0.0,
                        0.0,
                        0.0
                    ]
                },
                "Q_AtoG": [
                    0.0,
                    0.0,
                    0.0,
                    1.0
                ],
                "EULER_AtoG": [
                    -0.0,
                    0.0,
                    -0.0
                ]
            },
            "CAMERA": {
                "K": [
                    [
                        448.7526148819938,
                        0.0,
                        199.28107791981544
                    ],
                    [
                        0.0,
                        449.46689814183716,
                        199.47771579490587
                    ],
                    [
                        0.0,
                        0.0,
                        1.0
                    ]
                ],
                "DISTO_PARAMS": [
                    0.0,
                    0.0,
                    0.0,
                    0.0,
                    0.0
                ]
            }
        }
    }
}