{
    "CalibParam": {
        "EXTRI": {
            "Q_LtoI": [
                0.01185324323661587,
                0.01990984055123088,
                0.043469879431788777,
                0.9987859973268468
            ],
            "EULER_LtoI": [
                1.2586053778383315,
                2.338423397962447,
                4.958501972562827
            ],
            "POS_LinI": [
                0.38507226841001759,
                0.15882091080676373,
                0.07439336528054366
            ],
            "Q_CtoI": [
                0.24310803226201364,
                0.21588391304322217,
                0.07508398740174272,
                0.9426850033678764
            ],
            "EULER_CtoI": [
                28.37431761631117,
                26.329205133458964,
                2.340072751490215
            ],
            "POS_CinI": [
                0.6407125642567956,
                0.3725504184592244,
                0.1770330945897777
            ],
            "GRAVITY_REFINE": [
                0.29140075761442588,
                -0.063975207976654
            ]
        },
        "TEMPORAL": {
            "TIME_OFFSET_LtoI": -0.00039744635582519773,
            "TIME_OFFSET_CtoI": -0.0024812682931453818,
            "TIME_READOUT": 0.0
        },
        "INTRI": {
            "IMU": {
                "ACCE": {
                    "BIAS": [
                        0.01726273204069651,
                        -0.007297520075739238,
                        -0.11829341432270653
                    ],
                    "MAP_COEFF": [
                        1.0096786379836325,
                        1.0214274905058288,
                        0.9878723472048177,
                        0.008186414733675684,
                        0.010995663988060692,
                        -0.007649247583461319
                    ]
                },
                "GYRO": {
                    "BIAS": [
                        0.004625679562866011,
                        0.01561459838961033,
                        0.0017037714405173347
                    ],
                    "MAP_COEFF": [
                        1.002646616649921,
                        1.0034619461957047,
                        0.9955252170949108,
                        -0.0006549443507629627,
                        -0.01215104868988887,
                        -0.030587718187853345
                    ]
                },
                "Q_AtoG": [
                    0.004406856601671374,
                    0.002228078018120773,
                    0.0038724208401706148,
                    0.9999803096261817
                ],
                "EULER_AtoG": [
                    0.5040015031465037,
                    0.25727029917336316,
                    0.44262171434458549
                ]
            },
            "CAMERA": {
                "K": [
                    [
                        449.25581949093347,
                        0.0,
                        199.49855925115546
                    ],
                    [
                        0.0,
                        449.3573252439014,
                        199.4573448132607
                    ],
                    [
                        0.0,
                        0.0,
                        1.0
                    ]
                ],
                "DISTO_PARAMS": [
                    0.022842351026921654,
                    -0.1487658452786358,
                    0.23933451370901843,
                    -0.00023749542332771623,
                    -0.00017435357177492513
                ]
            }
        }
    }
}