{
    "CalibParam": {
        "EXTRI": {
            "Q_LtoI": [
                0.010542108032219658,
                0.01769130335211768,
                0.04320943204481771,
                0.998853756425987
            ],
            "EULER_LtoI": [
                1.1198619356505324,
                2.077604121662304,
                4.933723013086814
            ],
            "POS_LinI": [
                0.3295457399558471,
                0.14933650791115286,
                0.0881336513227085
            ],
            "Q_CtoI": [
                0.24275146303256757,
                0.21531848646829569,
                0.07673216940893726,
                0.9427734885741901
            ],
            "EULER_CtoI": [
                28.278448354571489,
                26.31122488512447,
                2.566792334946747
            ],
            "POS_CinI": [
                0.5879786156622675,
                0.3706791404832044,
                0.1911700063534917
            ],
            "GRAVITY_REFINE": [
                0.2891457103342965,
                -0.06164080057689102
            ]
        },
        "TEMPORAL": {
            "TIME_OFFSET_LtoI": -0.0007686004625723111,
            "TIME_OFFSET_CtoI": -0.0011787160853957142,
            "TIME_READOUT": 0.0
        },
        "INTRI": {
            "IMU": {
                "ACCE": {
                    "BIAS": [
                        0.022107634998758394,
                        0.016499860598099857,
                        -0.08230366829355292
                    ],
                    "MAP_COEFF": [
                        1.0052515862588248,
                        1.0288592158636639,
                        0.984444450525255,
                        0.015196295364986783,
                        0.016739753499153018,
                        -0.00972137837110827
                    ]
                },
                "GYRO": {
                    "BIAS": [
                        0.0034157245040215826,
                        0.014480976091406112,
                        0.0017127602642607416
                    ],
                    "MAP_COEFF": [
                        1.001646847962464,
                        1.0018754995672108,
                        0.9967226369209955,
                        -0.0009316505126904765,
                        -0.010510391553499555,
                        -0.02658156518163955
                    ]
                },
                "Q_AtoG": [
                    0.005483817540311371,
                    0.004131742474820476,
                    0.003009579886272618,
                    0.9999718990442754
                ],
                "EULER_AtoG": [
                    0.6269907094225878,
                    0.4753461774799352,
                    0.34228019147852775
                ]
            },
            "CAMERA": {
                "K": [
                    [
                        449.4100343137715,
                        0.0,
                        199.55703444750868
                    ],
                    [
                        0.0,
                        449.3678717349336,
                        199.2495075506952
                    ],
                    [
                        0.0,
                        0.0,
                        1.0
                    ]
                ],
                "DISTO_PARAMS": [
                    0.024012792194517974,
                    -0.16683803058457534,
                    0.2800894590215633,
                    -0.0008149910989058446,
                    0.0004141838877711336
                ]
            }
        }
    }
}