{
    "CalibParam": {
        "EXTRI": {
            "Q_LtoI": [
                0.009234471325112034,
                0.017062528436336094,
                0.043433333830437247,
                0.9988679292954994
            ],
            "EULER_LtoI": [
                0.972711594799388,
                1.9993748629494766,
                4.962623619076075
            ],
            "POS_LinI": [
                0.3012376758995741,
                0.15503372677829978,
                0.06599317814385551
            ],
            "Q_CtoI": [
                0.24127963005427364,
                0.21493551360729858,
                0.07697597384054474,
                0.9432187257272512
            ],
            "EULER_CtoI": [
                28.078681009910313,
                26.270392353154209,
                2.652036786867465
            ],
            "POS_CinI": [
                0.5776112115631578,
                0.3761429063718127,
                0.16576742664458977
            ],
            "GRAVITY_REFINE": [
                0.28754748831246115,
                -0.059526857789876968
            ]
        },
        "TEMPORAL": {
            "TIME_OFFSET_LtoI": -0.0002446851075847107,
            "TIME_OFFSET_CtoI": -0.0005411383894376728,
            "TIME_READOUT": 0.0
        },
        "INTRI": {
            "IMU": {
                "ACCE": {
                    "BIAS": [
                        0.015739235224522649,
                        0.011974944307593919,
                        -0.03644180380612611
                    ],
                    "MAP_COEFF": [
                        0.9928271035878434,
                        1.0260136389357236,
                        0.9821211581971869,
                        0.015373255865947429,
                        0.0203033426196401,
                        -0.010813596452191833
                    ]
                },
                "GYRO": {
                    "BIAS": [
                        0.005917299473177457,
                        0.006597603801039483,
                        0.000942668054716871
                    ],
                    "MAP_COEFF": [
                        0.9998037437706043,
                        1.000376084878325,
                        0.9996379436081728,
                        -0.0013186540206605125,
                        -0.01477691940301091,
                        -0.010463316726556758
                    ]
                },
                "Q_AtoG": [
                    0.0069251919876249568,
                    0.004435368757254199,
                    0.0027235773340373297,
                    0.9999624749691497
                ],
                "EULER_AtoG": [
                    0.7922111680840753,
                    0.510404844398661,
                    0.30858122785101696
                ]
            },
            "CAMERA": {
                "K": [
                    [
                        449.50653577946766,
                        0.0,
                        199.81584927933435
                    ],
                    [
                        0.0,
                        449.5314155367295,
                        199.10312808736047
                    ],
                    [
                        0.0,
                        0.0,
                        1.0
                    ]
                ],
                "DISTO_PARAMS": [
                    0.0112191997362546,
                    -0.07603821015694376,
                    0.13208049147173285,
                    -0.000722059367499614,
                    0.000010563427994528287
                ]
            }
        }
    }
}