{
    "CalibParam": {
        "EXTRI": {
            "Q_LtoI": [
                0.01224998520301086,
                0.01836680954470466,
                0.04337268082241485,
                0.998815002254147
            ],
            "EULER_LtoI": [
                1.3118455278266386,
                2.163585632888087,
                4.948142765456715
            ],
            "POS_LinI": [
                0.3354653697699523,
                0.14837764737762564,
                0.08676461543605853
            ],
            "Q_CtoI": [
                0.2436793093832429,
                0.21428081645321926,
                0.075731743395899,
                0.9428514352329668
            ],
            "EULER_CtoI": [
                28.41233187942506,
                26.16632795330148,
                2.450593789384294
            ],
            "POS_CinI": [
                0.587386032496434,
                0.3638704347686933,
                0.19134683374412105
            ],
            "GRAVITY_REFINE": [
                0.29059111820673858,
                -0.06327967196294367
            ]
        },
        "TEMPORAL": {
            "TIME_OFFSET_LtoI": -0.00043645641751899534,
            "TIME_OFFSET_CtoI": -0.001958527059648733,
            "TIME_READOUT": 0.0
        },
        "INTRI": {
            "IMU": {
                "ACCE": {
                    "BIAS": [
                        0.034353686552177447,
                        0.009750002349886,
                        -0.12102555926444629
                    ],
                    "MAP_COEFF": [
                        1.0101831106836799,
                        1.026247390637889,
                        0.9877194494188303,
                        0.008428368596557915,
                        0.015336989492289928,
                        -0.007542159755319557
                    ]
                },
                "GYRO": {
                    "BIAS": [
                        0.002868962189066811,
                        0.01570143093545708,
                        0.0031019781321955394
                    ],
                    "MAP_COEFF": [
                        1.0024968947865217,
                        1.0030177223367059,
                        0.992899445633014,
                        -0.0005998400862485623,
                        -0.008818892922855577,
                        -0.030540070895730927
                    ]
                },
                "Q_AtoG": [
                    0.0038994191403442614,
                    0.003922579963317505,
                    0.0039979697899317459,
                    0.9999767117960089
                ],
                "EULER_AtoG": [
                    0.44505132643427577,
                    0.4512752061794452,
                    0.4563891364804445
                ]
            },
            "CAMERA": {
                "K": [
                    [
                        449.2021087922977,
                        0.0,
                        199.47570917150206
                    ],
                    [
                        0.0,
                        449.2553478165111,
                        199.3612689507725
                    ],
                    [
                        0.0,
                        0.0,
                        1.0
                    ]
                ],
                "DISTO_PARAMS": [
                    0.025011392197461788,
                    -0.1605669155473353,
                    0.2543911976978096,
                    -0.0003468166357664537,
                    0.00007048255757804195
                ]
            }
        }
    }
}