{
    "CalibParam": {
        "EXTRI": {
            "Q_LtoI": [
                0.00987247148018449,
                0.01693691201092138,
                0.0435958011357783,
                0.9988568873676234
            ],
            "EULER_LtoI": [
                1.0460846902512069,
                1.9883276437155436,
                4.980102428674176
            ],
            "POS_LinI": [
                0.30227320675904298,
                0.14674817551047485,
                0.09419013639237134
            ],
            "Q_CtoI": [
                0.24212287718170218,
                0.21495981848726945,
                0.07737126774199148,
                0.9429647266516239
            ],
            "EULER_CtoI": [
                28.17679357948689,
                26.28687141008782,
                2.6736615401045369
            ],
            "POS_CinI": [
                0.568070312536055,
                0.36920862155495939,
                0.19656235077780805
            ],
            "GRAVITY_REFINE": [
                0.28814518997307239,
                -0.06045370606148408
            ]
        },
        "TEMPORAL": {
            "TIME_OFFSET_LtoI": -0.0003482333821489058,
            "TIME_OFFSET_CtoI": -0.00047912823542683265,
            "TIME_READOUT": 0.0
        },
        "INTRI": {
            "IMU": {
                "ACCE": {
                    "BIAS": [
                        0.021185910340391115,
                        0.027049375226407894,
                        -0.06062949994351484
                    ],
                    "MAP_COEFF": [
                        1.0023048867957194,
                        1.0325892926450362,
                        0.9824078793565509,
                        0.017399316585943293,
                        0.019839896410267334,
                        -0.01116027076017789
                    ]
                },
                "GYRO": {
                    "BIAS": [
                        0.005449717117709378,
                        0.011355567798486984,
                        0.0014603831402211403
                    ],
                    "MAP_COEFF": [
                        1.000353469917855,
                        1.0008340659848046,
                        0.9980297780943597,
                        -0.0009022527148382871,
                        -0.014381017943496663,
                        -0.019690365777566319
                    ]
                },
                "Q_AtoG": [
                    0.006279636340295929,
                    0.004710334360626133,
                    0.002686598489545479,
                    0.999965579960731
                ],
                "EULER_AtoG": [
                    0.7181693193630526,
                    0.5416873070401928,
                    0.3044764279672877
                ]
            },
            "CAMERA": {
                "K": [
                    [
                        449.38039243343067,
                        0.0,
                        199.68532666320349
                    ],
                    [
                        0.0,
                        449.2748906358791,
                        199.1553642401085
                    ],
                    [
                        0.0,
                        0.0,
                        1.0
                    ]
                ],
                "DISTO_PARAMS": [
                    0.02095951880075044,
                    -0.14032574414737876,
                    0.23235950332814216,
                    -0.0009948691215360758,
                    0.00044655898283471254
                ]
            }
        }
    }
}