{
    "CalibParam": {
        "EXTRI": {
            "Q_LtoI": [
                0.009753289624044627,
                0.01694290358899625,
                0.04355531554012089,
                0.9988597228078046
            ],
            "EULER_LtoI": [
                1.0324845147166158,
                1.9883783321124194,
                4.97568804599122
            ],
            "POS_LinI": [
                0.3022109262050229,
                0.14607386534217915,
                0.09080411681267592
            ],
            "Q_CtoI": [
                0.24183826777052673,
                0.21496408242151655,
                0.07735938735507452,
                0.9430377620744962
            ],
            "EULER_CtoI": [
                28.1405962583703,
                26.286210259762858,
                2.680631655273865
            ],
            "POS_CinI": [
                0.57037309874394,
                0.3683879765084007,
                0.19323524050908659
            ],
            "GRAVITY_REFINE": [
                0.28797968919509406,
                -0.06029692930285984
            ]
        },
        "TEMPORAL": {
            "TIME_OFFSET_LtoI": -0.0003239715356067892,
            "TIME_OFFSET_CtoI": -0.0004628465650358102,
            "TIME_READOUT": 0.0
        },
        "INTRI": {
            "IMU": {
                "ACCE": {
                    "BIAS": [
                        0.020813785750830265,
                        0.028286501263883189,
                        -0.05696184216906125
                    ],
                    "MAP_COEFF": [
                        1.0011514543869256,
                        1.0319867571420909,
                        0.9822710368630766,
                        0.01707175600219141,
                        0.01982456055562873,
                        -0.01144972095538984
                    ]
                },
                "GYRO": {
                    "BIAS": [
                        0.005182495480840641,
                        0.01071261489627327,
                        0.0011501681230593627
                    ],
                    "MAP_COEFF": [
                        1.0003704173162467,
                        1.0009750061420493,
                        0.9985880135597665,
                        -0.0010255221920172633,
                        -0.013804796512031068,
                        -0.018421276720487359
                    ]
                },
                "Q_AtoG": [
                    0.006445231430434248,
                    0.0046768715730295009,
                    0.0026572516618255795,
                    0.9999647618179869
                ],
                "EULER_AtoG": [
                    0.7371718117299739,
                    0.5378815843631547,
                    0.3010483386293413
                ]
            },
            "CAMERA": {
                "K": [
                    [
                        449.4049108108168,
                        0.0,
                        199.70066210909125
                    ],
                    [
                        0.0,
                        449.2904950107666,
                        199.18054570730943
                    ],
                    [
                        0.0,
                        0.0,
                        1.0
                    ]
                ],
                "DISTO_PARAMS": [
                    0.019452699196337406,
                    -0.12951483628778855,
                    0.2144466451912199,
                    -0.0009113247332982368,
                    0.00035392826092915756
                ]
            }
        }
    }
}