{
    "CalibParam": {
        "EXTRI": {
            "Q_LtoI": [
                0.009461764059030308,
                0.016701382273066148,
                0.04347071524898746,
                0.9988702797494786
            ],
            "EULER_LtoI": [
                1.0004531681781038,
                1.9591897209069198,
                4.966759094714506
            ],
            "POS_LinI": [
                0.28975470194088456,
                0.1491036577388453,
                0.07076335166977055
            ],
            "Q_CtoI": [
                0.2415429189757857,
                0.21456096035494946,
                0.07724692970474409,
                0.9432144636483314
            ],
            "EULER_CtoI": [
                28.10122443455437,
                26.236087534933508,
                2.688229407606778
            ],
            "POS_CinI": [
                0.5652877859383748,
                0.37098817747994519,
                0.1708823611317512
            ],
            "GRAVITY_REFINE": [
                0.2874040893572778,
                -0.05935245799472911
            ]
        },
        "TEMPORAL": {
            "TIME_OFFSET_LtoI": -0.0002809406622566015,
            "TIME_OFFSET_CtoI": -0.00041990511983739433,
            "TIME_READOUT": 0.0
        },
        "INTRI": {
            "IMU": {
                "ACCE": {
                    "BIAS": [
                        0.01799571033631124,
                        0.01866486006520084,
                        -0.03794586271574773
                    ],
                    "MAP_COEFF": [
                        0.993387351907176,
                        1.0276369403297628,
                        0.9820402724289631,
                        0.015852593612594228,
                        0.021492266215691687,
                        -0.010591619156060802
                    ]
                },
                "GYRO": {
                    "BIAS": [
                        0.005377985970304781,
                        0.0067318582828884859,
                        0.0013991606089423265
                    ],
                    "MAP_COEFF": [
                        0.9997673200192166,
                        1.0003105200922012,
                        0.9987645596233434,
                        -0.001319701576828805,
                        -0.013736148798005299,
                        -0.010737011720234164
                    ]
                },
                "Q_AtoG": [
                    0.006658327756215487,
                    0.004827383712991486,
                    0.0026810754223165766,
                    0.999962586736403
                ],
                "EULER_AtoG": [
                    0.761534676683333,
                    0.5552110474334997,
                    0.303549553136812
                ]
            },
            "CAMERA": {
                "K": [
                    [
                        449.48724635826468,
                        0.0,
                        199.81157030086639
                    ],
                    [
                        0.0,
                        449.48799504000899,
                        199.07561196885048
                    ],
                    [
                        0.0,
                        0.0,
                        1.0
                    ]
                ],
                "DISTO_PARAMS": [
                    0.01237925653057864,
                    -0.08236252179985426,
                    0.14108935929429754,
                    -0.0007770464802983409,
                    0.00007116569941222796
                ]
            }
        }
    }
}