{
    "CalibParam": {
        "EXTRI": {
            "Q_LtoI": [
                0.013870033628311143,
                0.02501661769616403,
                0.05137919180335262,
                0.9982694874911422
            ],
            "EULER_LtoI": [
                1.4414050183204994,
                2.944690064477072,
                5.855578190955788
            ],
            "POS_LinI": [
                0.5693544413786661,
                0.120050433350342,
                -0.017588484180452826
            ],
            "Q_CtoI": [
                0.24379457168294148,
                0.2198815513924313,
                0.07916717809041389,
                0.9412485687045634
            ],
            "EULER_CtoI": [
                28.399245133308339,
                26.905958363047913,
                2.6879672236709184
            ],
            "POS_CinI": [
                0.6884457473369423,
                0.32273890882097047,
                0.08293183502048202
            ],
            "GRAVITY_REFINE": [
                0.29945094833849236,
                -0.06523093094434914
            ]
        },
        "TEMPORAL": {
            "TIME_OFFSET_LtoI": -0.0006154043700340793,
            "TIME_OFFSET_CtoI": 0.0,
            "TIME_READOUT": 0.0
        },
        "INTRI": {
            "IMU": {
                "ACCE": {
                    "BIAS": [
                        0.018507739442532837,
                        -0.06761188653940652,
                        -0.17210153630570877
                    ],
                    "MAP_COEFF": [
                        1.0,
                        1.0,
                        1.0,
                        0.0,
                        0.0,
                        0.0
                    ]
                },
                "GYRO": {
                    "BIAS": [
                        0.0005583084422773887,
                        -0.005122416960253969,
                        0.00010816788731015136
                    ],
                    "MAP_COEFF": [
                        1.0,
                        1.0,
                        1.0,
                        0.0,
                        0.0,
                        0.0
                    ]
                },
                "Q_AtoG": [
                    0.0,
                    0.0,
                    0.0,
                    1.0
                ],
                "EULER_AtoG": [
                    -0.0,
                    0.0,
                    -0.0
                ]
            },
            "CAMERA": {
                "K": [
                    [
                        448.7283437752497,
                        0.0,
                        199.2698748705299
                    ],
                    [
                        0.0,
                        449.4420237270751,
                        199.46247133478543
                    ],
                    [
                        0.0,
                        0.0,
                        1.0
                    ]
                ],
                "DISTO_PARAMS": [
                    0.0,
                    0.0,
                    0.0,
                    0.0,
                    0.0
                ]
            }
        }
    }
}