{
    "CalibParam": {
        "EXTRI": {
            "Q_LtoI": [
                0.009653246913457425,
                0.016441505453530435,
                0.04258058365788963,
                0.9989110999572499
            ],
            "EULER_LtoI": [
                1.0253878838379179,
                1.929472673819208,
                4.86447163998422
            ],
            "POS_LinI": [
                0.29003679333123,
                0.1487549844980325,
                0.0708426772389223
            ],
            "Q_CtoI": [
                0.2420652804530861,
                0.21440603505854156,
                0.07662985146461773,
                0.9431661136799577
            ],
            "EULER_CtoI": [
                28.18286608347457,
                26.20217202577441,
                2.603022490647528
            ],
            "POS_CinI": [
                0.5580704037471344,
                0.3721673281231899,
                0.17089092126189565
            ],
            "GRAVITY_REFINE": [
                0.2872304600703778,
                -0.06075772192123767
            ]
        },
        "TEMPORAL": {
            "TIME_OFFSET_LtoI": -0.0007233882943703943,
            "TIME_OFFSET_CtoI": -0.00046511380514186287,
            "TIME_READOUT": 0.0
        },
        "INTRI": {
            "IMU": {
                "ACCE": {
                    "BIAS": [
                        0.02139450621372722,
                        0.02326492014516268,
                        -0.04453136934623907
                    ],
                    "MAP_COEFF": [
                        0.9952490101477829,
                        1.0248928459855169,
                        0.9826426028352941,
                        0.013415465554760774,
                        0.021198280334605414,
                        -0.011140944324719666
                    ]
                },
                "GYRO": {
                    "BIAS": [
                        0.005536515742886115,
                        0.010062010914310587,
                        0.0009336882121574169
                    ],
                    "MAP_COEFF": [
                        0.9997612867615435,
                        1.0001977782180843,
                        0.9998318414538284,
                        -0.0013446626981408379,
                        -0.014149202788718446,
                        -0.017500067238639145
                    ]
                },
                "Q_AtoG": [
                    0.006424359524799967,
                    0.005100503023656219,
                    0.003396879646505064,
                    0.9999605860644053
                ],
                "EULER_AtoG": [
                    0.7342215891564252,
                    0.586962529526047,
                    0.38550665507822726
                ]
            },
            "CAMERA": {
                "K": [
                    [
                        449.4290943601168,
                        0.0,
                        199.73296399443363
                    ],
                    [
                        0.0,
                        449.28885080843227,
                        199.04589149986527
                    ],
                    [
                        0.0,
                        0.0,
                        1.0
                    ]
                ],
                "DISTO_PARAMS": [
                    0.01859521514115472,
                    -0.12278811464855706,
                    0.2057341318240319,
                    -0.000929060344947333,
                    0.00030327588495205384
                ]
            }
        }
    }
}