{
    "CalibParam": {
        "EXTRI": {
            "Q_LtoI": [
                0.01113603956768702,
                0.017512758248224865,
                0.04252755520457103,
                0.9988797219733758
            ],
            "EULER_LtoI": [
                1.1901758174697217,
                2.059278652962092,
                4.854428552036668
            ],
            "POS_LinI": [
                0.3302685998457451,
                0.14914013873155369,
                0.08792669088081535
            ],
            "Q_CtoI": [
                0.2435897425773521,
                0.21482974268242589,
                0.07615153051418168,
                0.9427158444464853
            ],
            "EULER_CtoI": [
                28.395991906433819,
                26.240901861285129,
                2.486813300537818
            ],
            "POS_CinI": [
                0.5836852373832286,
                0.3711344162155801,
                0.18924798151495957
            ],
            "GRAVITY_REFINE": [
                0.2892728442592805,
                -0.06286919845803193
            ]
        },
        "TEMPORAL": {
            "TIME_OFFSET_LtoI": -0.0012104365374369286,
            "TIME_OFFSET_CtoI": -0.0014600219110270164,
            "TIME_READOUT": 0.0
        },
        "INTRI": {
            "IMU": {
                "ACCE": {
                    "BIAS": [
                        0.022116552524315566,
                        0.015083435505332126,
                        -0.09400763520099556
                    ],
                    "MAP_COEFF": [
                        1.0068497438215965,
                        1.0263787319790874,
                        0.9855336700570984,
                        0.012870830889544057,
                        0.01685237194396723,
                        -0.008731654525261715
                    ]
                },
                "GYRO": {
                    "BIAS": [
                        0.004200984322114052,
                        0.017605426007014634,
                        0.0021678366008845617
                    ],
                    "MAP_COEFF": [
                        1.001596531140089,
                        1.0016843830097706,
                        0.9959621223377836,
                        -0.0009450429719409122,
                        -0.012115643104616324,
                        -0.03302214769069762
                    ]
                },
                "Q_AtoG": [
                    0.004779015414053746,
                    0.004323107931902643,
                    0.003610762811088056,
                    0.9999727166985125
                ],
                "EULER_AtoG": [
                    0.5458599668163295,
                    0.49736178754779716,
                    0.4114032016102433
                ]
            },
            "CAMERA": {
                "K": [
                    [
                        449.3554670562142,
                        0.0,
                        199.51239480536862
                    ],
                    [
                        0.0,
                        449.3013680840827,
                        199.21763007560777
                    ],
                    [
                        0.0,
                        0.0,
                        1.0
                    ]
                ],
                "DISTO_PARAMS": [
                    0.02808631578637931,
                    -0.19181942402571262,
                    0.31763028771871229,
                    -0.0009203979533946756,
                    0.0004325026957974652
                ]
            }
        }
    }
}