{
    "CalibParam": {
        "EXTRI": {
            "Q_LtoI": [
                0.009598666257310337,
                0.016426312634815929,
                0.042711631759390109,
                0.9989062810753342
            ],
            "EULER_LtoI": [
                1.01895657971249,
                1.927601293842374,
                4.879626212770841
            ],
            "POS_LinI": [
                0.2900359464772496,
                0.14885107130430126,
                0.07091913659807986
            ],
            "Q_CtoI": [
                0.24173873066922589,
                0.21440872003494064,
                0.07671185605119362,
                0.9432425870414202
            ],
            "EULER_CtoI": [
                28.13881225817426,
                26.203925463596879,
                2.622568538038666
            ],
            "POS_CinI": [
                0.5582045448484504,
                0.37058539960259409,
                0.17379828616134114
            ],
            "GRAVITY_REFINE": [
                0.28735909423499558,
                -0.06044204796877651
            ]
        },
        "TEMPORAL": {
            "TIME_OFFSET_LtoI": -0.0005366228616983982,
            "TIME_OFFSET_CtoI": -0.0005633272551111543,
            "TIME_READOUT": 0.0
        },
        "INTRI": {
            "IMU": {
                "ACCE": {
                    "BIAS": [
                        0.02601028238727496,
                        0.02609938067988378,
                        -0.04470750851039631
                    ],
                    "MAP_COEFF": [
                        0.996170323697734,
                        1.0257159492520803,
                        0.982404652523777,
                        0.01314473413042571,
                        0.020735275158193547,
                        -0.01163315629600578
                    ]
                },
                "GYRO": {
                    "BIAS": [
                        0.004070598583749195,
                        0.010512490051810523,
                        0.0011669664161177473
                    ],
                    "MAP_COEFF": [
                        1.0005098654642038,
                        1.0011443493220067,
                        0.9984567209635961,
                        -0.0012746881738966694,
                        -0.011552538173862213,
                        -0.018049440504335769
                    ]
                },
                "Q_AtoG": [
                    0.006635439142397772,
                    0.005195119915973449,
                    0.0033841320538531129,
                    0.9999587638131327
                ],
                "EULER_AtoG": [
                    0.7583827626425067,
                    0.5978763686783234,
                    0.38385055716300678
                ]
            },
            "CAMERA": {
                "K": [
                    [
                        449.4035001803799,
                        0.0,
                        199.6877510379119
                    ],
                    [
                        0.0,
                        449.3429999337392,
                        199.1445531338877
                    ],
                    [
                        0.0,
                        0.0,
                        1.0
                    ]
                ],
                "DISTO_PARAMS": [
                    0.018355269475470519,
                    -0.12206440726920359,
                    0.2035165695167284,
                    -0.0007787482128003956,
                    0.00031201453233194664
                ]
            }
        }
    }
}