{
    "CalibParam": {
        "EXTRI": {
            "Q_LtoI": [
                0.013446326195411474,
                0.022233596114920288,
                0.047419047912659158,
                0.9985370786358924
            ],
            "EULER_LtoI": [
                1.4193944699239987,
                2.6180311126096327,
                5.405262675138928
            ],
            "POS_LinI": [
                0.4394733564919053,
                0.1565013121822761,
                0.006540449485414205
            ],
            "Q_CtoI": [
                0.24449674325370494,
                0.2177130652318292,
                0.07528039942593745,
                0.9418891788464099
            ],
            "EULER_CtoI": [
                28.56913952447712,
                26.54719237899195,
                2.2647938296494956
            ],
            "POS_CinI": [
                0.6473896426580211,
                0.36168783655776567,
                0.09652346373105184
            ],
            "GRAVITY_REFINE": [
                0.2963839331333504,
                -0.06483920803929945
            ]
        },
        "TEMPORAL": {
            "TIME_OFFSET_LtoI": -0.0008558000664249993,
            "TIME_OFFSET_CtoI": -0.0057103783022616,
            "TIME_READOUT": 0.0
        },
        "INTRI": {
            "IMU": {
                "ACCE": {
                    "BIAS": [
                        0.08466895324286744,
                        -0.05999772607686836,
                        -0.18936754155940747
                    ],
                    "MAP_COEFF": [
                        1.000762627976385,
                        1.000951442306159,
                        0.9996394827467041,
                        0.0016476675781034222,
                        -0.0008956800992753111,
                        0.00023979340782850033
                    ]
                },
                "GYRO": {
                    "BIAS": [
                        0.0019784190835643,
                        0.0242610519898762,
                        0.00311299662167367
                    ],
                    "MAP_COEFF": [
                        1.0014138432119478,
                        1.0029730281026588,
                        0.9935910596533465,
                        -0.0005143442415220412,
                        -0.007746354578377013,
                        -0.05002291064520596
                    ]
                },
                "Q_AtoG": [
                    0.0022132329768079766,
                    0.0007713365684221795,
                    0.0013953155968133523,
                    0.9999962798601173
                ],
                "EULER_AtoG": [
                    0.2534946747943027,
                    0.08874224346822112,
                    0.15969556837252997
                ]
            },
            "CAMERA": {
                "K": [
                    [
                        449.81786923380767,
                        0.0,
                        199.2081578506391
                    ],
                    [
                        0.0,
                        451.0656855887822,
                        199.0048404085993
                    ],
                    [
                        0.0,
                        0.0,
                        1.0
                    ]
                ],
                "DISTO_PARAMS": [
                    -0.0021048966542379194,
                    -0.018538218211417109,
                    0.028482240665010568,
                    0.0003835372042590667,
                    -0.00012342431845959595
                ]
            }
        }
    }
}