{
    "CalibParam": {
        "EXTRI": {
            "Q_LtoI": [
                0.00965277420690931,
                0.016457185625303153,
                0.04264960326914583,
                0.9989079018269849
            ],
            "EULER_LtoI": [
                1.0251244985534847,
                1.931336597103987,
                4.872378334113904
            ],
            "POS_LinI": [
                0.2899724625806699,
                0.14879820730166139,
                0.07087223661298324
            ],
            "Q_CtoI": [
                0.24198894822411744,
                0.21443218309175569,
                0.07664088830413117,
                0.94317886004291
            ],
            "EULER_CtoI": [
                28.17306407918478,
                26.205264903694944,
                2.6058308987151865
            ],
            "POS_CinI": [
                0.5582233174417657,
                0.37172725970402789,
                0.17114911945606244
            ],
            "GRAVITY_REFINE": [
                0.2873180510207653,
                -0.06068797207989035
            ]
        },
        "TEMPORAL": {
            "TIME_OFFSET_LtoI": -0.0007321788344040431,
            "TIME_OFFSET_CtoI": -0.0005614767262982924,
            "TIME_READOUT": 0.0
        },
        "INTRI": {
            "IMU": {
                "ACCE": {
                    "BIAS": [
                        0.024055581635122657,
                        0.024355528503569598,
                        -0.044818660370478189
                    ],
                    "MAP_COEFF": [
                        0.9955171589190136,
                        1.0247708770190416,
                        0.982635586833527,
                        0.013453435292065254,
                        0.02090302173432859,
                        -0.011302440969447733
                    ]
                },
                "GYRO": {
                    "BIAS": [
                        0.00468976724631949,
                        0.010497529138238421,
                        0.0013734024152889766
                    ],
                    "MAP_COEFF": [
                        0.9998030917371424,
                        1.0003823782758612,
                        0.9988741733168806,
                        -0.001333512786105265,
                        -0.01256599148753378,
                        -0.018430409473990516
                    ]
                },
                "Q_AtoG": [
                    0.006430012441297753,
                    0.005123428346750263,
                    0.0033503481194850648,
                    0.9999605895181363
                ],
                "EULER_AtoG": [
                    0.7348881691214549,
                    0.5895575281174891,
                    0.38015432684129465
                ]
            },
            "CAMERA": {
                "K": [
                    [
                        449.42553499378666,
                        0.0,
                        199.74068392756406
                    ],
                    [
                        0.0,
                        449.2896421973986,
                        199.03758473836047
                    ],
                    [
                        0.0,
                        0.0,
                        1.0
                    ]
                ],
                "DISTO_PARAMS": [
                    0.018499575798451755,
                    -0.12110697250825163,
                    0.2016305512301389,
                    -0.000869121838267896,
                    0.0002865290358887999
                ]
            }
        }
    }
}