{
    "CalibParam": {
        "EXTRI": {
            "Q_LtoI": [
                0.010016266400394563,
                0.017813657393597357,
                0.04394488900737724,
                0.9988249069520589
            ],
            "EULER_LtoI": [
                1.0574896941268393,
                2.089798434948364,
                5.019100423511696
            ],
            "POS_LinI": [
                0.32690422715348618,
                0.1496862362657431,
                0.08994456143049086
            ],
            "Q_CtoI": [
                0.24195002652895718,
                0.2156649832092269,
                0.07727576506984213,
                0.9428559040557956
            ],
            "EULER_CtoI": [
                28.164906259717445,
                26.364220814609948,
                2.645755706292218
            ],
            "POS_CinI": [
                0.5886823763157195,
                0.37058154722553596,
                0.19376214926003164
            ],
            "GRAVITY_REFINE": [
                0.2890335379970429,
                -0.06042575972039408
            ]
        },
        "TEMPORAL": {
            "TIME_OFFSET_LtoI": -0.0003323358950000877,
            "TIME_OFFSET_CtoI": -0.0009278102009508953,
            "TIME_READOUT": 0.0
        },
        "INTRI": {
            "IMU": {
                "ACCE": {
                    "BIAS": [
                        0.026392080360111138,
                        0.017088772733414076,
                        -0.07695120081581584
                    ],
                    "MAP_COEFF": [
                        1.0038660198811036,
                        1.0318691293486977,
                        0.9839835350632852,
                        0.01712085956036693,
                        0.0164647627588958,
                        -0.01047921392964022
                    ]
                },
                "GYRO": {
                    "BIAS": [
                        0.0029386236373767544,
                        0.012300815660331206,
                        0.0013799843665141753
                    ],
                    "MAP_COEFF": [
                        1.0015874602747992,
                        1.0018884182279218,
                        0.9973562656160693,
                        -0.0009344233720175018,
                        -0.009502946917094815,
                        -0.02211870811536721
                    ]
                },
                "Q_AtoG": [
                    0.0060658478652816,
                    0.004017429274786436,
                    0.0023886315839989605,
                    0.9999706796655857
                ],
                "EULER_AtoG": [
                    0.694014478266159,
                    0.46201531857429825,
                    0.2709263145860962
                ]
            },
            "CAMERA": {
                "K": [
                    [
                        449.4790152709687,
                        0.0,
                        199.59124226889549
                    ],
                    [
                        0.0,
                        449.4542704278445,
                        199.29263688747657
                    ],
                    [
                        0.0,
                        0.0,
                        1.0
                    ]
                ],
                "DISTO_PARAMS": [
                    0.01939751274653753,
                    -0.13856950936978683,
                    0.23656094692124425,
                    -0.0007124082357800479,
                    0.0003587918379681611
                ]
            }
        }
    }
}