{
    "CalibParam": {
        "EXTRI": {
            "Q_LtoI": [
                0.008818640045123715,
                0.013718640564470706,
                0.06610862955180889,
                0.9976791466135789
            ],
            "EULER_LtoI": [
                0.9046770384672314,
                1.6354195238594272,
                7.569117117188883
            ],
            "POS_LinI": [
                0.01718233158031847,
                -0.027066578655151827,
                -0.005873898871153986
            ],
            "Q_CtoI": [
                0.24987422782767078,
                0.21087602297639999,
                0.09158305651291185,
                0.9405884950183768
            ],
            "EULER_CtoI": [
                28.756419764780195,
                26.261175311622748,
                4.27815644799584
            ],
            "POS_CinI": [
                0.011418298885262975,
                0.15503822635736723,
                0.1654849985924392
            ],
            "GRAVITY_REFINE": [
                0.3074595017723072,
                -0.04739772680372315
            ]
        },
        "TEMPORAL": {
            "TIME_OFFSET_LtoI": 0.017697647425352189,
            "TIME_OFFSET_CtoI": 0.0,
            "TIME_READOUT": 0.0
        },
        "INTRI": {
            "IMU": {
                "ACCE": {
                    "BIAS": [
                        0.664573205284231,
                        0.0840124617352472,
                        -0.14197699505459547
                    ],
                    "MAP_COEFF": [
                        1.0,
                        1.0,
                        1.0,
                        0.0,
                        0.0,
                        0.0
                    ]
                },
                "GYRO": {
                    "BIAS": [
                        0.02074703541097864,
                        -0.006021522067709942,
                        0.0005657677963629587
                    ],
                    "MAP_COEFF": [
                        1.0,
                        1.0,
                        1.0,
                        0.0,
                        0.0,
                        0.0
                    ]
                },
                "Q_AtoG": [
                    0.0,
                    0.0,
                    0.0,
                    1.0
                ],
                "EULER_AtoG": [
                    -0.0,
                    0.0,
                    -0.0
                ]
            },
            "CAMERA": {
                "K": [
                    [
                        444.4575730240862,
                        0.0,
                        198.28834183993923
                    ],
                    [
                        0.0,
                        444.3801497784135,
                        198.40897305514944
                    ],
                    [
                        0.0,
                        0.0,
                        1.0
                    ]
                ],
                "DISTO_PARAMS": [
                    0.0,
                    0.0,
                    0.0,
                    0.0,
                    0.0
                ]
            }
        }
    }
}