{
    "CalibParam": {
        "EXTRI": {
            "Q_LtoI": [
                0.01004757638835089,
                0.01691576275994136,
                0.043797197009691219,
                0.9988466892937394
            ],
            "EULER_LtoI": [
                1.0658452151928138,
                1.9869929715439572,
                5.002883657310227
            ],
            "POS_LinI": [
                0.30244673364078536,
                0.14661794577181135,
                0.09409820929536188
            ],
            "Q_CtoI": [
                0.2424611709469518,
                0.21525455942649469,
                0.07742871751057387,
                0.9428058384067245
            ],
            "EULER_CtoI": [
                28.221990184024489,
                26.323153286010397,
                2.6614045709489577
            ],
            "POS_CinI": [
                0.5594603084402572,
                0.3699091025938525,
                0.19493987578528194
            ],
            "GRAVITY_REFINE": [
                0.2885370918412457,
                -0.0604746362562522
            ]
        },
        "TEMPORAL": {
            "TIME_OFFSET_LtoI": -0.0005193811124174007,
            "TIME_OFFSET_CtoI": -0.00044752236427309135,
            "TIME_READOUT": 0.0
        },
        "INTRI": {
            "IMU": {
                "ACCE": {
                    "BIAS": [
                        0.03450401988614007,
                        0.020292542021049136,
                        -0.0759970095205457
                    ],
                    "MAP_COEFF": [
                        1.002642591611927,
                        1.0315714602361186,
                        0.9841915623220954,
                        0.016934423466011658,
                        0.01846369711092331,
                        -0.009978386565620853
                    ]
                },
                "GYRO": {
                    "BIAS": [
                        0.004437270428967717,
                        0.014326686356351633,
                        0.001852108431700519
                    ],
                    "MAP_COEFF": [
                        1.000313467078247,
                        1.0005369872248864,
                        0.9975071976965616,
                        -0.0010229824622215484,
                        -0.012449364540122833,
                        -0.025957016469949073
                    ]
                },
                "Q_AtoG": [
                    0.005918851903477425,
                    0.004854588284681299,
                    0.0025700110813577966,
                    0.9999673970724109
                ],
                "EULER_AtoG": [
                    0.6768465135044529,
                    0.5580286364260119,
                    0.2912144136203675
                ]
            },
            "CAMERA": {
                "K": [
                    [
                        449.4546991398938,
                        0.0,
                        199.6363704089665
                    ],
                    [
                        0.0,
                        449.3447513056547,
                        199.1453526293293
                    ],
                    [
                        0.0,
                        0.0,
                        1.0
                    ]
                ],
                "DISTO_PARAMS": [
                    0.020370744405343295,
                    -0.14381182767028004,
                    0.24183208241744229,
                    -0.0011299788680053072,
                    0.0006729860800126627
                ]
            }
        }
    }
}