{
    "CalibParam": {
        "EXTRI": {
            "Q_LtoI": [
                0.009284810138780265,
                0.015783510971136114,
                0.06330566808755423,
                0.9978261699665425
            ],
            "EULER_LtoI": [
                0.9476989514678376,
                1.87241343133816,
                7.244881359490158
            ],
            "POS_LinI": [
                0.03167761360997581,
                -0.0032419378584401077,
                -0.001084218535872281
            ],
            "Q_CtoI": [
                0.24828037725108427,
                0.2125709056921138,
                0.08945111033317381,
                0.9408341847453547
            ],
            "EULER_CtoI": [
                28.62386196976445,
                26.385332149069478,
                4.017524277314954
            ],
            "POS_CinI": [
                0.06125701835898487,
                0.18494170147597,
                0.15744412551404769
            ],
            "GRAVITY_REFINE": [
                0.30585083000458748,
                -0.050979750442106088
            ]
        },
        "TEMPORAL": {
            "TIME_OFFSET_LtoI": 0.0158407308967797,
            "TIME_OFFSET_CtoI": 0.0,
            "TIME_READOUT": 0.0
        },
        "INTRI": {
            "IMU": {
                "ACCE": {
                    "BIAS": [
                        0.6006792618815153,
                        0.05389929344745556,
                        -0.14350487633897389
                    ],
                    "MAP_COEFF": [
                        1.0,
                        1.0,
                        1.0,
                        0.0,
                        0.0,
                        0.0
                    ]
                },
                "GYRO": {
                    "BIAS": [
                        0.017918117786124216,
                        -0.005669069450932805,
                        -0.0010246172011907289
                    ],
                    "MAP_COEFF": [
                        1.0,
                        1.0,
                        1.0,
                        0.0,
                        0.0,
                        0.0
                    ]
                },
                "Q_AtoG": [
                    0.0,
                    0.0,
                    0.0,
                    1.0
                ],
                "EULER_AtoG": [
                    -0.0,
                    0.0,
                    -0.0
                ]
            },
            "CAMERA": {
                "K": [
                    [
                        445.64137793321086,
                        0.0,
                        198.84454804507304
                    ],
                    [
                        0.0,
                        445.39084220442188,
                        199.1376839657201
                    ],
                    [
                        0.0,
                        0.0,
                        1.0
                    ]
                ],
                "DISTO_PARAMS": [
                    0.0,
                    0.0,
                    0.0,
                    0.0,
                    0.0
                ]
            }
        }
    }
}