{
    "CalibParam": {
        "EXTRI": {
            "Q_LtoI": [
                0.014290265235497917,
                0.025320938470616666,
                0.04964181857276491,
                0.9983437926101685
            ],
            "EULER_LtoI": [
                1.4929794457458077,
                2.979393414836291,
                5.654452715314062
            ],
            "POS_LinI": [
                0.5665543127613087,
                0.12033212816679573,
                -0.009155143819611897
            ],
            "Q_CtoI": [
                0.2448650585633808,
                0.22105060914723149,
                0.07844104238315156,
                0.9407575320773333
            ],
            "EULER_CtoI": [
                28.57088286303548,
                27.021511429746896,
                2.5305890551147356
            ],
            "POS_CinI": [
                0.7242057007877457,
                0.3250797335462323,
                0.09302721656466202
            ],
            "GRAVITY_REFINE": [
                0.2973017254588843,
                -0.06451413910867388
            ]
        },
        "TEMPORAL": {
            "TIME_OFFSET_LtoI": -0.0006154043700340793,
            "TIME_OFFSET_CtoI": 0.0,
            "TIME_READOUT": 0.0
        },
        "INTRI": {
            "IMU": {
                "ACCE": {
                    "BIAS": [
                        -0.010663911584591528,
                        -0.04834891407575709,
                        -0.17897396241002315
                    ],
                    "MAP_COEFF": [
                        1.0,
                        1.0,
                        1.0,
                        0.0,
                        0.0,
                        0.0
                    ]
                },
                "GYRO": {
                    "BIAS": [
                        -0.0017682629852550385,
                        -0.004034591897305756,
                        -0.00019535718702682622
                    ],
                    "MAP_COEFF": [
                        1.0,
                        1.0,
                        1.0,
                        0.0,
                        0.0,
                        0.0
                    ]
                },
                "Q_AtoG": [
                    0.0,
                    0.0,
                    0.0,
                    1.0
                ],
                "EULER_AtoG": [
                    -0.0,
                    0.0,
                    -0.0
                ]
            },
            "CAMERA": {
                "K": [
                    [
                        448.7283437752497,
                        0.0,
                        199.2698748705299
                    ],
                    [
                        0.0,
                        449.4420237270751,
                        199.46247133478543
                    ],
                    [
                        0.0,
                        0.0,
                        1.0
                    ]
                ],
                "DISTO_PARAMS": [
                    0.0,
                    0.0,
                    0.0,
                    0.0,
                    0.0
                ]
            }
        }
    }
}