{
    "CalibParam": {
        "EXTRI": {
            "Q_LtoI": [
                0.011828009857441598,
                0.02090358886764526,
                0.04234643575269668,
                0.9988142557724672
            ],
            "EULER_LtoI": [
                1.2535938164184498,
                2.4506776500473177,
                4.828582269612789
            ],
            "POS_LinI": [
                0.4284174374117111,
                0.15799497179709125,
                0.02947507869297679
            ],
            "Q_CtoI": [
                0.24287995193555163,
                0.21692662507209377,
                0.07371554037910301,
                0.9426124269227689
            ],
            "EULER_CtoI": [
                28.393433563567276,
                26.4082097649282,
                2.149691669008647
            ],
            "POS_CinI": [
                0.6898426849050584,
                0.3700515505108277,
                0.12964826662981877
            ],
            "GRAVITY_REFINE": [
                0.29156067146889355,
                -0.0650695324136452
            ]
        },
        "TEMPORAL": {
            "TIME_OFFSET_LtoI": -0.0008983003246713077,
            "TIME_OFFSET_CtoI": -0.0033455440244528858,
            "TIME_READOUT": 0.0
        },
        "INTRI": {
            "IMU": {
                "ACCE": {
                    "BIAS": [
                        -0.004287396626580554,
                        -0.018739350496837598,
                        -0.0953997275496131
                    ],
                    "MAP_COEFF": [
                        1.0016724601969909,
                        1.0060465824289733,
                        0.9880595990185019,
                        0.00288192218706963,
                        0.008246891868196454,
                        -0.0068556862060274339
                    ]
                },
                "GYRO": {
                    "BIAS": [
                        0.0042910072134557659,
                        0.015552715319664722,
                        0.00039506368254454044
                    ],
                    "MAP_COEFF": [
                        1.0030870220799693,
                        1.004649613763161,
                        0.9977258785831019,
                        -0.0012947415407380955,
                        -0.011188620138196137,
                        -0.03118205047641211
                    ]
                },
                "Q_AtoG": [
                    0.004563996361038533,
                    0.0010066871960113203,
                    0.004676481670555765,
                    0.9999781432797873
                ],
                "EULER_AtoG": [
                    0.5224529028602016,
                    0.11780119556835254,
                    0.5353560412353208
                ]
            },
            "CAMERA": {
                "K": [
                    [
                        449.26899630465257,
                        0.0,
                        199.5155749537715
                    ],
                    [
                        0.0,
                        449.48802877274439,
                        199.49230190294098
                    ],
                    [
                        0.0,
                        0.0,
                        1.0
                    ]
                ],
                "DISTO_PARAMS": [
                    0.02075132777989527,
                    -0.13286748336963534,
                    0.2147883494306874,
                    0.0000490029402482416,
                    -0.0005717968310484068
                ]
            }
        }
    }
}