{
    "CalibParam": {
        "EXTRI": {
            "Q_LtoI": [
                -0.007680358530824244,
                -0.006880553301561162,
                -0.71649833277214,
                0.6975125871364948
            ],
            "EULER_LtoI": [
                178.82110635853318,
                179.91936286180676,
                88.46231569962534
            ],
            "POS_LinI": [
                0.013263472440774306,
                0.002261539012105406,
                0.3751785428042043
            ],
            "Q_CtoI": [
                -0.012346710382570767,
                -0.7075451145822632,
                0.706307847248956,
                -0.01888635719365369
            ],
            "EULER_CtoI": [
                90.08852931717344,
                0.5319842123057861,
                -177.46940955346924
            ],
            "POS_CinI": [
                0.040611011208451359,
                -0.15615235315967658,
                0.41240537018882569
            ],
            "GRAVITY_REFINE": [
                0.03653936545075686,
                0.031233087452898737
            ]
        },
        "TEMPORAL": {
            "TIME_OFFSET_LtoI": 0.00539541019526221,
            "TIME_OFFSET_CtoI": 0.0,
            "TIME_READOUT": 0.0
        },
        "INTRI": {
            "IMU": {
                "ACCE": {
                    "BIAS": [
                        0.016895261328864359,
                        -0.04146662715185587,
                        0.03698512939432846
                    ],
                    "MAP_COEFF": [
                        1.0,
                        1.0,
                        1.0,
                        0.0,
                        0.0,
                        0.0
                    ]
                },
                "GYRO": {
                    "BIAS": [
                        0.0011884849796663542,
                        0.0013055208353322218,
                        -0.001870306335563978
                    ],
                    "MAP_COEFF": [
                        1.0,
                        1.0,
                        1.0,
                        0.0,
                        0.0,
                        0.0
                    ]
                },
                "Q_AtoG": [
                    0.0,
                    0.0,
                    0.0,
                    1.0
                ],
                "EULER_AtoG": [
                    -0.0,
                    0.0,
                    -0.0
                ]
            },
            "CAMERA": {
                "K": [
                    [
                        890.8908702922975,
                        0.0,
                        512.6908910013536
                    ],
                    [
                        0.0,
                        893.5651437953476,
                        388.9734476446936
                    ],
                    [
                        0.0,
                        0.0,
                        1.0
                    ]
                ],
                "DISTO_PARAMS": [
                    -0.13442780238819089,
                    0.09333272838837222,
                    -0.03652894575647583,
                    -0.0000011956744043555342,
                    0.00031375151416098134
                ]
            }
        }
    }
}