{
    "CalibParam": {
        "EXTRI": {
            "Q_LtoI": [
                -0.007648676218482222,
                -0.006868655077045215,
                -0.7163047367414956,
                0.6977118627708965
            ],
            "EULER_LtoI": [
                178.8245941090158,
                179.92133964506525,
                88.49413174942115
            ],
            "POS_LinI": [
                0.013107001914939033,
                0.002275916530278039,
                0.37469458691533627
            ],
            "Q_CtoI": [
                -0.012378186666142655,
                -0.7075481026947088,
                0.7063024462087993,
                -0.01895566795030584
            ],
            "EULER_CtoI": [
                90.0891031134804,
                0.535070530325049,
                -177.46124558004153
            ],
            "POS_CinI": [
                0.041602869182261168,
                -0.15481951088900279,
                0.4138919858551826
            ],
            "GRAVITY_REFINE": [
                0.03655927196499684,
                0.031197020896449293
            ]
        },
        "TEMPORAL": {
            "TIME_OFFSET_LtoI": 0.00539541019526221,
            "TIME_OFFSET_CtoI": 0.0,
            "TIME_READOUT": 0.0
        },
        "INTRI": {
            "IMU": {
                "ACCE": {
                    "BIAS": [
                        0.01712025848827824,
                        -0.04110991748737394,
                        0.03702251007863932
                    ],
                    "MAP_COEFF": [
                        1.0,
                        1.0,
                        1.0,
                        0.0,
                        0.0,
                        0.0
                    ]
                },
                "GYRO": {
                    "BIAS": [
                        0.0011412355025083258,
                        0.001233629895320012,
                        -0.0018800266377728085
                    ],
                    "MAP_COEFF": [
                        1.0,
                        1.0,
                        1.0,
                        0.0,
                        0.0,
                        0.0
                    ]
                },
                "Q_AtoG": [
                    0.0,
                    0.0,
                    0.0,
                    1.0
                ],
                "EULER_AtoG": [
                    -0.0,
                    0.0,
                    -0.0
                ]
            },
            "CAMERA": {
                "K": [
                    [
                        890.8908702922975,
                        0.0,
                        512.6908910013536
                    ],
                    [
                        0.0,
                        893.5651437953476,
                        388.9734476446936
                    ],
                    [
                        0.0,
                        0.0,
                        1.0
                    ]
                ],
                "DISTO_PARAMS": [
                    -0.13442780238819089,
                    0.09333272838837222,
                    -0.03652894575647583,
                    -0.0000011956744043555342,
                    0.00031375151416098134
                ]
            }
        }
    }
}