{
    "CalibParam": {
        "EXTRI": {
            "Q_LtoI": [
                -0.007710883641545885,
                -0.006867548014830391,
                -0.7165185399385484,
                0.69749162072534
            ],
            "EULER_LtoI": [
                178.819736535885,
                179.91578274907125,
                88.45901660412686
            ],
            "POS_LinI": [
                0.014465184741656633,
                0.0023021485416876957,
                0.38486167264980566
            ],
            "Q_CtoI": [
                -0.012319976394243543,
                -0.707410497031348,
                0.7064450545124484,
                -0.0188146705102801
            ],
            "EULER_CtoI": [
                90.06662558741005,
                0.5278515990023991,
                -177.4772831146801
            ],
            "POS_CinI": [
                0.040707649701980829,
                -0.15571233810470995,
                0.41008491577800357
            ],
            "GRAVITY_REFINE": [
                0.03649780408665214,
                0.03126426511254832
            ]
        },
        "TEMPORAL": {
            "TIME_OFFSET_LtoI": 0.00539541019526221,
            "TIME_OFFSET_CtoI": 0.0,
            "TIME_READOUT": 0.0
        },
        "INTRI": {
            "IMU": {
                "ACCE": {
                    "BIAS": [
                        0.015845968373817976,
                        -0.0419475566113829,
                        0.036982316734143417
                    ],
                    "MAP_COEFF": [
                        1.0,
                        1.0,
                        1.0,
                        0.0,
                        0.0,
                        0.0
                    ]
                },
                "GYRO": {
                    "BIAS": [
                        0.0012000420026254294,
                        0.001284571554628629,
                        -0.0018734867375685113
                    ],
                    "MAP_COEFF": [
                        1.0,
                        1.0,
                        1.0,
                        0.0,
                        0.0,
                        0.0
                    ]
                },
                "Q_AtoG": [
                    0.0,
                    0.0,
                    0.0,
                    1.0
                ],
                "EULER_AtoG": [
                    -0.0,
                    0.0,
                    -0.0
                ]
            },
            "CAMERA": {
                "K": [
                    [
                        890.8908702922975,
                        0.0,
                        512.6908910013536
                    ],
                    [
                        0.0,
                        893.5651437953476,
                        388.9734476446936
                    ],
                    [
                        0.0,
                        0.0,
                        1.0
                    ]
                ],
                "DISTO_PARAMS": [
                    -0.13442780238819089,
                    0.09333272838837222,
                    -0.03652894575647583,
                    -0.0000011956744043555342,
                    0.00031375151416098134
                ]
            }
        }
    }
}