{
    "CalibParam": {
        "EXTRI": {
            "Q_LtoI": [
                -0.007657588543515659,
                -0.006887282747335857,
                -0.71650584790257,
                0.6975050513046308
            ],
            "EULER_LtoI": [
                178.82237484247097,
                179.92175772248533,
                88.46107066101361
            ],
            "POS_LinI": [
                0.013109638623642705,
                0.002257444042515921,
                0.37491202054177866
            ],
            "Q_CtoI": [
                -0.012425786012489226,
                -0.7076059467610363,
                0.7062452205737281,
                -0.01889741694400816
            ],
            "EULER_CtoI": [
                90.09861896676024,
                0.5267014639297516,
                -177.4621468063051
            ],
            "POS_CinI": [
                0.040966428684200698,
                -0.15615121305899266,
                0.4144072915437153
            ],
            "GRAVITY_REFINE": [
                0.0365546319532236,
                0.03120879087357003
            ]
        },
        "TEMPORAL": {
            "TIME_OFFSET_LtoI": 0.00539541019526221,
            "TIME_OFFSET_CtoI": 0.0,
            "TIME_READOUT": 0.0
        },
        "INTRI": {
            "IMU": {
                "ACCE": {
                    "BIAS": [
                        0.01742797343405639,
                        -0.04145572125795873,
                        0.03696158403923889
                    ],
                    "MAP_COEFF": [
                        1.0,
                        1.0,
                        1.0,
                        0.0,
                        0.0,
                        0.0
                    ]
                },
                "GYRO": {
                    "BIAS": [
                        0.0011586411909126262,
                        0.0012648565797458722,
                        -0.0018808145636508528
                    ],
                    "MAP_COEFF": [
                        1.0,
                        1.0,
                        1.0,
                        0.0,
                        0.0,
                        0.0
                    ]
                },
                "Q_AtoG": [
                    0.0,
                    0.0,
                    0.0,
                    1.0
                ],
                "EULER_AtoG": [
                    -0.0,
                    0.0,
                    -0.0
                ]
            },
            "CAMERA": {
                "K": [
                    [
                        890.8908702922975,
                        0.0,
                        512.6908910013536
                    ],
                    [
                        0.0,
                        893.5651437953476,
                        388.9734476446936
                    ],
                    [
                        0.0,
                        0.0,
                        1.0
                    ]
                ],
                "DISTO_PARAMS": [
                    -0.13442780238819089,
                    0.09333272838837222,
                    -0.03652894575647583,
                    -0.0000011956744043555342,
                    0.00031375151416098134
                ]
            }
        }
    }
}