{
    "CalibParam": {
        "EXTRI": {
            "Q_LtoI": [
                -0.007473002989066308,
                -0.005312564088106102,
                -0.7162143535366179,
                0.6978201277387029
            ],
            "EULER_LtoI": [
                178.9663515180516,
                179.81148991569766,
                88.5111398300246
            ],
            "POS_LinI": [
                0.015175194719169996,
                0.001574028436460878,
                0.38770459268540788
            ],
            "Q_CtoI": [
                -0.008816258596385811,
                -0.7081005477840496,
                0.7057134410867468,
                -0.022009699720654614
            ],
            "EULER_CtoI": [
                90.17009680721388,
                1.0730211024832786,
                -177.50350250116177
            ],
            "POS_CinI": [
                0.02992641706586215,
                -0.16602436848522776,
                0.21732048702804694
            ],
            "GRAVITY_REFINE": [
                0.036508009356181699,
                0.03132898202158921
            ]
        },
        "TEMPORAL": {
            "TIME_OFFSET_LtoI": 0.005734001529531553,
            "TIME_OFFSET_CtoI": 0.006475825617585764,
            "TIME_READOUT": 0.0
        },
        "INTRI": {
            "IMU": {
                "ACCE": {
                    "BIAS": [
                        0.004821663872821383,
                        -0.03466568019774048,
                        0.06779627253114507
                    ],
                    "MAP_COEFF": [
                        1.0009402737823177,
                        0.9973043599036298,
                        0.9969152361817234,
                        -0.000014653451380861179,
                        -0.0008135813260494873,
                        0.0018405933635538305
                    ]
                },
                "GYRO": {
                    "BIAS": [
                        0.0012728798230666934,
                        0.001015247963440381,
                        0.00011277466161911137
                    ],
                    "MAP_COEFF": [
                        0.9956793312530954,
                        0.9972824819921378,
                        1.0042022736612835,
                        -0.000015710759276758669,
                        0.0006607264144989068,
                        0.00042430600793219494
                    ]
                },
                "Q_AtoG": [
                    -0.0008639297535139491,
                    -0.000981002398159086,
                    -0.0009482533097985927,
                    0.9999986960368179
                ],
                "EULER_AtoG": [
                    179.900894234383,
                    -179.8876793566129,
                    179.8912409239617
                ]
            },
            "CAMERA": {
                "K": [
                    [
                        891.8744427452721,
                        0.0,
                        512.2686124648284
                    ],
                    [
                        0.0,
                        890.4689055726007,
                        389.1599306173299
                    ],
                    [
                        0.0,
                        0.0,
                        1.0
                    ]
                ],
                "DISTO_PARAMS": [
                    -0.13764683596338873,
                    0.10259525125244068,
                    -0.038831059503237317,
                    -0.0000075932691079090688,
                    0.0010751825181922032
                ]
            }
        }
    }
}