{
    "CalibParam": {
        "EXTRI": {
            "Q_LtoI": [
                -0.007718671329256405,
                -0.006887150206561766,
                -0.7164948834460678,
                0.6975156423124495
            ],
            "EULER_LtoI": [
                178.8175015900281,
                179.91674994627207,
                88.46287180255982
            ],
            "POS_LinI": [
                0.014456135031623435,
                0.0027365420497670767,
                0.3785186479874748
            ],
            "Q_CtoI": [
                -0.012307640112075304,
                -0.7074354678096863,
                0.7064199145518951,
                -0.018827777464571806
            ],
            "EULER_CtoI": [
                90.07063946810446,
                0.5300021685959208,
                -177.47724019625768
            ],
            "POS_CinI": [
                0.04079120119879487,
                -0.15530696800214498,
                0.40971737210392136
            ],
            "GRAVITY_REFINE": [
                0.036491642108478498,
                0.031254192825087487
            ]
        },
        "TEMPORAL": {
            "TIME_OFFSET_LtoI": 0.00539541019526221,
            "TIME_OFFSET_CtoI": 0.0,
            "TIME_READOUT": 0.0
        },
        "INTRI": {
            "IMU": {
                "ACCE": {
                    "BIAS": [
                        0.015980496991957139,
                        -0.04241404075993137,
                        0.03699308626783339
                    ],
                    "MAP_COEFF": [
                        1.0,
                        1.0,
                        1.0,
                        0.0,
                        0.0,
                        0.0
                    ]
                },
                "GYRO": {
                    "BIAS": [
                        0.001201093241537406,
                        0.0013047685560515529,
                        -0.0018700779790983146
                    ],
                    "MAP_COEFF": [
                        1.0,
                        1.0,
                        1.0,
                        0.0,
                        0.0,
                        0.0
                    ]
                },
                "Q_AtoG": [
                    0.0,
                    0.0,
                    0.0,
                    1.0
                ],
                "EULER_AtoG": [
                    -0.0,
                    0.0,
                    -0.0
                ]
            },
            "CAMERA": {
                "K": [
                    [
                        890.8908702922975,
                        0.0,
                        512.6908910013536
                    ],
                    [
                        0.0,
                        893.5651437953476,
                        388.9734476446936
                    ],
                    [
                        0.0,
                        0.0,
                        1.0
                    ]
                ],
                "DISTO_PARAMS": [
                    -0.13442780238819089,
                    0.09333272838837222,
                    -0.03652894575647583,
                    -0.0000011956744043555342,
                    0.00031375151416098134
                ]
            }
        }
    }
}