{
    "CalibParam": {
        "EXTRI": {
            "Q_LtoI": [
                -0.004550171110658918,
                -0.008657083809292289,
                -0.7123300015119788,
                0.7017765454820553
            ],
            "EULER_LtoI": [
                178.92735413443564,
                -179.67523260741633,
                89.14178066884398
            ],
            "POS_LinI": [
                0.0034488024815224349,
                -0.02241933742177598,
                0.0023326020011929066
            ],
            "Q_CtoI": [
                -0.01202918795830276,
                -0.7114641342143084,
                0.7021846842647774,
                -0.024713428489858265
            ],
            "EULER_CtoI": [
                90.72503692462756,
                1.0469674864128547,
                -177.02890768440518
            ],
            "POS_CinI": [
                0.02497535624782677,
                -0.20561930149433658,
                0.4090514357392009
            ],
            "GRAVITY_REFINE": [
                0.038098883417810047,
                0.028783018175852369
            ]
        },
        "TEMPORAL": {
            "TIME_OFFSET_LtoI": 0.005148863782877266,
            "TIME_OFFSET_CtoI": 0.0,
            "TIME_READOUT": 0.0
        },
        "INTRI": {
            "IMU": {
                "ACCE": {
                    "BIAS": [
                        0.09648900242503843,
                        -0.011604622057601946,
                        0.040917430372331638
                    ],
                    "MAP_COEFF": [
                        1.0,
                        1.0,
                        1.0,
                        0.0,
                        0.0,
                        0.0
                    ]
                },
                "GYRO": {
                    "BIAS": [
                        -0.0018667689064566546,
                        0.0005955368247555874,
                        -0.001393117812480317
                    ],
                    "MAP_COEFF": [
                        1.0,
                        1.0,
                        1.0,
                        0.0,
                        0.0,
                        0.0
                    ]
                },
                "Q_AtoG": [
                    0.0,
                    0.0,
                    0.0,
                    1.0
                ],
                "EULER_AtoG": [
                    -0.0,
                    0.0,
                    -0.0
                ]
            },
            "CAMERA": {
                "K": [
                    [
                        892.8357070848423,
                        0.0,
                        511.9679084179376
                    ],
                    [
                        0.0,
                        893.1017825071231,
                        390.8302366600259
                    ],
                    [
                        0.0,
                        0.0,
                        1.0
                    ]
                ],
                "DISTO_PARAMS": [
                    -0.13442780238819089,
                    0.09333272838837222,
                    -0.03652894575647583,
                    -0.0000011956744043555342,
                    0.00031375151416098134
                ]
            }
        }
    }
}