{
    "CalibParam": {
        "EXTRI": {
            "Q_LtoI": [
                -0.009421452235439068,
                0.009503725807167222,
                -0.6910986213593402,
                0.7226365690918064
            ],
            "EULER_LtoI": [
                179.97245675141395,
                178.46670885021482,
                92.55628093993029
            ],
            "POS_LinI": [
                -0.011883146845137935,
                -0.007298432333463232,
                -0.1534391816935636
            ],
            "Q_CtoI": [
                -0.008231292055137497,
                -0.700411467508868,
                0.7136790320168576,
                0.004273321033870504
            ],
            "EULER_CtoI": [
                88.92764759608825,
                -1.016203506692421,
                -179.6887747975573
            ],
            "POS_CinI": [
                0.10355822457176454,
                -0.2229964484974459,
                -0.1385793848247079
            ],
            "GRAVITY_REFINE": [
                0.03804742556215863,
                0.02967767933856303
            ]
        },
        "TEMPORAL": {
            "TIME_OFFSET_LtoI": 0.002692679211206164,
            "TIME_OFFSET_CtoI": 0.0,
            "TIME_READOUT": 0.0
        },
        "INTRI": {
            "IMU": {
                "ACCE": {
                    "BIAS": [
                        -0.2666208718035088,
                        0.1159066752272808,
                        0.04396453436598625
                    ],
                    "MAP_COEFF": [
                        1.0,
                        1.0,
                        1.0,
                        0.0,
                        0.0,
                        0.0
                    ]
                },
                "GYRO": {
                    "BIAS": [
                        -0.003541371514911425,
                        -0.005484182549621665,
                        0.0024539814380275519
                    ],
                    "MAP_COEFF": [
                        1.0,
                        1.0,
                        1.0,
                        0.0,
                        0.0,
                        0.0
                    ]
                },
                "Q_AtoG": [
                    0.0,
                    0.0,
                    0.0,
                    1.0
                ],
                "EULER_AtoG": [
                    -0.0,
                    0.0,
                    -0.0
                ]
            },
            "CAMERA": {
                "K": [
                    [
                        888.7862818983525,
                        0.0,
                        508.42091409927289
                    ],
                    [
                        0.0,
                        914.843992448779,
                        391.6959147564607
                    ],
                    [
                        0.0,
                        0.0,
                        1.0
                    ]
                ],
                "DISTO_PARAMS": [
                    -0.13442780238819089,
                    0.09333272838837222,
                    -0.03652894575647583,
                    -0.0000011956744043555342,
                    0.00031375151416098134
                ]
            }
        }
    }
}