{
    "CalibParam": {
        "EXTRI": {
            "Q_LtoI": [
                -0.0075468765112480539,
                -0.006775896904945954,
                -0.7157613426368197,
                0.6982713170844087
            ],
            "EULER_LtoI": [
                178.84028843577074,
                179.92318375364239,
                88.58347842131716
            ],
            "POS_LinI": [
                0.013597140864069628,
                0.003487744810109535,
                0.36624402426879745
            ],
            "Q_CtoI": [
                -0.01082274730526812,
                -0.7077686066748984,
                0.7060253839879516,
                -0.021785883294114216
            ],
            "EULER_CtoI": [
                90.12074062642225,
                0.8913554498600754,
                -177.35839619997163
            ],
            "POS_CinI": [
                0.009402239191809575,
                -0.17912902442707358,
                0.3858010237261543
            ],
            "GRAVITY_REFINE": [
                0.03651173067510953,
                0.031125154928050549
            ]
        },
        "TEMPORAL": {
            "TIME_OFFSET_LtoI": 0.005389872433298363,
            "TIME_OFFSET_CtoI": 0.0,
            "TIME_READOUT": 0.0
        },
        "INTRI": {
            "IMU": {
                "ACCE": {
                    "BIAS": [
                        0.016965701095445718,
                        -0.040789872374133697,
                        0.036855641651196039
                    ],
                    "MAP_COEFF": [
                        1.0,
                        1.0,
                        1.0,
                        0.0,
                        0.0,
                        0.0
                    ]
                },
                "GYRO": {
                    "BIAS": [
                        0.0010901592856686464,
                        0.0011841954112062745,
                        -0.001882513830205879
                    ],
                    "MAP_COEFF": [
                        1.0,
                        1.0,
                        1.0,
                        0.0,
                        0.0,
                        0.0
                    ]
                },
                "Q_AtoG": [
                    0.0,
                    0.0,
                    0.0,
                    1.0
                ],
                "EULER_AtoG": [
                    -0.0,
                    0.0,
                    -0.0
                ]
            },
            "CAMERA": {
                "K": [
                    [
                        890.8904494901725,
                        0.0,
                        512.7024823323587
                    ],
                    [
                        0.0,
                        893.5420569408168,
                        388.9684410365734
                    ],
                    [
                        0.0,
                        0.0,
                        1.0
                    ]
                ],
                "DISTO_PARAMS": [
                    -0.13442780238819089,
                    0.09333272838837222,
                    -0.03652894575647583,
                    -0.0000011956744043555342,
                    0.00031375151416098134
                ]
            }
        }
    }
}