{
    "CalibParam": {
        "EXTRI": {
            "Q_LtoI": [
                -0.006213478596538798,
                -0.008179899509843322,
                -0.7130241057086826,
                0.7010642671011502
            ],
            "EULER_LtoI": [
                178.83239758603319,
                -179.85054089789984,
                89.02932697876124
            ],
            "POS_LinI": [
                0.004374143804753258,
                -0.022933290154511695,
                0.01380466794676774
            ],
            "Q_CtoI": [
                -0.010548081669716983,
                -0.7105867785876603,
                0.7031067500787438,
                -0.024414464221187528
            ],
            "EULER_CtoI": [
                90.57821906025738,
                1.1382174860443859,
                -177.17231750374578
            ],
            "POS_CinI": [
                0.006304524908783686,
                -0.20290156232499519,
                0.4059795404183057
            ],
            "GRAVITY_REFINE": [
                0.03694796846371905,
                0.02937355672871624
            ]
        },
        "TEMPORAL": {
            "TIME_OFFSET_LtoI": 0.005222246324447514,
            "TIME_OFFSET_CtoI": 0.0,
            "TIME_READOUT": 0.0
        },
        "INTRI": {
            "IMU": {
                "ACCE": {
                    "BIAS": [
                        0.0638027467978493,
                        -0.03191950547543267,
                        0.038373405016483678
                    ],
                    "MAP_COEFF": [
                        1.0,
                        1.0,
                        1.0,
                        0.0,
                        0.0,
                        0.0
                    ]
                },
                "GYRO": {
                    "BIAS": [
                        -0.00038787174066318413,
                        0.001692125168241359,
                        -0.0014232412219190078
                    ],
                    "MAP_COEFF": [
                        1.0,
                        1.0,
                        1.0,
                        0.0,
                        0.0,
                        0.0
                    ]
                },
                "Q_AtoG": [
                    0.0,
                    0.0,
                    0.0,
                    1.0
                ],
                "EULER_AtoG": [
                    -0.0,
                    0.0,
                    -0.0
                ]
            },
            "CAMERA": {
                "K": [
                    [
                        892.4812291327669,
                        0.0,
                        512.0769729235076
                    ],
                    [
                        0.0,
                        893.8861987236871,
                        389.7337556119768
                    ],
                    [
                        0.0,
                        0.0,
                        1.0
                    ]
                ],
                "DISTO_PARAMS": [
                    -0.13442780238819089,
                    0.09333272838837222,
                    -0.03652894575647583,
                    -0.0000011956744043555342,
                    0.00031375151416098134
                ]
            }
        }
    }
}