{
    "CalibParam": {
        "EXTRI": {
            "Q_LtoI": [
                -0.0020138791146636577,
                -0.007913578606832979,
                -0.7142327349770616,
                0.6998606431652887
            ],
            "EULER_LtoI": [
                179.1907493855805,
                -179.53016661235956,
                88.83207447761706
            ],
            "POS_LinI": [
                0.0022951285382663366,
                -0.021327990794974443,
                -0.02253573690921693
            ],
            "Q_CtoI": [
                -0.015864242039463046,
                -0.7130051714242908,
                0.7006372099249216,
                -0.021896379046605967
            ],
            "EULER_CtoI": [
                90.98879062134297,
                0.515342746641103,
                -176.94425307179209
            ],
            "POS_CinI": [
                0.06209329343854193,
                -0.216575522342919,
                0.3750391616608602
            ],
            "GRAVITY_REFINE": [
                0.039717258132955648,
                0.028761457460176354
            ]
        },
        "TEMPORAL": {
            "TIME_OFFSET_LtoI": 0.004965940154248754,
            "TIME_OFFSET_CtoI": 0.0,
            "TIME_READOUT": 0.0
        },
        "INTRI": {
            "IMU": {
                "ACCE": {
                    "BIAS": [
                        0.12368092503131603,
                        0.039783148424187748,
                        0.04771593661775047
                    ],
                    "MAP_COEFF": [
                        1.0,
                        1.0,
                        1.0,
                        0.0,
                        0.0,
                        0.0
                    ]
                },
                "GYRO": {
                    "BIAS": [
                        -0.004226248731428092,
                        -0.003090500439940894,
                        -0.0019006453444427943
                    ],
                    "MAP_COEFF": [
                        1.0,
                        1.0,
                        1.0,
                        0.0,
                        0.0,
                        0.0
                    ]
                },
                "Q_AtoG": [
                    0.0,
                    0.0,
                    0.0,
                    1.0
                ],
                "EULER_AtoG": [
                    -0.0,
                    0.0,
                    -0.0
                ]
            },
            "CAMERA": {
                "K": [
                    [
                        892.168496453605,
                        0.0,
                        511.7517861880116
                    ],
                    [
                        0.0,
                        892.6728572276646,
                        391.973646228969
                    ],
                    [
                        0.0,
                        0.0,
                        1.0
                    ]
                ],
                "DISTO_PARAMS": [
                    -0.13442780238819089,
                    0.09333272838837222,
                    -0.03652894575647583,
                    -0.0000011956744043555342,
                    0.00031375151416098134
                ]
            }
        }
    }
}