{
    "CalibParam": {
        "EXTRI": {
            "Q_LtoI": [
                -0.007463982599815362,
                -0.005261529712286305,
                -0.7163546340205328,
                0.6976766038689738
            ],
            "EULER_LtoI": [
                178.97130012165989,
                179.80794277302864,
                88.48816486836724
            ],
            "POS_LinI": [
                0.015202125212352974,
                0.0015128493292001055,
                0.38771420109232926
            ],
            "Q_CtoI": [
                -0.008949563870011422,
                -0.7081342779426646,
                0.7056831319715091,
                -0.02184186255884334
            ],
            "EULER_CtoI": [
                90.1758418641739,
                1.048733506450452,
                -177.50632259046319
            ],
            "POS_CinI": [
                0.030001133512090915,
                -0.16608310349364598,
                0.21753704992834456
            ],
            "GRAVITY_REFINE": [
                0.036503343014268777,
                0.03132256756288107
            ]
        },
        "TEMPORAL": {
            "TIME_OFFSET_LtoI": 0.005734040837849181,
            "TIME_OFFSET_CtoI": 0.006474436528193377,
            "TIME_READOUT": 0.0
        },
        "INTRI": {
            "IMU": {
                "ACCE": {
                    "BIAS": [
                        0.0008138897558098393,
                        -0.04062905041538897,
                        0.06547978331934817
                    ],
                    "MAP_COEFF": [
                        1.001436845652074,
                        0.9974783130076965,
                        0.9971487359601245,
                        -0.0005406938327676548,
                        -0.0004635563625334034,
                        0.0025439330057080726
                    ]
                },
                "GYRO": {
                    "BIAS": [
                        0.001271531958348806,
                        0.0010236086765981806,
                        0.00011104807400347561
                    ],
                    "MAP_COEFF": [
                        0.9956743004006936,
                        0.9972894355286368,
                        1.0042015444939703,
                        -0.00001404168231359784,
                        0.0006691090880287688,
                        0.00042960194906084483
                    ]
                },
                "Q_AtoG": [
                    -0.0009077659483340833,
                    -0.0010115582764719063,
                    -0.0007382654141063423,
                    0.9999988038367919
                ],
                "EULER_AtoG": [
                    179.89589196231246,
                    -179.88416081586855,
                    179.9152956878106
                ]
            },
            "CAMERA": {
                "K": [
                    [
                        891.8876397918873,
                        0.0,
                        512.2699613652087
                    ],
                    [
                        0.0,
                        890.48366793777,
                        389.152525732196
                    ],
                    [
                        0.0,
                        0.0,
                        1.0
                    ]
                ],
                "DISTO_PARAMS": [
                    -0.13779263676256685,
                    0.10311077798102751,
                    -0.03946268329678967,
                    -0.000008964463474748539,
                    0.0010785806279915752
                ]
            }
        }
    }
}