{
    "CalibParam": {
        "EXTRI": {
            "Q_LtoI": [
                -0.007661004942056004,
                -0.006884011821487242,
                -0.7165149973793783,
                0.6974956472372776
            ],
            "EULER_LtoI": [
                178.82237135869358,
                179.9212003269916,
                88.4595728053216
            ],
            "POS_LinI": [
                0.013135343660968807,
                0.002239288805014165,
                0.3750689616802155
            ],
            "Q_CtoI": [
                -0.012416000704939706,
                -0.7076003678849968,
                0.7062515287229291,
                -0.018876982598870896
            ],
            "EULER_CtoI": [
                90.09768632645423,
                0.5258153734752881,
                -177.4645911511332
            ],
            "POS_CinI": [
                0.04128589864891513,
                -0.1562849301900551,
                0.41419924240497138
            ],
            "GRAVITY_REFINE": [
                0.03654465506989909,
                0.03120942605573434
            ]
        },
        "TEMPORAL": {
            "TIME_OFFSET_LtoI": 0.00539541019526221,
            "TIME_OFFSET_CtoI": 0.0,
            "TIME_READOUT": 0.0
        },
        "INTRI": {
            "IMU": {
                "ACCE": {
                    "BIAS": [
                        0.01741307967912463,
                        -0.04144719603063756,
                        0.036948029533107839
                    ],
                    "MAP_COEFF": [
                        1.0,
                        1.0,
                        1.0,
                        0.0,
                        0.0,
                        0.0
                    ]
                },
                "GYRO": {
                    "BIAS": [
                        0.0011755865769739736,
                        0.0013015773173286839,
                        -0.0018752584558638117
                    ],
                    "MAP_COEFF": [
                        1.0,
                        1.0,
                        1.0,
                        0.0,
                        0.0,
                        0.0
                    ]
                },
                "Q_AtoG": [
                    0.0,
                    0.0,
                    0.0,
                    1.0
                ],
                "EULER_AtoG": [
                    -0.0,
                    0.0,
                    -0.0
                ]
            },
            "CAMERA": {
                "K": [
                    [
                        890.8908702922975,
                        0.0,
                        512.6908910013536
                    ],
                    [
                        0.0,
                        893.5651437953476,
                        388.9734476446936
                    ],
                    [
                        0.0,
                        0.0,
                        1.0
                    ]
                ],
                "DISTO_PARAMS": [
                    -0.13442780238819089,
                    0.09333272838837222,
                    -0.03652894575647583,
                    -0.0000011956744043555342,
                    0.00031375151416098134
                ]
            }
        }
    }
}