{
    "CalibParam": {
        "EXTRI": {
            "Q_LtoI": [
                -0.007452858796168904,
                -0.0052543325131331479,
                -0.7164077902599422,
                0.6976221935549876
            ],
            "EULER_LtoI": [
                178.97279497829974,
                179.80820234900325,
                88.47944313847099
            ],
            "POS_LinI": [
                0.015200131503637129,
                0.0015047346625065525,
                0.38765040790809549
            ],
            "Q_CtoI": [
                -0.009024004445300854,
                -0.7081440934330286,
                0.7056743672182301,
                -0.02177608162263816
            ],
            "EULER_CtoI": [
                90.17758783588816,
                1.0374076507763955,
                -177.50562132963754
            ],
            "POS_CinI": [
                0.029716760669462239,
                -0.16626962240446303,
                0.21760218051157086
            ],
            "GRAVITY_REFINE": [
                0.036500811590959348,
                0.03132006070459816
            ]
        },
        "TEMPORAL": {
            "TIME_OFFSET_LtoI": 0.005735490248190606,
            "TIME_OFFSET_CtoI": 0.0064717006407368818,
            "TIME_READOUT": 0.0
        },
        "INTRI": {
            "IMU": {
                "ACCE": {
                    "BIAS": [
                        -0.0018597347564843215,
                        -0.04302607841680854,
                        0.06342564285961891
                    ],
                    "MAP_COEFF": [
                        1.0014959331101788,
                        0.9975827880688497,
                        0.9973605669431698,
                        -0.000723807556700455,
                        -0.00018252710074321792,
                        0.0028168860012784088
                    ]
                },
                "GYRO": {
                    "BIAS": [
                        0.001270192745245116,
                        0.0010287079857804684,
                        0.00010991017833002204
                    ],
                    "MAP_COEFF": [
                        0.9957972858312796,
                        0.9973838609272563,
                        1.0042009577787794,
                        -0.00009886416118344567,
                        0.0006694283550748852,
                        0.0004473512793777085
                    ]
                },
                "Q_AtoG": [
                    -0.0009176462630274693,
                    -0.0010048316631692575,
                    -0.0006719891028049147,
                    0.9999988483339921
                ],
                "EULER_AtoG": [
                    179.89476795744609,
                    -179.8849254910919,
                    179.92288996835698
                ]
            },
            "CAMERA": {
                "K": [
                    [
                        891.8840592978284,
                        0.0,
                        512.2772263167467
                    ],
                    [
                        0.0,
                        890.5064262909282,
                        389.14916883900897
                    ],
                    [
                        0.0,
                        0.0,
                        1.0
                    ]
                ],
                "DISTO_PARAMS": [
                    -0.13785629584886537,
                    0.10332877217298801,
                    -0.039758713053938948,
                    -0.000002114491911008604,
                    0.0010759339261963044
                ]
            }
        }
    }
}