{
    "CalibParam": {
        "EXTRI": {
            "Q_LtoI": [
                -0.0077241831487210219,
                -0.007307067227580933,
                -0.7151092322627896,
                0.6989318491067211
            ],
            "EULER_LtoI": [
                178.78248392321016,
                179.95227344982528,
                88.68957582564245
            ],
            "POS_LinI": [
                0.020999681682912435,
                0.015027790978503615,
                0.2231178748988979
            ],
            "Q_CtoI": [
                -0.010822366499794264,
                -0.7079545573332237,
                0.7058309839125136,
                -0.02204185299733883
            ],
            "EULER_CtoI": [
                90.15091107091958,
                0.91285993164376,
                -177.33793827628288
            ],
            "POS_CinI": [
                0.014967343031471209,
                -0.17178298324561906,
                0.36236858687703846
            ],
            "GRAVITY_REFINE": [
                0.036315919115787489,
                0.03093554554421789
            ]
        },
        "TEMPORAL": {
            "TIME_OFFSET_LtoI": 0.00527762322664141,
            "TIME_OFFSET_CtoI": 0.0,
            "TIME_READOUT": 0.0
        },
        "INTRI": {
            "IMU": {
                "ACCE": {
                    "BIAS": [
                        0.018250486199975704,
                        -0.05295513311251525,
                        0.03702478435825714
                    ],
                    "MAP_COEFF": [
                        1.0,
                        1.0,
                        1.0,
                        0.0,
                        0.0,
                        0.0
                    ]
                },
                "GYRO": {
                    "BIAS": [
                        0.0010579174684471668,
                        0.0016913536566061979,
                        -0.001821876446383872
                    ],
                    "MAP_COEFF": [
                        1.0,
                        1.0,
                        1.0,
                        0.0,
                        0.0,
                        0.0
                    ]
                },
                "Q_AtoG": [
                    0.0,
                    0.0,
                    0.0,
                    1.0
                ],
                "EULER_AtoG": [
                    -0.0,
                    0.0,
                    -0.0
                ]
            },
            "CAMERA": {
                "K": [
                    [
                        890.8798996276096,
                        0.0,
                        512.9292989709014
                    ],
                    [
                        0.0,
                        893.2661709352628,
                        388.89006100815086
                    ],
                    [
                        0.0,
                        0.0,
                        1.0
                    ]
                ],
                "DISTO_PARAMS": [
                    -0.13442780238819089,
                    0.09333272838837222,
                    -0.03652894575647583,
                    -0.0000011956744043555342,
                    0.00031375151416098134
                ]
            }
        }
    }
}