{
    "CalibParam": {
        "EXTRI": {
            "Q_LtoI": [
                -0.0074628272868073899,
                -0.005253006941029102,
                -0.7164184221425189,
                0.6976111786244459
            ],
            "EULER_LtoI": [
                178.9721097521868,
                179.80726229663675,
                88.47769837930197
            ],
            "POS_LinI": [
                0.015205559957206549,
                0.0015059009263902178,
                0.3876765515542506
            ],
            "Q_CtoI": [
                -0.009019261263171968,
                -0.708139964791909,
                0.7056788069338534,
                -0.02176843207935941
            ],
            "EULER_CtoI": [
                90.1769078455521,
                1.0371555362395327,
                -177.50661930087606
            ],
            "POS_CinI": [
                0.02986990756347886,
                -0.16617783857909325,
                0.21757917966834484
            ],
            "GRAVITY_REFINE": [
                0.036501444490863909,
                0.03132013936210116
            ]
        },
        "TEMPORAL": {
            "TIME_OFFSET_LtoI": 0.005734909502386574,
            "TIME_OFFSET_CtoI": 0.006472611636366276,
            "TIME_READOUT": 0.0
        },
        "INTRI": {
            "IMU": {
                "ACCE": {
                    "BIAS": [
                        -0.0016114873997738386,
                        -0.04261392473178814,
                        0.06395514209246578
                    ],
                    "MAP_COEFF": [
                        1.0014863370408225,
                        0.9975508121160037,
                        0.9973058545871988,
                        -0.0007513539141929477,
                        -0.0002231968727760675,
                        0.0027631402418175257
                    ]
                },
                "GYRO": {
                    "BIAS": [
                        0.0012686364686859374,
                        0.0010293573977421945,
                        0.00011010472342585233
                    ],
                    "MAP_COEFF": [
                        0.9957398623423995,
                        0.9973500309260809,
                        1.0042011139966245,
                        -0.00005133739054504474,
                        0.0006675419903937988,
                        0.0004416948307762122
                    ]
                },
                "Q_AtoG": [
                    -0.0009135929050686761,
                    -0.0010135895732816172,
                    -0.0006488371101219501,
                    0.9999988584966412
                ],
                "EULER_AtoG": [
                    179.89523444914725,
                    -179.88391917053748,
                    179.92554254237349
                ]
            },
            "CAMERA": {
                "K": [
                    [
                        891.8899379075974,
                        0.0,
                        512.2735940762242
                    ],
                    [
                        0.0,
                        890.4996875166806,
                        389.14950628878116
                    ],
                    [
                        0.0,
                        0.0,
                        1.0
                    ]
                ],
                "DISTO_PARAMS": [
                    -0.13787590611103785,
                    0.10342599631609421,
                    -0.039860853204066338,
                    -0.00000342213835904171,
                    0.0010777551447728365
                ]
            }
        }
    }
}