{
    "CalibParam": {
        "EXTRI": {
            "Q_LtoI": [
                -0.007406860273737137,
                -0.0053280517751248,
                -0.7163914603620138,
                0.6976388935585144
            ],
            "EULER_LtoI": [
                178.97041621201576,
                179.81789590970383,
                88.48203665881369
            ],
            "POS_LinI": [
                0.015173446097978603,
                0.001422096272145611,
                0.38730242068130829
            ],
            "Q_CtoI": [
                -0.008957459511476644,
                -0.7080577766178935,
                0.7057558917864761,
                -0.021967478205326665
            ],
            "EULER_CtoI": [
                90.16344150692416,
                1.0580225662875849,
                -177.4953996260759
            ],
            "POS_CinI": [
                0.022397456623555215,
                -0.1636458810037442,
                0.21881916496017457
            ],
            "GRAVITY_REFINE": [
                0.036514638130732229,
                0.03129030461225218
            ]
        },
        "TEMPORAL": {
            "TIME_OFFSET_LtoI": 0.0056964093114448099,
            "TIME_OFFSET_CtoI": 0.006446994531543589,
            "TIME_READOUT": 0.0
        },
        "INTRI": {
            "IMU": {
                "ACCE": {
                    "BIAS": [
                        -0.0004860956057435254,
                        -0.04334217146302454,
                        0.059506912123541578
                    ],
                    "MAP_COEFF": [
                        1.0015101470032726,
                        0.9981466993734521,
                        0.9977530307339687,
                        -0.0006176261905202192,
                        -0.00015535855113185058,
                        0.0027951828711724449
                    ]
                },
                "GYRO": {
                    "BIAS": [
                        0.001299423383485282,
                        0.001047809706672127,
                        0.000042114129717289949
                    ],
                    "MAP_COEFF": [
                        0.9965089616070945,
                        0.9976374295401387,
                        1.0040554967548344,
                        -0.00017951653434102657,
                        0.0008771423329905752,
                        0.0005456871661626316
                    ]
                },
                "Q_AtoG": [
                    -0.000853364633775352,
                    -0.0010350280278119795,
                    -0.0006688463610318007,
                    0.9999988765645334
                ],
                "EULER_AtoG": [
                    179.90213214016857,
                    -179.881459978741,
                    179.92325453792757
                ]
            },
            "CAMERA": {
                "K": [
                    [
                        892.0993789536794,
                        0.0,
                        512.4401545924495
                    ],
                    [
                        0.0,
                        891.1314124714684,
                        389.05131056704968
                    ],
                    [
                        0.0,
                        0.0,
                        1.0
                    ]
                ],
                "DISTO_PARAMS": [
                    -0.13716844826930595,
                    0.10039452062524225,
                    -0.036520582702804799,
                    0.00005900566014274397,
                    0.0008811526783737589
                ]
            }
        }
    }
}