{
    "CalibParam": {
        "EXTRI": {
            "Q_LtoI": [
                -0.007478925003453535,
                -0.00538949023118947,
                -0.7160960811545126,
                0.6979408439337753
            ],
            "EULER_LtoI": [
                178.9595332540223,
                179.81733117409577,
                88.53046464728695
            ],
            "POS_LinI": [
                0.015146599731181444,
                0.0017263368897534363,
                0.38767414485111326
            ],
            "Q_CtoI": [
                -0.008725565606074794,
                -0.7080508293902598,
                0.7057597400493184,
                -0.022160253386146069
            ],
            "EULER_CtoI": [
                90.16184580320715,
                1.092402527108904,
                -177.49859708213234
            ],
            "POS_CinI": [
                0.029751637525865884,
                -0.1659724014908819,
                0.2169761596642784
            ],
            "GRAVITY_REFINE": [
                0.03650516642949889,
                0.03133047573660541
            ]
        },
        "TEMPORAL": {
            "TIME_OFFSET_LtoI": 0.005733758027400111,
            "TIME_OFFSET_CtoI": 0.006476168516217049,
            "TIME_READOUT": 0.0
        },
        "INTRI": {
            "IMU": {
                "ACCE": {
                    "BIAS": [
                        0.009175701878966068,
                        -0.03529869921761289,
                        0.06785790219918203
                    ],
                    "MAP_COEFF": [
                        1.0004884196321658,
                        0.9970404632826253,
                        0.9969129548842395,
                        0.000406377015118556,
                        -0.0011544198599820794,
                        0.001775062921997545
                    ]
                },
                "GYRO": {
                    "BIAS": [
                        0.0012734272894750685,
                        0.0010136881135072714,
                        0.00011451498953221322
                    ],
                    "MAP_COEFF": [
                        0.9957390871064584,
                        0.9973194127809311,
                        1.0042026878077917,
                        -0.000023560054657116658,
                        0.0006508453121713519,
                        0.00041828754287927267
                    ]
                },
                "Q_AtoG": [
                    -0.0008081233936503574,
                    -0.0009282383863382517,
                    -0.0011237012201165979,
                    0.9999986113018592
                ],
                "EULER_AtoG": [
                    179.9072762829174,
                    -179.89373586231666,
                    179.87114721520192
                ]
            },
            "CAMERA": {
                "K": [
                    [
                        891.8640349264994,
                        0.0,
                        512.2685421817005
                    ],
                    [
                        0.0,
                        890.4716980906801,
                        389.1637705750592
                    ],
                    [
                        0.0,
                        0.0,
                        1.0
                    ]
                ],
                "DISTO_PARAMS": [
                    -0.13745491994557369,
                    0.10178551076380611,
                    -0.03776508325666521,
                    -2.5392443859229728e-7,
                    0.0010707938996465776
                ]
            }
        }
    }
}