{
    "CalibParam": {
        "EXTRI": {
            "Q_LtoI": [
                -0.0075370159120460278,
                -0.006749989690950981,
                -0.7157911125536799,
                0.6982411576378743
            ],
            "EULER_LtoI": [
                178.8432059407091,
                179.92187048951548,
                88.5786334710836
            ],
            "POS_LinI": [
                0.0131961540251198,
                0.0027460617069049707,
                0.37289255647536137
            ],
            "Q_CtoI": [
                -0.010805933633888182,
                -0.7077656929444905,
                0.706028378441509,
                -0.0217918453637673
            ],
            "EULER_CtoI": [
                90.1202263196601,
                0.8931885401848971,
                -177.35927335557035
            ],
            "POS_CinI": [
                0.00879983134123879,
                -0.1796053881749978,
                0.3870247264520641
            ],
            "GRAVITY_REFINE": [
                0.03652226105196113,
                0.031133358279192458
            ]
        },
        "TEMPORAL": {
            "TIME_OFFSET_LtoI": 0.00539541019526221,
            "TIME_OFFSET_CtoI": 0.0,
            "TIME_READOUT": 0.0
        },
        "INTRI": {
            "IMU": {
                "ACCE": {
                    "BIAS": [
                        0.016924744469751064,
                        -0.04012720836354324,
                        0.03684933389844848
                    ],
                    "MAP_COEFF": [
                        1.0,
                        1.0,
                        1.0,
                        0.0,
                        0.0,
                        0.0
                    ]
                },
                "GYRO": {
                    "BIAS": [
                        0.0010910320212121014,
                        0.0011574214770177564,
                        -0.0018854567917333432
                    ],
                    "MAP_COEFF": [
                        1.0,
                        1.0,
                        1.0,
                        0.0,
                        0.0,
                        0.0
                    ]
                },
                "Q_AtoG": [
                    0.0,
                    0.0,
                    0.0,
                    1.0
                ],
                "EULER_AtoG": [
                    -0.0,
                    0.0,
                    -0.0
                ]
            },
            "CAMERA": {
                "K": [
                    [
                        890.8908702922975,
                        0.0,
                        512.6908910013536
                    ],
                    [
                        0.0,
                        893.5651437953476,
                        388.9734476446936
                    ],
                    [
                        0.0,
                        0.0,
                        1.0
                    ]
                ],
                "DISTO_PARAMS": [
                    -0.13442780238819089,
                    0.09333272838837222,
                    -0.03652894575647583,
                    -0.0000011956744043555342,
                    0.00031375151416098134
                ]
            }
        }
    }
}