{
    "CalibParam": {
        "EXTRI": {
            "Q_LtoI": [
                -0.00754444765394836,
                -0.006612527712551206,
                -0.7166326594079515,
                0.6973786541447441
            ],
            "EULER_LtoI": [
                178.8539962287534,
                179.908881118722,
                88.44066200858008
            ],
            "POS_LinI": [
                0.014243914424253247,
                0.002164232599137201,
                0.38737087004206846
            ],
            "Q_CtoI": [
                -0.009852073752152619,
                -0.7074072091462496,
                0.7063896200665739,
                -0.022173898008649868
            ],
            "EULER_CtoI": [
                90.05982854284382,
                1.000042342633044,
                -177.40518564180585
            ],
            "POS_CinI": [
                0.02337863208190744,
                -0.16347813587243263,
                0.22287477379897933
            ],
            "GRAVITY_REFINE": [
                0.036528263488549459,
                0.031303385928019209
            ]
        },
        "TEMPORAL": {
            "TIME_OFFSET_LtoI": 0.0056692034189110419,
            "TIME_OFFSET_CtoI": 0.006398637885590919,
            "TIME_READOUT": 0.0
        },
        "INTRI": {
            "IMU": {
                "ACCE": {
                    "BIAS": [
                        0.02465033208691743,
                        -0.03872243669098011,
                        0.039789898582342168
                    ],
                    "MAP_COEFF": [
                        0.999049649490476,
                        0.9981757558217171,
                        0.9997594991263249,
                        -0.00007867024003826625,
                        -0.0010702057113525219,
                        0.0003094596868461971
                    ]
                },
                "GYRO": {
                    "BIAS": [
                        0.0012372601119066379,
                        0.0011003636140936996,
                        0.00001765774916468282
                    ],
                    "MAP_COEFF": [
                        0.996776021024109,
                        0.9980625036152618,
                        1.0040330122253019,
                        -0.00011536363248559721,
                        0.0008816608277451268,
                        0.0006185177489836384
                    ]
                },
                "Q_AtoG": [
                    0.00015825355859137006,
                    -0.00029425937014538147,
                    -0.0002460993271830657,
                    0.999999913901174
                ],
                "EULER_AtoG": [
                    0.018126225500589549,
                    -0.033724101920721397,
                    -0.028195572918242589
                ]
            },
            "CAMERA": {
                "K": [
                    [
                        892.2947655711457,
                        0.0,
                        512.3915027046111
                    ],
                    [
                        0.0,
                        891.4503763818539,
                        389.089477374867
                    ],
                    [
                        0.0,
                        0.0,
                        1.0
                    ]
                ],
                "DISTO_PARAMS": [
                    -0.13873493635112089,
                    0.10654687531756,
                    -0.04449559122092367,
                    0.00009481062571078018,
                    0.0009121359850406019
                ]
            }
        }
    }
}