{
    "CalibParam": {
        "EXTRI": {
            "Q_LtoI": [
                0.0022800973488491316,
                0.0052265798682914229,
                -0.71550839476179,
                0.698580862208783
            ],
            "EULER_LtoI": [
                0.611075387725798,
                0.23144806259680268,
                -91.3729013356354
            ],
            "POS_LinI": [
                -0.0006607528853382772,
                -0.011317817851092644,
                -0.1250355747282067
            ],
            "Q_CtoI": [
                -0.020712774164863384,
                -0.7149391261541008,
                0.6988725425204897,
                -0.003193147561997749
            ],
            "EULER_CtoI": [
                91.32599011594225,
                -1.3973170636599389,
                -178.04640326731588
            ],
            "POS_CinI": [
                0.22445839508016927,
                -0.20460278838500479,
                0.05851412016887897
            ],
            "GRAVITY_REFINE": [
                0.040119183801440378,
                0.03028814368901863
            ]
        },
        "TEMPORAL": {
            "TIME_OFFSET_LtoI": 0.004127280550290808,
            "TIME_OFFSET_CtoI": 0.0,
            "TIME_READOUT": 0.0
        },
        "INTRI": {
            "IMU": {
                "ACCE": {
                    "BIAS": [
                        -0.01159654417291689,
                        0.2574692773837989,
                        0.07160399409180696
                    ],
                    "MAP_COEFF": [
                        1.0,
                        1.0,
                        1.0,
                        0.0,
                        0.0,
                        0.0
                    ]
                },
                "GYRO": {
                    "BIAS": [
                        -0.00784657737509928,
                        -0.017122814153709349,
                        -0.0025645030235226737
                    ],
                    "MAP_COEFF": [
                        1.0,
                        1.0,
                        1.0,
                        0.0,
                        0.0,
                        0.0
                    ]
                },
                "Q_AtoG": [
                    0.0,
                    0.0,
                    0.0,
                    1.0
                ],
                "EULER_AtoG": [
                    -0.0,
                    0.0,
                    -0.0
                ]
            },
            "CAMERA": {
                "K": [
                    [
                        892.9374778846872,
                        0.0,
                        507.7429231509629
                    ],
                    [
                        0.0,
                        887.9917990820918,
                        391.7606918639347
                    ],
                    [
                        0.0,
                        0.0,
                        1.0
                    ]
                ],
                "DISTO_PARAMS": [
                    -0.13442780238819089,
                    0.09333272838837222,
                    -0.03652894575647583,
                    -0.0000011956744043555342,
                    0.00031375151416098134
                ]
            }
        }
    }
}