{
    "CalibParam": {
        "EXTRI": {
            "Q_LtoI": [
                -0.007404969719059045,
                -0.005544858786524827,
                -0.716437841824833,
                0.6975895926444667
            ],
            "EULER_LtoI": [
                178.9527794800371,
                179.83531282485255,
                88.47414973197256
            ],
            "POS_LinI": [
                0.014886463962305837,
                0.0014943742965317653,
                0.3873811544572129
            ],
            "Q_CtoI": [
                -0.009120833080393463,
                -0.7079563437831562,
                0.7058541045756431,
                -0.022013830989226284
            ],
            "EULER_CtoI": [
                90.14731785987553,
                1.048210712089268,
                -177.47824196479199
            ],
            "POS_CinI": [
                0.022310999876559338,
                -0.16363154303305856,
                0.219594601264511
            ],
            "GRAVITY_REFINE": [
                0.03652123214826962,
                0.03128985888431824
            ]
        },
        "TEMPORAL": {
            "TIME_OFFSET_LtoI": 0.005696854190253839,
            "TIME_OFFSET_CtoI": 0.006445658815752117,
            "TIME_READOUT": 0.0
        },
        "INTRI": {
            "IMU": {
                "ACCE": {
                    "BIAS": [
                        0.006742331128950126,
                        -0.04315845235110323,
                        0.05584746948384703
                    ],
                    "MAP_COEFF": [
                        1.0011476765282999,
                        0.9981205428081149,
                        0.9981251824864608,
                        -0.0005719899660300887,
                        -0.0005795126489596763,
                        0.002476463927844396
                    ]
                },
                "GYRO": {
                    "BIAS": [
                        0.0013044222606744094,
                        0.0010523879772626102,
                        0.000038610088648020667
                    ],
                    "MAP_COEFF": [
                        0.9965616339435544,
                        0.9976983099962692,
                        1.0040541927118392,
                        -0.00012203770760852068,
                        0.0008728805064932544,
                        0.0005554327365562852
                    ]
                },
                "Q_AtoG": [
                    -0.0006920866721169841,
                    -0.0008800734984846214,
                    -0.0005774386557716958,
                    0.9999992065253224
                ],
                "EULER_AtoG": [
                    179.92063438987078,
                    -179.89919682886484,
                    179.93376054318123
                ]
            },
            "CAMERA": {
                "K": [
                    [
                        892.1466109985005,
                        0.0,
                        512.429447955758
                    ],
                    [
                        0.0,
                        891.203759640056,
                        389.0503059083195
                    ],
                    [
                        0.0,
                        0.0,
                        1.0
                    ]
                ],
                "DISTO_PARAMS": [
                    -0.1374070806808938,
                    0.10119657267479293,
                    -0.03745990330563498,
                    0.00007543911811277856,
                    0.0008788307552469025
                ]
            }
        }
    }
}