{
    "CalibParam": {
        "EXTRI": {
            "Q_LtoI": [
                -0.007648903186095389,
                -0.00790080821559493,
                -0.7144544828639518,
                0.6995954998605934
            ],
            "EULER_LtoI": [
                178.73986037817816,
                -179.99282923807238,
                88.79582554263186
            ],
            "POS_LinI": [
                0.015041421968688105,
                -0.004769091812904837,
                0.05932531251534112
            ],
            "Q_CtoI": [
                -0.009887483008216002,
                -0.7089481513359346,
                0.7047987951836613,
                -0.023524767900718125
            ],
            "EULER_CtoI": [
                90.3100580574589,
                1.1126570952387412,
                -177.295277665421
            ],
            "POS_CinI": [
                0.0036509208605882087,
                -0.18874722156438296,
                0.36995357279636806
            ],
            "GRAVITY_REFINE": [
                0.0363478343223261,
                0.030618953623786788
            ]
        },
        "TEMPORAL": {
            "TIME_OFFSET_LtoI": 0.0051837485388939829,
            "TIME_OFFSET_CtoI": 0.0,
            "TIME_READOUT": 0.0
        },
        "INTRI": {
            "IMU": {
                "ACCE": {
                    "BIAS": [
                        0.0282554853483706,
                        -0.05203917304837316,
                        0.03731613239770021
                    ],
                    "MAP_COEFF": [
                        1.0,
                        1.0,
                        1.0,
                        0.0,
                        0.0,
                        0.0
                    ]
                },
                "GYRO": {
                    "BIAS": [
                        0.0007702097065230713,
                        0.0020293033922866618,
                        -0.0017297534142333622
                    ],
                    "MAP_COEFF": [
                        1.0,
                        1.0,
                        1.0,
                        0.0,
                        0.0,
                        0.0
                    ]
                },
                "Q_AtoG": [
                    0.0,
                    0.0,
                    0.0,
                    1.0
                ],
                "EULER_AtoG": [
                    -0.0,
                    0.0,
                    -0.0
                ]
            },
            "CAMERA": {
                "K": [
                    [
                        891.0982215390585,
                        0.0,
                        512.6283074120711
                    ],
                    [
                        0.0,
                        893.8028357278655,
                        388.9934921470428
                    ],
                    [
                        0.0,
                        0.0,
                        1.0
                    ]
                ],
                "DISTO_PARAMS": [
                    -0.13442780238819089,
                    0.09333272838837222,
                    -0.03652894575647583,
                    -0.0000011956744043555342,
                    0.00031375151416098134
                ]
            }
        }
    }
}