{
    "CalibParam": {
        "EXTRI": {
            "Q_LtoI": [
                -0.007466412467887776,
                -0.00528130274274366,
                -0.7162966943268299,
                0.6977359143849877
            ],
            "EULER_LtoI": [
                178.96946682768124,
                179.80940959578167,
                88.49765639022385
            ],
            "POS_LinI": [
                0.015191090660559076,
                0.0015332587177658579,
                0.38771767613164528
            ],
            "Q_CtoI": [
                -0.008893978913496739,
                -0.708121810790449,
                0.7056941676525121,
                -0.021912096275119865
            ],
            "EULER_CtoI": [
                90.17370510027193,
                1.058886767994796,
                -177.50512916378913
            ],
            "POS_CinI": [
                0.02999502470631046,
                -0.16603725184943578,
                0.2174661488069988
            ],
            "GRAVITY_REFINE": [
                0.0365054727157786,
                0.03132535976668915
            ]
        },
        "TEMPORAL": {
            "TIME_OFFSET_LtoI": 0.005734073961513553,
            "TIME_OFFSET_CtoI": 0.006475303693030037,
            "TIME_READOUT": 0.0
        },
        "INTRI": {
            "IMU": {
                "ACCE": {
                    "BIAS": [
                        0.002936094927457952,
                        -0.037895429697075339,
                        0.06647145927149906
                    ],
                    "MAP_COEFF": [
                        1.0012538086574284,
                        0.9974165393782748,
                        0.9970483436225379,
                        -0.00032443290296335105,
                        -0.0006568924177513885,
                        0.0022298532765414977
                    ]
                },
                "GYRO": {
                    "BIAS": [
                        0.001272822055065435,
                        0.0010185696895370536,
                        0.0001119332659863841
                    ],
                    "MAP_COEFF": [
                        0.995661929363902,
                        0.997273807315905,
                        1.0042021187032458,
                        -0.000012929406172169013,
                        0.000665837741363597,
                        0.0004255683606982203
                    ]
                },
                "Q_AtoG": [
                    -0.0008913767739721167,
                    -0.0009988844295432697,
                    -0.0008257581032724276,
                    0.9999987628996839
                ],
                "EULER_AtoG": [
                    179.89776109482845,
                    -179.88562068800978,
                    179.90527294641573
                ]
            },
            "CAMERA": {
                "K": [
                    [
                        891.8840470094534,
                        0.0,
                        512.2686698422793
                    ],
                    [
                        0.0,
                        890.4741227899581,
                        389.1557292583846
                    ],
                    [
                        0.0,
                        0.0,
                        1.0
                    ]
                ],
                "DISTO_PARAMS": [
                    -0.13774260487770546,
                    0.10294658974803597,
                    -0.03926629956098241,
                    -0.000009767309359206224,
                    0.0010771709186605842
                ]
            }
        }
    }
}