{
    "CalibParam": {
        "EXTRI": {
            "Q_LtoI": [
                -0.0070273592897886799,
                -0.007978984226881406,
                -0.7138406792938601,
                0.7002274177846793
            ],
            "EULER_LtoI": [
                178.78334956515767,
                -179.93460389024856,
                88.89616452104215
            ],
            "POS_LinI": [
                0.005495016457622844,
                -0.022010844314544015,
                0.021285638598058298
            ],
            "Q_CtoI": [
                -0.009993109808504363,
                -0.7100070328698952,
                0.7037126882172854,
                -0.02405417788336522
            ],
            "EULER_CtoI": [
                90.48251626873598,
                1.1513052213648756,
                -177.24561814831689
            ],
            "POS_CinI": [
                -0.0022689134360343087,
                -0.20193328706298328,
                0.3945553524158303
            ],
            "GRAVITY_REFINE": [
                0.03650165584727062,
                0.03002465077758001
            ]
        },
        "TEMPORAL": {
            "TIME_OFFSET_LtoI": 0.0052151716099388179,
            "TIME_OFFSET_CtoI": 0.0,
            "TIME_READOUT": 0.0
        },
        "INTRI": {
            "IMU": {
                "ACCE": {
                    "BIAS": [
                        0.04549119497635705,
                        -0.04064054523081939,
                        0.03772328627172106
                    ],
                    "MAP_COEFF": [
                        1.0,
                        1.0,
                        1.0,
                        0.0,
                        0.0,
                        0.0
                    ]
                },
                "GYRO": {
                    "BIAS": [
                        0.00022958658095546412,
                        0.0018971805662618014,
                        -0.0015762362005796729
                    ],
                    "MAP_COEFF": [
                        1.0,
                        1.0,
                        1.0,
                        0.0,
                        0.0,
                        0.0
                    ]
                },
                "Q_AtoG": [
                    0.0,
                    0.0,
                    0.0,
                    1.0
                ],
                "EULER_AtoG": [
                    -0.0,
                    0.0,
                    -0.0
                ]
            },
            "CAMERA": {
                "K": [
                    [
                        891.8758657490835,
                        0.0,
                        512.1950767170528
                    ],
                    [
                        0.0,
                        894.3431358525518,
                        389.1744494094576
                    ],
                    [
                        0.0,
                        0.0,
                        1.0
                    ]
                ],
                "DISTO_PARAMS": [
                    -0.13442780238819089,
                    0.09333272838837222,
                    -0.03652894575647583,
                    -0.0000011956744043555342,
                    0.00031375151416098134
                ]
            }
        }
    }
}