{
    "CalibParam": {
        "EXTRI": {
            "Q_LtoI": [
                -0.007464246275011735,
                -0.0052547371858966619,
                -0.7163980345174906,
                0.6976320870660477
            ],
            "EULER_LtoI": [
                178.97184862462636,
                179.80731414909378,
                88.481044915068
            ],
            "POS_LinI": [
                0.015205928094536282,
                0.0015067927419417907,
                0.38769793491100409
            ],
            "Q_CtoI": [
                -0.008993953774619895,
                -0.7081384014601434,
                0.7056799605680693,
                -0.021792347868489084
            ],
            "EULER_CtoI": [
                90.17660205920804,
                1.0411382754292134,
                -177.50673469420108
            ],
            "POS_CinI": [
                0.029956392367648904,
                -0.1661331462862392,
                0.21757006041656297
            ],
            "GRAVITY_REFINE": [
                0.03650215927562292,
                0.03132082570648187
            ]
        },
        "TEMPORAL": {
            "TIME_OFFSET_LtoI": 0.005734244116229194,
            "TIME_OFFSET_CtoI": 0.0064734124755401029,
            "TIME_READOUT": 0.0
        },
        "INTRI": {
            "IMU": {
                "ACCE": {
                    "BIAS": [
                        -0.0009078152510586194,
                        -0.042075358916131507,
                        0.06462288035076847
                    ],
                    "MAP_COEFF": [
                        1.001483564338171,
                        0.9975181228582348,
                        0.9972367721125485,
                        -0.0006862259668614703,
                        -0.00029548781672837133,
                        0.002702973313379049
                    ]
                },
                "GYRO": {
                    "BIAS": [
                        0.0012695865366117038,
                        0.0010279852758818978,
                        0.00011039737638443694
                    ],
                    "MAP_COEFF": [
                        0.9957049323975231,
                        0.9973195279386076,
                        1.0042010852801684,
                        -0.000025230756812028284,
                        0.0006695201782845095,
                        0.00043618636843712405
                    ]
                },
                "Q_AtoG": [
                    -0.0009123041974991561,
                    -0.0010157877210122313,
                    -0.0006747158497005898,
                    0.9999988403167672
                ],
                "EULER_AtoG": [
                    179.89537894976497,
                    -179.88366989286053,
                    179.92257697255793
                ]
            },
            "CAMERA": {
                "K": [
                    [
                        891.8884629857785,
                        0.0,
                        512.2717075710589
                    ],
                    [
                        0.0,
                        890.4927061489269,
                        389.15037675106546
                    ],
                    [
                        0.0,
                        0.0,
                        1.0
                    ]
                ],
                "DISTO_PARAMS": [
                    -0.13782557347503325,
                    0.10322313998250554,
                    -0.039601969884916949,
                    -0.000005986692609096189,
                    0.0010789234367501214
                ]
            }
        }
    }
}