{
    "CalibParam": {
        "EXTRI": {
            "Q_LtoI": [
                0.000311068153902176,
                -0.0028162810168624945,
                -0.7192598743592594,
                0.6947353488448246
            ],
            "EULER_LtoI": [
                179.79264095409062,
                -179.75015422181085,
                88.01225555736855
            ],
            "POS_LinI": [
                0.000939609845639964,
                -0.018340548815684509,
                -0.0690562118956855
            ],
            "Q_CtoI": [
                -0.02006472191274973,
                -0.7147270276162254,
                0.6989829839810908,
                -0.013618775067152804
            ],
            "EULER_CtoI": [
                91.28785755096459,
                -0.49174048372613357,
                -177.26469536892615
            ],
            "POS_CinI": [
                0.13155958888711945,
                -0.22733279384992553,
                0.2729467038223334
            ],
            "GRAVITY_REFINE": [
                0.0404913144431229,
                0.0296343225739146
            ]
        },
        "TEMPORAL": {
            "TIME_OFFSET_LtoI": 0.00475763466307093,
            "TIME_OFFSET_CtoI": 0.0,
            "TIME_READOUT": 0.0
        },
        "INTRI": {
            "IMU": {
                "ACCE": {
                    "BIAS": [
                        0.08921644872042688,
                        0.1372689887286203,
                        0.06100773735628652
                    ],
                    "MAP_COEFF": [
                        1.0,
                        1.0,
                        1.0,
                        0.0,
                        0.0,
                        0.0
                    ]
                },
                "GYRO": {
                    "BIAS": [
                        -0.006491766668916597,
                        -0.010190564349454108,
                        -0.002379620749866645
                    ],
                    "MAP_COEFF": [
                        1.0,
                        1.0,
                        1.0,
                        0.0,
                        0.0,
                        0.0
                    ]
                },
                "Q_AtoG": [
                    0.0,
                    0.0,
                    0.0,
                    1.0
                ],
                "EULER_AtoG": [
                    -0.0,
                    0.0,
                    -0.0
                ]
            },
            "CAMERA": {
                "K": [
                    [
                        891.1077044350985,
                        0.0,
                        510.85120061400229
                    ],
                    [
                        0.0,
                        891.3974857175795,
                        392.21535419489819
                    ],
                    [
                        0.0,
                        0.0,
                        1.0
                    ]
                ],
                "DISTO_PARAMS": [
                    -0.13442780238819089,
                    0.09333272838837222,
                    -0.03652894575647583,
                    -0.0000011956744043555342,
                    0.00031375151416098134
                ]
            }
        }
    }
}