{
    "CalibParam": {
        "EXTRI": {
            "Q_LtoI": [
                -0.007714890295150758,
                -0.0068914358555272748,
                -0.716489401794349,
                0.6975212725759402
            ],
            "EULER_LtoI": [
                178.81745129615309,
                179.91741222770336,
                88.46376551449454
            ],
            "POS_LinI": [
                0.013990230273399372,
                0.0025648774296369435,
                0.3763987698960086
            ],
            "Q_CtoI": [
                -0.012296164373834459,
                -0.707459816155392,
                0.7063950205850433,
                -0.01885438303756032
            ],
            "EULER_CtoI": [
                90.07455504292709,
                0.5331757567661023,
                -177.47603373423267
            ],
            "POS_CinI": [
                0.04047592513094355,
                -0.15549051643009205,
                0.41021547977453
            ],
            "GRAVITY_REFINE": [
                0.036498635803118708,
                0.031248573578685873
            ]
        },
        "TEMPORAL": {
            "TIME_OFFSET_LtoI": 0.00539541019526221,
            "TIME_OFFSET_CtoI": 0.0,
            "TIME_READOUT": 0.0
        },
        "INTRI": {
            "IMU": {
                "ACCE": {
                    "BIAS": [
                        0.016228851966718067,
                        -0.04231669116175365,
                        0.03699466587025222
                    ],
                    "MAP_COEFF": [
                        1.0,
                        1.0,
                        1.0,
                        0.0,
                        0.0,
                        0.0
                    ]
                },
                "GYRO": {
                    "BIAS": [
                        0.00119888064654202,
                        0.0013088572256470474,
                        -0.0018689701803280778
                    ],
                    "MAP_COEFF": [
                        1.0,
                        1.0,
                        1.0,
                        0.0,
                        0.0,
                        0.0
                    ]
                },
                "Q_AtoG": [
                    0.0,
                    0.0,
                    0.0,
                    1.0
                ],
                "EULER_AtoG": [
                    -0.0,
                    0.0,
                    -0.0
                ]
            },
            "CAMERA": {
                "K": [
                    [
                        890.8908702922975,
                        0.0,
                        512.6908910013536
                    ],
                    [
                        0.0,
                        893.5651437953476,
                        388.9734476446936
                    ],
                    [
                        0.0,
                        0.0,
                        1.0
                    ]
                ],
                "DISTO_PARAMS": [
                    -0.13442780238819089,
                    0.09333272838837222,
                    -0.03652894575647583,
                    -0.0000011956744043555342,
                    0.00031375151416098134
                ]
            }
        }
    }
}