{
    "CalibParam": {
        "EXTRI": {
            "Q_LtoI": [
                -0.007660448073883278,
                -0.006877499065355926,
                -0.716478282565615,
                0.6975334315670757
            ],
            "EULER_LtoI": [
                178.82294648502279,
                179.92078751038876,
                88.46561414128347
            ],
            "POS_LinI": [
                0.013108707713667715,
                0.0022628264892078479,
                0.37480104646105757
            ],
            "Q_CtoI": [
                -0.012410914103377696,
                -0.7076156863635836,
                0.7062355832891674,
                -0.01890265905957923
            ],
            "EULER_CtoI": [
                90.10015622945223,
                0.5283649774559373,
                -177.462935614351
            ],
            "POS_CinI": [
                0.04031043838366201,
                -0.1564612726979141,
                0.414655748589687
            ],
            "GRAVITY_REFINE": [
                0.03655690789605612,
                0.03120847099557027
            ]
        },
        "TEMPORAL": {
            "TIME_OFFSET_LtoI": 0.00539541019526221,
            "TIME_OFFSET_CtoI": 0.0,
            "TIME_READOUT": 0.0
        },
        "INTRI": {
            "IMU": {
                "ACCE": {
                    "BIAS": [
                        0.017220287409103899,
                        -0.04135189066257973,
                        0.03699156384670451
                    ],
                    "MAP_COEFF": [
                        1.0,
                        1.0,
                        1.0,
                        0.0,
                        0.0,
                        0.0
                    ]
                },
                "GYRO": {
                    "BIAS": [
                        0.0011540923674160664,
                        0.001243662327614354,
                        -0.001881445972528264
                    ],
                    "MAP_COEFF": [
                        1.0,
                        1.0,
                        1.0,
                        0.0,
                        0.0,
                        0.0
                    ]
                },
                "Q_AtoG": [
                    0.0,
                    0.0,
                    0.0,
                    1.0
                ],
                "EULER_AtoG": [
                    -0.0,
                    0.0,
                    -0.0
                ]
            },
            "CAMERA": {
                "K": [
                    [
                        890.8908702922975,
                        0.0,
                        512.6908910013536
                    ],
                    [
                        0.0,
                        893.5651437953476,
                        388.9734476446936
                    ],
                    [
                        0.0,
                        0.0,
                        1.0
                    ]
                ],
                "DISTO_PARAMS": [
                    -0.13442780238819089,
                    0.09333272838837222,
                    -0.03652894575647583,
                    -0.0000011956744043555342,
                    0.00031375151416098134
                ]
            }
        }
    }
}