{
    "CalibParam": {
        "EXTRI": {
            "Q_LtoI": [
                -0.00769970125406564,
                -0.00688708546719558,
                -0.7164907318110858,
                0.697520117188874
            ],
            "EULER_LtoI": [
                178.81902287186495,
                179.91830949205758,
                88.46355394291997
            ],
            "POS_LinI": [
                0.013522738479739422,
                0.00235989343480633,
                0.3754908096167115
            ],
            "Q_CtoI": [
                -0.012308189256118,
                -0.7074981969183921,
                0.7063557064388304,
                -0.018879242986954083
            ],
            "EULER_CtoI": [
                90.08081238175413,
                0.5343562825597983,
                -177.47307398592924
            ],
            "POS_CinI": [
                0.04035504356971085,
                -0.15582843014139947,
                0.4111747477994393
            ],
            "GRAVITY_REFINE": [
                0.03651929035227961,
                0.03124266128779115
            ]
        },
        "TEMPORAL": {
            "TIME_OFFSET_LtoI": 0.00539541019526221,
            "TIME_OFFSET_CtoI": 0.0,
            "TIME_READOUT": 0.0
        },
        "INTRI": {
            "IMU": {
                "ACCE": {
                    "BIAS": [
                        0.01654876979176279,
                        -0.041898897574354169,
                        0.03699314230847285
                    ],
                    "MAP_COEFF": [
                        1.0,
                        1.0,
                        1.0,
                        0.0,
                        0.0,
                        0.0
                    ]
                },
                "GYRO": {
                    "BIAS": [
                        0.001194806669940668,
                        0.001307560117449788,
                        -0.0018691117967194447
                    ],
                    "MAP_COEFF": [
                        1.0,
                        1.0,
                        1.0,
                        0.0,
                        0.0,
                        0.0
                    ]
                },
                "Q_AtoG": [
                    0.0,
                    0.0,
                    0.0,
                    1.0
                ],
                "EULER_AtoG": [
                    -0.0,
                    0.0,
                    -0.0
                ]
            },
            "CAMERA": {
                "K": [
                    [
                        890.8908702922975,
                        0.0,
                        512.6908910013536
                    ],
                    [
                        0.0,
                        893.5651437953476,
                        388.9734476446936
                    ],
                    [
                        0.0,
                        0.0,
                        1.0
                    ]
                ],
                "DISTO_PARAMS": [
                    -0.13442780238819089,
                    0.09333272838837222,
                    -0.03652894575647583,
                    -0.0000011956744043555342,
                    0.00031375151416098134
                ]
            }
        }
    }
}