{
    "CalibParam": {
        "EXTRI": {
            "Q_LtoI": [
                -0.007523684038841733,
                -0.006239213218633054,
                -0.716611170695313,
                0.6974043994925678
            ],
            "EULER_LtoI": [
                178.8863106215603,
                179.88079016857788,
                88.44474115718956
            ],
            "POS_LinI": [
                0.0144507845556051,
                0.0019489531304216824,
                0.3874808470123277
            ],
            "Q_CtoI": [
                -0.009616006462437115,
                -0.707584003854282,
                0.7062188787749917,
                -0.02207498971803926
            ],
            "EULER_CtoI": [
                90.08797309574801,
                1.0117704917763282,
                -177.43258804225
            ],
            "POS_CinI": [
                0.02248049665815617,
                -0.16335158741156168,
                0.22225507209117049
            ],
            "GRAVITY_REFINE": [
                0.03653083525039678,
                0.03129645356387628
            ]
        },
        "TEMPORAL": {
            "TIME_OFFSET_LtoI": 0.005694855452834247,
            "TIME_OFFSET_CtoI": 0.006435161099781841,
            "TIME_READOUT": 0.0
        },
        "INTRI": {
            "IMU": {
                "ACCE": {
                    "BIAS": [
                        0.03152834818452649,
                        -0.044394998275585278,
                        0.046419489371212898
                    ],
                    "MAP_COEFF": [
                        0.9997236083173887,
                        0.9981267911780517,
                        0.9990834944296994,
                        -0.0002281356626495141,
                        -0.002294863843901628,
                        0.0014631369663248196
                    ]
                },
                "GYRO": {
                    "BIAS": [
                        0.0013050868503769432,
                        0.001058252563091111,
                        0.000025679570454940847
                    ],
                    "MAP_COEFF": [
                        0.9966832273723508,
                        0.9978256589268725,
                        1.004047261711115,
                        -0.000023891851845448685,
                        0.0008603241204082239,
                        0.0005810921566857506
                    ]
                },
                "Q_AtoG": [
                    -0.00009696098750121844,
                    -0.00047921632264876434,
                    -0.00027755713136614203,
                    0.9999998419561484
                ],
                "EULER_AtoG": [
                    179.98887384404129,
                    -179.94508893866237,
                    179.96818895985147
                ]
            },
            "CAMERA": {
                "K": [
                    [
                        892.2806308340995,
                        0.0,
                        512.3967629031112
                    ],
                    [
                        0.0,
                        891.3998415174456,
                        389.05791479194826
                    ],
                    [
                        0.0,
                        0.0,
                        1.0
                    ]
                ],
                "DISTO_PARAMS": [
                    -0.1383278293971028,
                    0.1047267220934381,
                    -0.04187881027703495,
                    0.00011315692185472928,
                    0.0008865149772975871
                ]
            }
        }
    }
}