{
    "CalibParam": {
        "EXTRI": {
            "Q_LtoI": [
                -0.007532666744451005,
                -0.0065286020820762,
                -0.7166394125550664,
                0.6973726325712104
            ],
            "EULER_LtoI": [
                178.86183118674243,
                179.9031314175844,
                88.43967862373195
            ],
            "POS_LinI": [
                0.014287716578939059,
                0.0021132345922045497,
                0.3874227189627751
            ],
            "Q_CtoI": [
                -0.009806421863895503,
                -0.7074447404399803,
                0.7063532567658726,
                -0.022155134174308135
            ],
            "EULER_CtoI": [
                90.06581161630357,
                1.002353142349493,
                -177.4104596973348
            ],
            "POS_CinI": [
                0.023033983274717296,
                -0.16339731863497007,
                0.22256929054064668
            ],
            "GRAVITY_REFINE": [
                0.03652966108167534,
                0.03130154957701561
            ]
        },
        "TEMPORAL": {
            "TIME_OFFSET_LtoI": 0.00567961134183537,
            "TIME_OFFSET_CtoI": 0.006412773930869732,
            "TIME_READOUT": 0.0
        },
        "INTRI": {
            "IMU": {
                "ACCE": {
                    "BIAS": [
                        0.028515103518088997,
                        -0.04085323412544251,
                        0.04078659523333589
                    ],
                    "MAP_COEFF": [
                        0.9992349743394533,
                        0.9981545344272982,
                        0.9996577972347301,
                        -0.00013337453860929712,
                        -0.001576547993466531,
                        0.0006689485158475699
                    ]
                },
                "GYRO": {
                    "BIAS": [
                        0.0012618635936118444,
                        0.001082351982504781,
                        0.000020052001799750868
                    ],
                    "MAP_COEFF": [
                        0.9967260239952289,
                        0.9979495102109308,
                        1.0040397724620714,
                        -0.00009323947056658378,
                        0.0008652887201595005,
                        0.0005992623891703623
                    ]
                },
                "Q_AtoG": [
                    0.0000999507408297857,
                    -0.0003189078837118492,
                    -0.0002475494344775829,
                    0.9999999135134406
                ],
                "EULER_AtoG": [
                    0.011444466147190986,
                    -0.03654698620824694,
                    -0.028363427493036318
                ]
            },
            "CAMERA": {
                "K": [
                    [
                        892.2951607133579,
                        0.0,
                        512.3927347596069
                    ],
                    [
                        0.0,
                        891.4381165067432,
                        389.07848242073688
                    ],
                    [
                        0.0,
                        0.0,
                        1.0
                    ]
                ],
                "DISTO_PARAMS": [
                    -0.13869898536298126,
                    0.10644662354526627,
                    -0.04435639321998291,
                    0.00009852234913485359,
                    0.0009036692344891437
                ]
            }
        }
    }
}