{
    "CalibParam": {
        "EXTRI": {
            "Q_LtoI": [
                -0.0076668610220060689,
                -0.006879618346359515,
                -0.7165085415100825,
                0.6975022580870776
            ],
            "EULER_LtoI": [
                178.82226326748308,
                179.92037922927023,
                88.46064022449927
            ],
            "POS_LinI": [
                0.01316575894757006,
                0.0022342701119842155,
                0.3750973333468624
            ],
            "Q_CtoI": [
                -0.012388705582453643,
                -0.7075826288051754,
                0.7062696924218207,
                -0.018880279487744089
            ],
            "EULER_CtoI": [
                90.09473193908076,
                0.5282276459761974,
                -177.46652443541942
            ],
            "POS_CinI": [
                0.0410058088814946,
                -0.15630161830609047,
                0.41354112950214769
            ],
            "GRAVITY_REFINE": [
                0.03654441348963446,
                0.031219290035583014
            ]
        },
        "TEMPORAL": {
            "TIME_OFFSET_LtoI": 0.00539541019526221,
            "TIME_OFFSET_CtoI": 0.0,
            "TIME_READOUT": 0.0
        },
        "INTRI": {
            "IMU": {
                "ACCE": {
                    "BIAS": [
                        0.017219825708676765,
                        -0.04134854676462882,
                        0.03696539309554285
                    ],
                    "MAP_COEFF": [
                        1.0,
                        1.0,
                        1.0,
                        0.0,
                        0.0,
                        0.0
                    ]
                },
                "GYRO": {
                    "BIAS": [
                        0.0011812842084855335,
                        0.0013050987677189176,
                        -0.001872390618892403
                    ],
                    "MAP_COEFF": [
                        1.0,
                        1.0,
                        1.0,
                        0.0,
                        0.0,
                        0.0
                    ]
                },
                "Q_AtoG": [
                    0.0,
                    0.0,
                    0.0,
                    1.0
                ],
                "EULER_AtoG": [
                    -0.0,
                    0.0,
                    -0.0
                ]
            },
            "CAMERA": {
                "K": [
                    [
                        890.8908702922975,
                        0.0,
                        512.6908910013536
                    ],
                    [
                        0.0,
                        893.5651437953476,
                        388.9734476446936
                    ],
                    [
                        0.0,
                        0.0,
                        1.0
                    ]
                ],
                "DISTO_PARAMS": [
                    -0.13442780238819089,
                    0.09333272838837222,
                    -0.03652894575647583,
                    -0.0000011956744043555342,
                    0.00031375151416098134
                ]
            }
        }
    }
}