{
    "CalibParam": {
        "EXTRI": {
            "Q_LtoI": [
                -0.007581929663012394,
                -0.006717480508215369,
                -0.7165782320836523,
                0.6974331703482953
            ],
            "EULER_LtoI": [
                178.8423745098651,
                179.91427952011737,
                88.44944397303286
            ],
            "POS_LinI": [
                0.01420700658094817,
                0.002244206356596722,
                0.38730519392374465
            ],
            "Q_CtoI": [
                -0.009893693294769458,
                -0.7075093377313274,
                0.7062872301501507,
                -0.022158528443822425
            ],
            "EULER_CtoI": [
                90.07648403824874,
                0.9958022564274076,
                -177.40320115773683
            ],
            "POS_CinI": [
                0.02533506959931857,
                -0.16431863644766604,
                0.22735982105597905
            ],
            "GRAVITY_REFINE": [
                0.036527920040617219,
                0.03130479190120598
            ]
        },
        "TEMPORAL": {
            "TIME_OFFSET_LtoI": 0.005659539768647897,
            "TIME_OFFSET_CtoI": 0.006390785580551249,
            "TIME_READOUT": 0.0
        },
        "INTRI": {
            "IMU": {
                "ACCE": {
                    "BIAS": [
                        0.019675184712782614,
                        -0.03856321743521411,
                        0.03809134322415802
                    ],
                    "MAP_COEFF": [
                        0.9989122123040543,
                        0.9982160335402457,
                        0.9999303101025335,
                        0.00007071131850100366,
                        -0.0004626783369572239,
                        0.00008900604914990066
                    ]
                },
                "GYRO": {
                    "BIAS": [
                        0.0012261715327105123,
                        0.0011127902586229692,
                        0.000012967343020774342
                    ],
                    "MAP_COEFF": [
                        0.9969255741164781,
                        0.9981840097047123,
                        1.0040192035920053,
                        -0.00016890735333769888,
                        0.0009292710402198297,
                        0.0006426293605615123
                    ]
                },
                "Q_AtoG": [
                    0.0002537509723279024,
                    -0.0002792981661319879,
                    -0.00030558543381601104,
                    0.9999998821102536
                ],
                "EULER_AtoG": [
                    0.02906794155330511,
                    -0.0320140959104785,
                    -0.03500939343823837
                ]
            },
            "CAMERA": {
                "K": [
                    [
                        892.3778116680857,
                        0.0,
                        512.3627264342651
                    ],
                    [
                        0.0,
                        891.4207494029447,
                        389.08030995873426
                    ],
                    [
                        0.0,
                        0.0,
                        1.0
                    ]
                ],
                "DISTO_PARAMS": [
                    -0.13762889297225304,
                    0.09868588680715267,
                    -0.03231201079512323,
                    0.00015672407442056347,
                    0.0009137521952628147
                ]
            }
        }
    }
}