{
    "CalibParam": {
        "EXTRI": {
            "Q_LtoI": [
                -0.007657543302422468,
                -0.006889460701401915,
                -0.7165129548087217,
                0.697497729711782
            ],
            "EULER_LtoI": [
                178.82220041799855,
                179.92192350066694,
                88.45989976674542
            ],
            "POS_LinI": [
                0.013119175681829392,
                0.002250489411546355,
                0.37500993952233727
            ],
            "Q_CtoI": [
                -0.01242501431845186,
                -0.7076065650528685,
                0.7062448519847693,
                -0.01888854568986942
            ],
            "EULER_CtoI": [
                90.09871703239107,
                0.5260464207826712,
                -177.46292831104905
            ],
            "POS_CinI": [
                0.041261621585724907,
                -0.15621891639991579,
                0.41449050159410469
            ],
            "GRAVITY_REFINE": [
                0.036549430085406408,
                0.03120760909972524
            ]
        },
        "TEMPORAL": {
            "TIME_OFFSET_LtoI": 0.00539541019526221,
            "TIME_OFFSET_CtoI": 0.0,
            "TIME_READOUT": 0.0
        },
        "INTRI": {
            "IMU": {
                "ACCE": {
                    "BIAS": [
                        0.017498736165471534,
                        -0.041503978306185049,
                        0.036945829225974616
                    ],
                    "MAP_COEFF": [
                        1.0,
                        1.0,
                        1.0,
                        0.0,
                        0.0,
                        0.0
                    ]
                },
                "GYRO": {
                    "BIAS": [
                        0.0011669356823497297,
                        0.0012874960587180896,
                        -0.0018783539272095268
                    ],
                    "MAP_COEFF": [
                        1.0,
                        1.0,
                        1.0,
                        0.0,
                        0.0,
                        0.0
                    ]
                },
                "Q_AtoG": [
                    0.0,
                    0.0,
                    0.0,
                    1.0
                ],
                "EULER_AtoG": [
                    -0.0,
                    0.0,
                    -0.0
                ]
            },
            "CAMERA": {
                "K": [
                    [
                        890.8908702922975,
                        0.0,
                        512.6908910013536
                    ],
                    [
                        0.0,
                        893.5651437953476,
                        388.9734476446936
                    ],
                    [
                        0.0,
                        0.0,
                        1.0
                    ]
                ],
                "DISTO_PARAMS": [
                    -0.13442780238819089,
                    0.09333272838837222,
                    -0.03652894575647583,
                    -0.0000011956744043555342,
                    0.00031375151416098134
                ]
            }
        }
    }
}