{
    "CalibParam": {
        "EXTRI": {
            "Q_LtoI": [
                -0.007477760154512249,
                -0.005343244037966653,
                -0.7161259533353078,
                0.6979105614660227
            ],
            "EULER_LtoI": [
                178.9634294183468,
                179.8136839182033,
                88.52561695920979
            ],
            "POS_LinI": [
                0.015161181015569119,
                0.0016333646888032103,
                0.3876846113880595
            ],
            "Q_CtoI": [
                -0.008733917064664084,
                -0.7080791625080207,
                0.7057327200550051,
                -0.022112126953590284
            ],
            "EULER_CtoI": [
                90.16646092245309,
                1.0879203163394602,
                -177.50185917689979
            ],
            "POS_CinI": [
                0.029817096651359136,
                -0.16601795630090808,
                0.21713070678099845
            ],
            "GRAVITY_REFINE": [
                0.03650811894200453,
                0.031331182709275127
            ]
        },
        "TEMPORAL": {
            "TIME_OFFSET_LtoI": 0.005733827971866254,
            "TIME_OFFSET_CtoI": 0.006476019076204329,
            "TIME_READOUT": 0.0
        },
        "INTRI": {
            "IMU": {
                "ACCE": {
                    "BIAS": [
                        0.006834659453743173,
                        -0.03413302751044173,
                        0.06913210254476
                    ],
                    "MAP_COEFF": [
                        1.0006579404706316,
                        0.9971483286173491,
                        0.9967808590311882,
                        0.0002990737957888482,
                        -0.0009804424404268224,
                        0.0017289214606790495
                    ]
                },
                "GYRO": {
                    "BIAS": [
                        0.0012730353865423562,
                        0.0010141389769284387,
                        0.00011367041524591801
                    ],
                    "MAP_COEFF": [
                        0.9957099458139965,
                        0.9973036109974789,
                        1.0042023260048423,
                        -0.000016546768771439769,
                        0.0006554063203770724,
                        0.00042178556123051246
                    ]
                },
                "Q_AtoG": [
                    -0.0008398370061134034,
                    -0.0009617801033320252,
                    -0.001077470766000379,
                    0.9999986043538184
                ],
                "EULER_AtoG": [
                    179.90364292902613,
                    -179.88989189844333,
                    179.87643823348177
                ]
            },
            "CAMERA": {
                "K": [
                    [
                        891.8656315963552,
                        0.0,
                        512.2689936204821
                    ],
                    [
                        0.0,
                        890.4695963141962,
                        389.16300840567
                    ],
                    [
                        0.0,
                        0.0,
                        1.0
                    ]
                ],
                "DISTO_PARAMS": [
                    -0.13753723714204786,
                    0.10215453719289806,
                    -0.03826490849892034,
                    -0.000003851220436264227,
                    0.0010727295947246113
                ]
            }
        }
    }
}