{
    "CalibParam": {
        "EXTRI": {
            "Q_LtoI": [
                -0.00747794721912504,
                -0.005445844033241089,
                -0.716110746659638,
                0.6979253696540407
            ],
            "EULER_LtoI": [
                178.95499073805636,
                179.82189628027317,
                88.52798733144143
            ],
            "POS_LinI": [
                0.015146107503517644,
                0.001861752769399364,
                0.3876855203015235
            ],
            "Q_CtoI": [
                -0.008773379677803626,
                -0.7080186721174903,
                0.7057912332765156,
                -0.022165801858499806
            ],
            "EULER_CtoI": [
                90.15672239851041,
                1.0888718096773172,
                -177.49421918156529
            ],
            "POS_CinI": [
                0.029773504822754268,
                -0.16588792621657348,
                0.21686683554494039
            ],
            "GRAVITY_REFINE": [
                0.036501891529511058,
                0.03132912849523813
            ]
        },
        "TEMPORAL": {
            "TIME_OFFSET_LtoI": 0.005733766809693236,
            "TIME_OFFSET_CtoI": 0.006476233637216877,
            "TIME_READOUT": 0.0
        },
        "INTRI": {
            "IMU": {
                "ACCE": {
                    "BIAS": [
                        0.010341533760190203,
                        -0.0352589233530303,
                        0.0643926764774013
                    ],
                    "MAP_COEFF": [
                        1.0004375873400047,
                        0.9970129225799517,
                        0.9972684762441415,
                        0.0003481192001557783,
                        -0.001193014155315375,
                        0.0016869708753529936
                    ]
                },
                "GYRO": {
                    "BIAS": [
                        0.0012738594401743489,
                        0.001013230741192637,
                        0.00011512861292497157
                    ],
                    "MAP_COEFF": [
                        0.9957595756329154,
                        0.9973252114756576,
                        1.0042031770942957,
                        -0.00003275921119974423,
                        0.0006494670731751974,
                        0.0004175088436960318
                    ]
                },
                "Q_AtoG": [
                    -0.0007692514559462658,
                    -0.0008869032830858988,
                    -0.0011058518659519208,
                    0.9999986993723615
                ],
                "EULER_AtoG": [
                    179.91173782800713,
                    -179.8984659296649,
                    179.87320039256506
                ]
            },
            "CAMERA": {
                "K": [
                    [
                        891.8640347403494,
                        0.0,
                        512.2685962875138
                    ],
                    [
                        0.0,
                        890.4701310949272,
                        389.16377653864927
                    ],
                    [
                        0.0,
                        0.0,
                        1.0
                    ]
                ],
                "DISTO_PARAMS": [
                    -0.1373918614252219,
                    0.10149410778593283,
                    -0.03736231516547095,
                    0.0000024194617469023937,
                    0.0010706108772564102
                ]
            }
        }
    }
}