{
    "CalibParam": {
        "EXTRI": {
            "Q_LtoI": [
                -0.007709301318761265,
                -0.006864308995191753,
                -0.7165226641681668,
                0.697487433340951
            ],
            "EULER_LtoI": [
                178.8201294865439,
                179.91564684747483,
                88.4583441935123
            ],
            "POS_LinI": [
                0.014409077131550378,
                0.0021836358218481047,
                0.3859005477596295
            ],
            "Q_CtoI": [
                -0.012319655813981826,
                -0.7074070450488156,
                0.7064484876590682,
                -0.01881576413923632
            ],
            "EULER_CtoI": [
                90.0660650025447,
                0.527953918718729,
                -177.47721793334208
            ],
            "POS_CinI": [
                0.04062926204561874,
                -0.15582097714289079,
                0.4101793094508661
            ],
            "GRAVITY_REFINE": [
                0.036499320063328639,
                0.03126566988718213
            ]
        },
        "TEMPORAL": {
            "TIME_OFFSET_LtoI": 0.00539541019526221,
            "TIME_OFFSET_CtoI": 0.0,
            "TIME_READOUT": 0.0
        },
        "INTRI": {
            "IMU": {
                "ACCE": {
                    "BIAS": [
                        0.015845228376415986,
                        -0.04184950781280748,
                        0.036980416705169789
                    ],
                    "MAP_COEFF": [
                        1.0,
                        1.0,
                        1.0,
                        0.0,
                        0.0,
                        0.0
                    ]
                },
                "GYRO": {
                    "BIAS": [
                        0.001199602684569191,
                        0.0012809834122891762,
                        -0.0018740312470189728
                    ],
                    "MAP_COEFF": [
                        1.0,
                        1.0,
                        1.0,
                        0.0,
                        0.0,
                        0.0
                    ]
                },
                "Q_AtoG": [
                    0.0,
                    0.0,
                    0.0,
                    1.0
                ],
                "EULER_AtoG": [
                    -0.0,
                    0.0,
                    -0.0
                ]
            },
            "CAMERA": {
                "K": [
                    [
                        890.8908702922975,
                        0.0,
                        512.6908910013536
                    ],
                    [
                        0.0,
                        893.5651437953476,
                        388.9734476446936
                    ],
                    [
                        0.0,
                        0.0,
                        1.0
                    ]
                ],
                "DISTO_PARAMS": [
                    -0.13442780238819089,
                    0.09333272838837222,
                    -0.03652894575647583,
                    -0.0000011956744043555342,
                    0.00031375151416098134
                ]
            }
        }
    }
}