{
    "CalibParam": {
        "EXTRI": {
            "Q_LtoI": [
                -0.007489729657521699,
                -0.0060500459337818799,
                -0.716573886797579,
                0.6974447402150702
            ],
            "EULER_LtoI": [
                178.90455224560299,
                179.86852074096044,
                88.45113235268109
            ],
            "POS_LinI": [
                0.014544894879918098,
                0.0018207833160138827,
                0.3874739609922733
            ],
            "Q_CtoI": [
                -0.00949157197359543,
                -0.7076874855012794,
                0.7061176517804687,
                -0.022049824724552058
            ],
            "EULER_CtoI": [
                90.10448597142019,
                1.020173000500591,
                -177.4448648587651
            ],
            "POS_CinI": [
                0.02235888497612806,
                -0.16339850854573488,
                0.2217165000205357
            ],
            "GRAVITY_REFINE": [
                0.036531983013799586,
                0.031293609874345599
            ]
        },
        "TEMPORAL": {
            "TIME_OFFSET_LtoI": 0.005696897248635096,
            "TIME_OFFSET_CtoI": 0.006440278113282098,
            "TIME_READOUT": 0.0
        },
        "INTRI": {
            "IMU": {
                "ACCE": {
                    "BIAS": [
                        0.02897168113107898,
                        -0.043257144494731569,
                        0.05063065608911665
                    ],
                    "MAP_COEFF": [
                        1.0001511709032594,
                        0.9981120547090456,
                        0.9986534207922111,
                        -0.00031756018027522394,
                        -0.0022564565655392527,
                        0.0016625329349154648
                    ]
                },
                "GYRO": {
                    "BIAS": [
                        0.001311513120757961,
                        0.0010571640274519429,
                        0.000028943921396439108
                    ],
                    "MAP_COEFF": [
                        0.9966627692390546,
                        0.9978010872666313,
                        1.0040495401512704,
                        -0.000014597205670448447,
                        0.000863622825091484,
                        0.0005757842044244365
                    ]
                },
                "Q_AtoG": [
                    -0.00025604699433114906,
                    -0.0005835823059010084,
                    -0.0003309971042139777,
                    0.9999997421562398
                ],
                "EULER_AtoG": [
                    179.97063702705129,
                    -179.9331361075408,
                    179.96205338417557
                ]
            },
            "CAMERA": {
                "K": [
                    [
                        892.2606904583142,
                        0.0,
                        512.402092491094
                    ],
                    [
                        0.0,
                        891.365579592453,
                        389.05149257866517
                    ],
                    [
                        0.0,
                        0.0,
                        1.0
                    ]
                ],
                "DISTO_PARAMS": [
                    -0.13812004856733124,
                    0.10384287577701891,
                    -0.04068237819026836,
                    0.00011259845758885423,
                    0.0008814195273430784
                ]
            }
        }
    }
}