{
    "CalibParam": {
        "EXTRI": {
            "Q_LtoI": [
                -0.007761342122946629,
                -0.007686180981503154,
                -0.7146844854240716,
                0.699361687887248
            ],
            "EULER_LtoI": [
                178.7484253943841,
                179.98034865915717,
                88.75853344970108
            ],
            "POS_LinI": [
                0.0215150649613501,
                0.010884732902601842,
                0.11957980779106482
            ],
            "Q_CtoI": [
                -0.010435843096324477,
                -0.7083667309439856,
                0.7054024416338675,
                -0.02269499961617492
            ],
            "EULER_CtoI": [
                90.21687877591873,
                0.998706095148799,
                -177.31699636766903
            ],
            "POS_CinI": [
                0.012403239060623664,
                -0.17600236250078064,
                0.3580923788391129
            ],
            "GRAVITY_REFINE": [
                0.036270320997135039,
                0.03077029127242693
            ]
        },
        "TEMPORAL": {
            "TIME_OFFSET_LtoI": 0.005208291884501044,
            "TIME_OFFSET_CtoI": 0.0,
            "TIME_READOUT": 0.0
        },
        "INTRI": {
            "IMU": {
                "ACCE": {
                    "BIAS": [
                        0.021846485147262567,
                        -0.05633816629061827,
                        0.037183658760440618
                    ],
                    "MAP_COEFF": [
                        1.0,
                        1.0,
                        1.0,
                        0.0,
                        0.0,
                        0.0
                    ]
                },
                "GYRO": {
                    "BIAS": [
                        0.00095340611456585,
                        0.0019668909662603768,
                        -0.0017747270327502095
                    ],
                    "MAP_COEFF": [
                        1.0,
                        1.0,
                        1.0,
                        0.0,
                        0.0,
                        0.0
                    ]
                },
                "Q_AtoG": [
                    0.0,
                    0.0,
                    0.0,
                    1.0
                ],
                "EULER_AtoG": [
                    -0.0,
                    0.0,
                    -0.0
                ]
            },
            "CAMERA": {
                "K": [
                    [
                        890.9457245462483,
                        0.0,
                        512.8837789676052
                    ],
                    [
                        0.0,
                        893.4055365379496,
                        388.9138958894493
                    ],
                    [
                        0.0,
                        0.0,
                        1.0
                    ]
                ],
                "DISTO_PARAMS": [
                    -0.13442780238819089,
                    0.09333272838837222,
                    -0.03652894575647583,
                    -0.0000011956744043555342,
                    0.00031375151416098134
                ]
            }
        }
    }
}