{
    "CalibParam": {
        "EXTRI": {
            "Q_LtoI": [
                -0.007529427746673128,
                -0.006405452843439473,
                -0.7166265822243797,
                0.6973869941008954
            ],
            "EULER_LtoI": [
                178.87220187732539,
                179.8935777761349,
                88.44196879360158
            ],
            "POS_LinI": [
                0.014358292127566845,
                0.002045365245939166,
                0.3874638763326141
            ],
            "Q_CtoI": [
                -0.009722206566091274,
                -0.7075022370553364,
                0.7062977920815947,
                -0.022124469752856973
            ],
            "EULER_CtoI": [
                90.07494722448314,
                1.0068920883474327,
                -177.41985281160755
            ],
            "POS_CinI": [
                0.022723481609474365,
                -0.1633576534820637,
                0.22247393621983709
            ],
            "GRAVITY_REFINE": [
                0.036530245361200138,
                0.03129944376501501
            ]
        },
        "TEMPORAL": {
            "TIME_OFFSET_LtoI": 0.00568923790158641,
            "TIME_OFFSET_CtoI": 0.006426202211663147,
            "TIME_READOUT": 0.0
        },
        "INTRI": {
            "IMU": {
                "ACCE": {
                    "BIAS": [
                        0.030236511224612178,
                        -0.043395273909077897,
                        0.04272961162923279
                    ],
                    "MAP_COEFF": [
                        0.9994308158433169,
                        0.9981365686768337,
                        0.9994598911638013,
                        -0.00016841071396939448,
                        -0.001930241338878897,
                        0.0011136692523675172
                    ]
                },
                "GYRO": {
                    "BIAS": [
                        0.0012887830804488789,
                        0.001066113865942787,
                        0.000022764401277800256
                    ],
                    "MAP_COEFF": [
                        0.9967032104389865,
                        0.9978660814310749,
                        1.0040443853178647,
                        -0.00005967779730643738,
                        0.0008599327182613625,
                        0.0005871605913392823
                    ]
                },
                "Q_AtoG": [
                    0.000019908029026220776,
                    -0.00037985880585240147,
                    -0.00026387214972642197,
                    0.9999998928412177
                ],
                "EULER_AtoG": [
                    0.002269806505810272,
                    -0.04352921426483144,
                    -0.030236661341209834
                ]
            },
            "CAMERA": {
                "K": [
                    [
                        892.2884401901822,
                        0.0,
                        512.3941796837896
                    ],
                    [
                        0.0,
                        891.4189959861558,
                        389.0667540599535
                    ],
                    [
                        0.0,
                        0.0,
                        1.0
                    ]
                ],
                "DISTO_PARAMS": [
                    -0.13850510317090468,
                    0.10555176576775199,
                    -0.043072622489107998,
                    0.00010588405601632491,
                    0.0008943423715019247
                ]
            }
        }
    }
}