{
    "CalibParam": {
        "EXTRI": {
            "Q_LtoI": [
                -0.007431280430773549,
                -0.00795026488338068,
                -0.7142523240272258,
                0.6998036774561491
            ],
            "EULER_LtoI": [
                178.7532676147818,
                -179.97068572650915,
                88.82883964662699
            ],
            "POS_LinI": [
                0.00858604371592798,
                -0.017024019946125767,
                0.032711796314107598
            ],
            "Q_CtoI": [
                -0.009720262727436169,
                -0.7094960490762532,
                0.7042359909494694,
                -0.0239278475654534
            ],
            "EULER_CtoI": [
                90.39876369420665,
                1.1610471614036589,
                -177.27717179423395
            ],
            "POS_CinI": [
                -0.0029204111073310448,
                -0.19839159923038089,
                0.38309067690511836
            ],
            "GRAVITY_REFINE": [
                0.036420007634629169,
                0.030425287134133329
            ]
        },
        "TEMPORAL": {
            "TIME_OFFSET_LtoI": 0.005194659712792617,
            "TIME_OFFSET_CtoI": 0.0,
            "TIME_READOUT": 0.0
        },
        "INTRI": {
            "IMU": {
                "ACCE": {
                    "BIAS": [
                        0.03541434411934332,
                        -0.04608794822367626,
                        0.03748518830312082
                    ],
                    "MAP_COEFF": [
                        1.0,
                        1.0,
                        1.0,
                        0.0,
                        0.0,
                        0.0
                    ]
                },
                "GYRO": {
                    "BIAS": [
                        0.0005545501618978684,
                        0.0019773707435437714,
                        -0.001669175694381382
                    ],
                    "MAP_COEFF": [
                        1.0,
                        1.0,
                        1.0,
                        0.0,
                        0.0,
                        0.0
                    ]
                },
                "Q_AtoG": [
                    0.0,
                    0.0,
                    0.0,
                    1.0
                ],
                "EULER_AtoG": [
                    -0.0,
                    0.0,
                    -0.0
                ]
            },
            "CAMERA": {
                "K": [
                    [
                        891.3804360297227,
                        0.0,
                        512.3879806522524
                    ],
                    [
                        0.0,
                        894.1853690153843,
                        389.0309820011593
                    ],
                    [
                        0.0,
                        0.0,
                        1.0
                    ]
                ],
                "DISTO_PARAMS": [
                    -0.13442780238819089,
                    0.09333272838837222,
                    -0.03652894575647583,
                    -0.0000011956744043555342,
                    0.00031375151416098134
                ]
            }
        }
    }
}