{
    "CalibParam": {
        "EXTRI": {
            "Q_LtoI": [
                -0.007606414890308003,
                -0.006936418297690344,
                -0.7155632664817703,
                0.6984720754730679
            ],
            "EULER_LtoI": [
                178.82233733523308,
                179.93147691276566,
                88.61572410522796
            ],
            "POS_LinI": [
                0.01608713293672968,
                0.007912505814974679,
                0.3237980287180744
            ],
            "Q_CtoI": [
                -0.010863393000694735,
                -0.7078008935557778,
                0.7059914343920257,
                -0.021816881978068148
            ],
            "EULER_CtoI": [
                90.12607959883249,
                0.8907040566788708,
                -177.3526300371778
            ],
            "POS_CinI": [
                0.011788620227930376,
                -0.1762122195817185,
                0.377956812297415
            ],
            "GRAVITY_REFINE": [
                0.03644592113193543,
                0.031070795193397006
            ]
        },
        "TEMPORAL": {
            "TIME_OFFSET_LtoI": 0.005355324509108862,
            "TIME_OFFSET_CtoI": 0.0,
            "TIME_READOUT": 0.0
        },
        "INTRI": {
            "IMU": {
                "ACCE": {
                    "BIAS": [
                        0.017207629007916168,
                        -0.044840293260229067,
                        0.03689885998226091
                    ],
                    "MAP_COEFF": [
                        1.0,
                        1.0,
                        1.0,
                        0.0,
                        0.0,
                        0.0
                    ]
                },
                "GYRO": {
                    "BIAS": [
                        0.0010861151215097063,
                        0.001345363646102229,
                        -0.0018643188099622154
                    ],
                    "MAP_COEFF": [
                        1.0,
                        1.0,
                        1.0,
                        0.0,
                        0.0,
                        0.0
                    ]
                },
                "Q_AtoG": [
                    0.0,
                    0.0,
                    0.0,
                    1.0
                ],
                "EULER_AtoG": [
                    -0.0,
                    0.0,
                    -0.0
                ]
            },
            "CAMERA": {
                "K": [
                    [
                        890.8843021308652,
                        0.0,
                        512.7830158382463
                    ],
                    [
                        0.0,
                        893.4240279672309,
                        388.9381532196564
                    ],
                    [
                        0.0,
                        0.0,
                        1.0
                    ]
                ],
                "DISTO_PARAMS": [
                    -0.13442780238819089,
                    0.09333272838837222,
                    -0.03652894575647583,
                    -0.0000011956744043555342,
                    0.00031375151416098134
                ]
            }
        }
    }
}