{
    "CalibParam": {
        "EXTRI": {
            "Q_LtoI": [
                -0.0074347331518122348,
                -0.005823794865971171,
                -0.7165112001475149,
                0.6975116545402581
            ],
            "EULER_LtoI": [
                178.9275142507125,
                179.85505243454876,
                88.46173757089771
            ],
            "POS_LinI": [
                0.014667353529766843,
                0.0016592142013476578,
                0.3874420377021284
            ],
            "Q_CtoI": [
                -0.009331636118794939,
                -0.7078142811041931,
                0.7059928534469189,
                -0.022044385094124095
            ],
            "EULER_CtoI": [
                90.12471156893102,
                1.0331289313791539,
                -177.45845997814596
            ],
            "POS_CinI": [
                0.02229244979306207,
                -0.16351371083023207,
                0.22072744710935869
            ],
            "GRAVITY_REFINE": [
                0.036529374850950268,
                0.03129130943477559
            ]
        },
        "TEMPORAL": {
            "TIME_OFFSET_LtoI": 0.00569727119262929,
            "TIME_OFFSET_CtoI": 0.006443604132265261,
            "TIME_READOUT": 0.0
        },
        "INTRI": {
            "IMU": {
                "ACCE": {
                    "BIAS": [
                        0.019179739243964684,
                        -0.04283011322301307,
                        0.053550111961661438
                    ],
                    "MAP_COEFF": [
                        1.000643112461553,
                        0.9980991074973261,
                        0.9983566169612428,
                        -0.00045429070560516153,
                        -0.0014981418512879509,
                        0.002012537570015426
                    ]
                },
                "GYRO": {
                    "BIAS": [
                        0.0013106487705929107,
                        0.0010562360580558129,
                        0.000033393740711812259
                    ],
                    "MAP_COEFF": [
                        0.9966253985409876,
                        0.9977615445184813,
                        1.0040519989798494,
                        -0.0000510755210642269,
                        0.0008678386557564157,
                        0.0005671370614623351
                    ]
                },
                "Q_AtoG": [
                    -0.00046218577456538795,
                    -0.0007034176646468767,
                    -0.0004397575601104472,
                    0.9999995491004919
                ],
                "EULER_AtoG": [
                    179.9470019284621,
                    -179.91941757363944,
                    179.9495702071077
                ]
            },
            "CAMERA": {
                "K": [
                    [
                        892.2132285917578,
                        0.0,
                        512.4138387444488
                    ],
                    [
                        0.0,
                        891.2981184123198,
                        389.04902889958717
                    ],
                    [
                        0.0,
                        0.0,
                        1.0
                    ]
                ],
                "DISTO_PARAMS": [
                    -0.13779635344089295,
                    0.10260270156094438,
                    -0.03914256148422303,
                    0.00009811029229627492,
                    0.0008784975723674115
                ]
            }
        }
    }
}