{
    "CalibParam": {
        "EXTRI": {
            "Q_LtoI": [
                -0.023886258645866726,
                0.02408666139389745,
                -0.6764412288144432,
                0.7357149878525002
            ],
            "EULER_LtoI": [
                179.85295403754356,
                176.1148253802373,
                94.81202485397229
            ],
            "POS_LinI": [
                0.0,
                0.0,
                0.0
            ],
            "Q_CtoI": [
                -0.01289819616099546,
                -0.7071965170214002,
                0.7064808963662554,
                -0.024320072329771949
            ],
            "EULER_CtoI": [
                90.03361148429343,
                0.9267126932406049,
                -176.984085522641
            ],
            "POS_CinI": [
                0.0,
                0.0,
                0.0
            ],
            "GRAVITY_REFINE": [
                0.0,
                0.0
            ]
        },
        "TEMPORAL": {
            "TIME_OFFSET_LtoI": 0.0,
            "TIME_OFFSET_CtoI": 0.0,
            "TIME_READOUT": 0.0
        },
        "INTRI": {
            "IMU": {
                "ACCE": {
                    "BIAS": [
                        0.0,
                        0.0,
                        0.0
                    ],
                    "MAP_COEFF": [
                        1.0,
                        1.0,
                        1.0,
                        0.0,
                        0.0,
                        0.0
                    ]
                },
                "GYRO": {
                    "BIAS": [
                        0.0,
                        0.0,
                        0.0
                    ],
                    "MAP_COEFF": [
                        1.0,
                        1.0,
                        1.0,
                        0.0,
                        0.0,
                        0.0
                    ]
                },
                "Q_AtoG": [
                    0.0,
                    0.0,
                    0.0,
                    1.0
                ],
                "EULER_AtoG": [
                    -0.0,
                    0.0,
                    -0.0
                ]
            },
            "CAMERA": {
                "K": [
                    [
                        890.5882788985786,
                        0.0,
                        510.0231061488989
                    ],
                    [
                        0.0,
                        890.5882788985786,
                        390.1718127566457
                    ],
                    [
                        0.0,
                        0.0,
                        1.0
                    ]
                ],
                "DISTO_PARAMS": [
                    -0.13442780238819089,
                    0.09333272838837222,
                    -0.03652894575647583,
                    -0.0000011956744043555342,
                    0.00031375151416098134
                ]
            }
        }
    }
}