{
    "CalibParam": {
        "EXTRI": {
            "Q_LtoI": [
                -0.007409843393331623,
                -0.00524634307600552,
                -0.7163823796012186,
                0.6976488058486955
            ],
            "EULER_LtoI": [
                178.97688311717878,
                179.8111325707168,
                88.48362656791214
            ],
            "POS_LinI": [
                0.015421214626319303,
                0.0014609299840352994,
                0.3871920229840905
            ],
            "Q_CtoI": [
                -0.008906368274954748,
                -0.708094846822301,
                0.7057202474068145,
                -0.021938480073096537
            ],
            "EULER_CtoI": [
                90.16935377890474,
                1.059931565340287,
                -177.50194781545538
            ],
            "POS_CinI": [
                0.022487562603721989,
                -0.1635829828949167,
                0.21848552726647109
            ],
            "GRAVITY_REFINE": [
                0.03651245752933504,
                0.0312911456887307
            ]
        },
        "TEMPORAL": {
            "TIME_OFFSET_LtoI": 0.005696197196043144,
            "TIME_OFFSET_CtoI": 0.006447718875431633,
            "TIME_READOUT": 0.0
        },
        "INTRI": {
            "IMU": {
                "ACCE": {
                    "BIAS": [
                        -0.002662721762737685,
                        -0.044271200157925526,
                        0.06263331273070497
                    ],
                    "MAP_COEFF": [
                        1.0016426220497173,
                        0.9981405236009124,
                        0.9974333244620709,
                        -0.000642113287573306,
                        -0.00005987682790536004,
                        0.002999235609459374
                    ]
                },
                "GYRO": {
                    "BIAS": [
                        0.001298527853220629,
                        0.0010459842109753046,
                        0.00004327740141764316
                    ],
                    "MAP_COEFF": [
                        0.996489977464659,
                        0.9976084440603976,
                        1.0040561398650796,
                        -0.00019863733795291927,
                        0.0008801330763054811,
                        0.0005409772490881531
                    ]
                },
                "Q_AtoG": [
                    -0.0009128943451052743,
                    -0.0010953037202034628,
                    -0.0006891551562752234,
                    0.9999987459986367
                ],
                "EULER_AtoG": [
                    179.89530333813839,
                    -179.87455958878798,
                    179.92091394090205
                ]
            },
            "CAMERA": {
                "K": [
                    [
                        892.0845300826761,
                        0.0,
                        512.4442036529659
                    ],
                    [
                        0.0,
                        891.106031222206,
                        389.05084250556157
                    ],
                    [
                        0.0,
                        0.0,
                        1.0
                    ]
                ],
                "DISTO_PARAMS": [
                    -0.13710653641181676,
                    0.10021076482023168,
                    -0.036301249187846929,
                    0.000054134077042848578,
                    0.0008828025522268569
                ]
            }
        }
    }
}