{
    "CalibParam": {
        "EXTRI": {
            "Q_LtoI": [
                -0.007715127579820631,
                -0.0068766760787634709,
                -0.7165070694832407,
                0.6975032670268101
            ],
            "EULER_LtoI": [
                178.818646376261,
                179.91618318644118,
                88.4608865146475
            ],
            "POS_LinI": [
                0.014571527739164829,
                0.0025892079751445929,
                0.3819377201489029
            ],
            "Q_CtoI": [
                -0.012317854226111034,
                -0.7074197310006907,
                0.7064358240831862,
                -0.018815448708031716
            ],
            "EULER_CtoI": [
                90.0681167444674,
                0.5281194269818156,
                -177.4773990237246
            ],
            "POS_CinI": [
                0.04085026291899568,
                -0.155446773236925,
                0.4097997324652658
            ],
            "GRAVITY_REFINE": [
                0.036493919337244048,
                0.03126008353617988
            ]
        },
        "TEMPORAL": {
            "TIME_OFFSET_LtoI": 0.00539541019526221,
            "TIME_OFFSET_CtoI": 0.0,
            "TIME_READOUT": 0.0
        },
        "INTRI": {
            "IMU": {
                "ACCE": {
                    "BIAS": [
                        0.015866496698692033,
                        -0.0422045932975108,
                        0.03698759256535494
                    ],
                    "MAP_COEFF": [
                        1.0,
                        1.0,
                        1.0,
                        0.0,
                        0.0,
                        0.0
                    ]
                },
                "GYRO": {
                    "BIAS": [
                        0.0012010520212671877,
                        0.001294389568730892,
                        -0.0018719491326583329
                    ],
                    "MAP_COEFF": [
                        1.0,
                        1.0,
                        1.0,
                        0.0,
                        0.0,
                        0.0
                    ]
                },
                "Q_AtoG": [
                    0.0,
                    0.0,
                    0.0,
                    1.0
                ],
                "EULER_AtoG": [
                    -0.0,
                    0.0,
                    -0.0
                ]
            },
            "CAMERA": {
                "K": [
                    [
                        890.8908702922975,
                        0.0,
                        512.6908910013536
                    ],
                    [
                        0.0,
                        893.5651437953476,
                        388.9734476446936
                    ],
                    [
                        0.0,
                        0.0,
                        1.0
                    ]
                ],
                "DISTO_PARAMS": [
                    -0.13442780238819089,
                    0.09333272838837222,
                    -0.03652894575647583,
                    -0.0000011956744043555342,
                    0.00031375151416098134
                ]
            }
        }
    }
}