{
    "CalibParam": {
        "EXTRI": {
            "Q_LtoI": [
                -0.007895371498220797,
                -0.005700449276612714,
                -0.716182083247761,
                0.6978455356465692
            ],
            "EULER_LtoI": [
                178.90072869450214,
                179.80788797664784,
                88.51594851657656
            ],
            "POS_LinI": [
                0.014402801164275406,
                0.003263630855366767,
                0.3917020583617771
            ],
            "Q_CtoI": [
                0.009499341318450797,
                0.7083380528999309,
                -0.7054783886857757,
                0.021615004644271613
            ],
            "EULER_CtoI": [
                90.21008191520729,
                0.9865847072051946,
                -177.48035982113169
            ],
            "POS_CinI": [
                0.027304267781534644,
                -0.16515271142146993,
                0.2132653461583013
            ],
            "GRAVITY_REFINE": [
                0.0008523283874228706,
                0.2315310751698861
            ]
        },
        "TEMPORAL": {
            "TIME_OFFSET_LtoI": 0.00574651903317095,
            "TIME_OFFSET_CtoI": 0.012797248408027313,
            "TIME_READOUT": 0.0
        },
        "INTRI": {
            "IMU": {
                "ACCE": {
                    "BIAS": [
                        0.02290050591248471,
                        -0.03861371674298654,
                        0.06682513880475466
                    ],
                    "MAP_COEFF": [
                        1.002078207713673,
                        1.0024479088984258,
                        0.9977152971489716,
                        0.0021355122115988896,
                        -0.0008961165282480876,
                        0.002454420270505947
                    ]
                },
                "GYRO": {
                    "BIAS": [
                        0.0013306525213680815,
                        0.0006300743920247726,
                        0.00035650387973569747
                    ],
                    "MAP_COEFF": [
                        1.0013471885720474,
                        1.0001715493973443,
                        1.005232464632159,
                        -0.00013156122049270578,
                        -0.00038711608703675314,
                        -0.0003305215255200328
                    ]
                },
                "Q_AtoG": [
                    -0.0007292766703439539,
                    -0.00041756544297226196,
                    -0.00032740894487530913,
                    0.9999995932989282
                ],
                "EULER_AtoG": [
                    179.91641535826373,
                    -179.95217790002426,
                    179.9624468025511
                ]
            },
            "CAMERA": {
                "K": [
                    [
                        893.4602747976966,
                        0.0,
                        509.23532964466559
                    ],
                    [
                        0.0,
                        892.423241941632,
                        391.62005896999468
                    ],
                    [
                        0.0,
                        0.0,
                        1.0
                    ]
                ],
                "DISTO_PARAMS": [
                    -0.14808987454150447,
                    0.1489426064316964,
                    -0.09348087083492794,
                    -0.00008124739567804534,
                    0.0004804172806423543
                ]
            }
        }
    }
}