{
    "CalibParam": {
        "EXTRI": {
            "Q_LtoI": [
                -0.008801543676234347,
                -0.007081131707583901,
                -0.7162124642899186,
                0.6977908686694154
            ],
            "EULER_LtoI": [
                178.71494580281786,
                179.84385434144685,
                88.50893997323856
            ],
            "POS_LinI": [
                0.015134792166916964,
                0.00505901192819158,
                0.3926263624551443
            ],
            "Q_CtoI": [
                0.010845425504316197,
                0.7060476200498146,
                -0.7077757458581102,
                0.020799724580362289
            ],
            "EULER_CtoI": [
                89.84194704164284,
                0.8032520534641328,
                -177.4344545493062
            ],
            "POS_CinI": [
                0.048789558472364328,
                -0.17896868148890478,
                0.35332334782633287
            ],
            "GRAVITY_REFINE": [
                0.0009102909587064868,
                0.23141875538504434
            ]
        },
        "TEMPORAL": {
            "TIME_OFFSET_LtoI": 0.005268458003434876,
            "TIME_OFFSET_CtoI": 0.0,
            "TIME_READOUT": 0.0
        },
        "INTRI": {
            "IMU": {
                "ACCE": {
                    "BIAS": [
                        0.01870228348619478,
                        -0.05104086204997798,
                        0.038709197414567627
                    ],
                    "MAP_COEFF": [
                        1.0,
                        1.0,
                        1.0,
                        0.0,
                        0.0,
                        0.0
                    ]
                },
                "GYRO": {
                    "BIAS": [
                        0.0014443787097973356,
                        -0.00011925663917499277,
                        0.0021085543167747918
                    ],
                    "MAP_COEFF": [
                        1.0,
                        1.0,
                        1.0,
                        0.0,
                        0.0,
                        0.0
                    ]
                },
                "Q_AtoG": [
                    0.0,
                    0.0,
                    0.0,
                    1.0
                ],
                "EULER_AtoG": [
                    -0.0,
                    0.0,
                    -0.0
                ]
            },
            "CAMERA": {
                "K": [
                    [
                        891.7339493945876,
                        0.0,
                        509.10771415138506
                    ],
                    [
                        0.0,
                        891.9802219706679,
                        391.60459563745197
                    ],
                    [
                        0.0,
                        0.0,
                        1.0
                    ]
                ],
                "DISTO_PARAMS": [
                    -0.13121522833751168,
                    0.08956582242854834,
                    -0.028948185735885137,
                    -0.0004164463488007234,
                    0.00044101093956579705
                ]
            }
        }
    }
}