{
    "CalibParam": {
        "EXTRI": {
            "Q_LtoI": [
                -0.008258505956295393,
                -0.006585664482004382,
                -0.7163100846069679,
                0.697702149052917
            ],
            "EULER_LtoI": [
                178.79906222227505,
                179.84864513410202,
                88.49368612512406
            ],
            "POS_LinI": [
                0.014258733336457606,
                0.004238129015549239,
                0.39157277016198235
            ],
            "Q_CtoI": [
                0.01011746407983399,
                0.7075101333003215,
                -0.7062982154927002,
                0.021676692316448678
            ],
            "EULER_CtoI": [
                90.07712496795797,
                0.9386078858494767,
                -177.42409584116457
            ],
            "POS_CinI": [
                0.02589089866596338,
                -0.16427777271331929,
                0.21392017823216634
            ],
            "GRAVITY_REFINE": [
                0.000888138122920358,
                0.23149024345051567
            ]
        },
        "TEMPORAL": {
            "TIME_OFFSET_LtoI": 0.005710459786682168,
            "TIME_OFFSET_CtoI": 0.012608471204922464,
            "TIME_READOUT": 0.0
        },
        "INTRI": {
            "IMU": {
                "ACCE": {
                    "BIAS": [
                        0.008712659361389154,
                        -0.057925587522922709,
                        0.04123598281073135
                    ],
                    "MAP_COEFF": [
                        1.0003283748568655,
                        1.0005795307550798,
                        1.000004650895482,
                        -0.00014124478455372071,
                        0.0011364963180651442,
                        0.002333975548652787
                    ]
                },
                "GYRO": {
                    "BIAS": [
                        0.0012140690830747829,
                        0.00048470703031546484,
                        0.00039559401084291205
                    ],
                    "MAP_COEFF": [
                        1.0008588882148005,
                        1.0002622211506319,
                        1.005179816879107,
                        -0.00040808165014040215,
                        -0.00022951009523950865,
                        -0.00010793839717742469
                    ]
                },
                "Q_AtoG": [
                    0.00007781112303986315,
                    -0.000051573160531719759,
                    -0.0002705273255227205,
                    0.9999999590503015
                ],
                "EULER_AtoG": [
                    0.008914898841411168,
                    -0.005912260794051612,
                    -0.03099968854687371
                ]
            },
            "CAMERA": {
                "K": [
                    [
                        893.5995352752634,
                        0.0,
                        509.1679535022577
                    ],
                    [
                        0.0,
                        892.4104401428253,
                        391.5497181357913
                    ],
                    [
                        0.0,
                        0.0,
                        1.0
                    ]
                ],
                "DISTO_PARAMS": [
                    -0.14887025251851883,
                    0.15090282614488324,
                    -0.09328731932504425,
                    -0.00019928878803125618,
                    0.0005634213652998333
                ]
            }
        }
    }
}