{
    "CalibParam": {
        "EXTRI": {
            "Q_LtoI": [
                -0.008661805223924416,
                -0.007055260574692215,
                -0.7164147999094545,
                0.6975851424014007
            ],
            "EULER_LtoI": [
                178.72828722994908,
                179.85288713716273,
                88.47575407610143
            ],
            "POS_LinI": [
                0.014291294935828607,
                0.004656244540598562,
                0.3912998493741815
            ],
            "Q_CtoI": [
                0.011110782509750778,
                0.7060210525470185,
                -0.7078023410244483,
                0.02065598975434934
            ],
            "EULER_CtoI": [
                89.83831667793315,
                0.770001191953183,
                -177.42462344536
            ],
            "POS_CinI": [
                0.046367938950785388,
                -0.17961230114751207,
                0.35088218489037045
            ],
            "GRAVITY_REFINE": [
                0.0007482155596542331,
                0.23143229962786053
            ]
        },
        "TEMPORAL": {
            "TIME_OFFSET_LtoI": 0.005268458003434876,
            "TIME_OFFSET_CtoI": 0.0,
            "TIME_READOUT": 0.0
        },
        "INTRI": {
            "IMU": {
                "ACCE": {
                    "BIAS": [
                        0.022657091865237939,
                        -0.04879697454101884,
                        0.03877322052471205
                    ],
                    "MAP_COEFF": [
                        1.0,
                        1.0,
                        1.0,
                        0.0,
                        0.0,
                        0.0
                    ]
                },
                "GYRO": {
                    "BIAS": [
                        0.0015238881357252104,
                        -0.00006536982767316903,
                        0.0021109158906948935
                    ],
                    "MAP_COEFF": [
                        1.0,
                        1.0,
                        1.0,
                        0.0,
                        0.0,
                        0.0
                    ]
                },
                "Q_AtoG": [
                    0.0,
                    0.0,
                    0.0,
                    1.0
                ],
                "EULER_AtoG": [
                    -0.0,
                    0.0,
                    -0.0
                ]
            },
            "CAMERA": {
                "K": [
                    [
                        891.7339493945876,
                        0.0,
                        509.10771415138506
                    ],
                    [
                        0.0,
                        891.9802219706679,
                        391.60459563745197
                    ],
                    [
                        0.0,
                        0.0,
                        1.0
                    ]
                ],
                "DISTO_PARAMS": [
                    -0.13121522833751168,
                    0.08956582242854834,
                    -0.028948185735885137,
                    -0.0004164463488007234,
                    0.00044101093956579705
                ]
            }
        }
    }
}