{
    "CalibParam": {
        "EXTRI": {
            "Q_LtoI": [
                0.0575787644753234,
                0.044055914330987159,
                -0.7126425452898885,
                0.6977709974889365
            ],
            "EULER_LtoI": [
                8.231678750162255,
                -1.1794754401732062,
                -91.12334402040384
            ],
            "POS_LinI": [
                0.0,
                0.0,
                0.0
            ],
            "Q_CtoI": [
                0.009361239705566304,
                0.7027992212368336,
                -0.7108897921912661,
                0.02492639521338227
            ],
            "EULER_CtoI": [
                89.31391991854447,
                1.2449566474835357,
                -177.21378520786264
            ],
            "POS_CinI": [
                0.0,
                0.0,
                0.0
            ],
            "GRAVITY_REFINE": [
                0.0,
                0.0
            ]
        },
        "TEMPORAL": {
            "TIME_OFFSET_LtoI": 0.0,
            "TIME_OFFSET_CtoI": 0.0,
            "TIME_READOUT": 0.0
        },
        "INTRI": {
            "IMU": {
                "ACCE": {
                    "BIAS": [
                        0.0,
                        0.0,
                        0.0
                    ],
                    "MAP_COEFF": [
                        1.0,
                        1.0,
                        1.0,
                        0.0,
                        0.0,
                        0.0
                    ]
                },
                "GYRO": {
                    "BIAS": [
                        0.0,
                        0.0,
                        0.0
                    ],
                    "MAP_COEFF": [
                        1.0,
                        1.0,
                        1.0,
                        0.0,
                        0.0,
                        0.0
                    ]
                },
                "Q_AtoG": [
                    0.0,
                    0.0,
                    0.0,
                    1.0
                ],
                "EULER_AtoG": [
                    -0.0,
                    0.0,
                    -0.0
                ]
            },
            "CAMERA": {
                "K": [
                    [
                        890.4819606943507,
                        0.0,
                        510.11914559562566
                    ],
                    [
                        0.0,
                        890.4819606943507,
                        389.85432942078196
                    ],
                    [
                        0.0,
                        0.0,
                        1.0
                    ]
                ],
                "DISTO_PARAMS": [
                    -0.13121522833751168,
                    0.08956582242854834,
                    -0.028948185735885137,
                    -0.0004164463488007234,
                    0.00044101093956579705
                ]
            }
        }
    }
}