{
    "CalibParam": {
        "EXTRI": {
            "Q_LtoI": [
                -0.008755799058054319,
                -0.007097525932490896,
                -0.7160891206635054,
                0.6979178550344305
            ],
            "EULER_LtoI": [
                178.7172318870824,
                179.84914664178334,
                88.52916488030533
            ],
            "POS_LinI": [
                0.015101824112971178,
                0.005052901124226637,
                0.3926261903560603
            ],
            "Q_CtoI": [
                0.01081858249761905,
                0.7059988010915089,
                -0.7078231035729055,
                0.020859174924102876
            ],
            "EULER_CtoI": [
                89.83397998352265,
                0.8100643873453751,
                -177.43174465208939
            ],
            "POS_CinI": [
                0.048110372522585698,
                -0.178648167133504,
                0.3521439338077608
            ],
            "GRAVITY_REFINE": [
                0.0009041079220282846,
                0.231422287250974
            ]
        },
        "TEMPORAL": {
            "TIME_OFFSET_LtoI": 0.005268458003434876,
            "TIME_OFFSET_CtoI": 0.0,
            "TIME_READOUT": 0.0
        },
        "INTRI": {
            "IMU": {
                "ACCE": {
                    "BIAS": [
                        0.018869571724112519,
                        -0.051009258945189549,
                        0.03869651493034332
                    ],
                    "MAP_COEFF": [
                        1.0,
                        1.0,
                        1.0,
                        0.0,
                        0.0,
                        0.0
                    ]
                },
                "GYRO": {
                    "BIAS": [
                        0.001448920608753324,
                        -0.0001135778804016529,
                        0.002109613683838025
                    ],
                    "MAP_COEFF": [
                        1.0,
                        1.0,
                        1.0,
                        0.0,
                        0.0,
                        0.0
                    ]
                },
                "Q_AtoG": [
                    0.0,
                    0.0,
                    0.0,
                    1.0
                ],
                "EULER_AtoG": [
                    -0.0,
                    0.0,
                    -0.0
                ]
            },
            "CAMERA": {
                "K": [
                    [
                        891.7339493945876,
                        0.0,
                        509.10771415138506
                    ],
                    [
                        0.0,
                        891.9802219706679,
                        391.60459563745197
                    ],
                    [
                        0.0,
                        0.0,
                        1.0
                    ]
                ],
                "DISTO_PARAMS": [
                    -0.13121522833751168,
                    0.08956582242854834,
                    -0.028948185735885137,
                    -0.0004164463488007234,
                    0.00044101093956579705
                ]
            }
        }
    }
}