{
    "CalibParam": {
        "EXTRI": {
            "Q_LtoI": [
                -0.007103397355468332,
                -0.0055488387510455789,
                -0.7157542145475984,
                0.6982941045804956
            ],
            "EULER_LtoI": [
                178.97642620026648,
                179.86139390191867,
                88.58637871902183
            ],
            "POS_LinI": [
                0.013537457422424595,
                0.0018675153281585455,
                0.39096362835987139
            ],
            "Q_CtoI": [
                0.00926842404960847,
                0.7089442953575825,
                -0.7048487831642047,
                0.022366834096879313
            ],
            "EULER_CtoI": [
                90.30806772256736,
                1.0685138634442422,
                -177.43918159875202
            ],
            "POS_CinI": [
                0.02340413365264684,
                -0.1672365672450927,
                0.21220665495606506
            ],
            "GRAVITY_REFINE": [
                0.000786409313877811,
                0.2317085999737237
            ]
        },
        "TEMPORAL": {
            "TIME_OFFSET_LtoI": 0.005822071022370998,
            "TIME_OFFSET_CtoI": 0.012928495387636343,
            "TIME_READOUT": 0.0
        },
        "INTRI": {
            "IMU": {
                "ACCE": {
                    "BIAS": [
                        0.02853033330060864,
                        -0.04039892411783015,
                        0.08839802801498896
                    ],
                    "MAP_COEFF": [
                        1.0028639640195508,
                        1.003514720498109,
                        0.9955811327533044,
                        0.004220124250725607,
                        -0.0005961351796661704,
                        0.004033600609087545
                    ]
                },
                "GYRO": {
                    "BIAS": [
                        0.0013621420906650265,
                        0.0006544168255098387,
                        0.00022606358381422974
                    ],
                    "MAP_COEFF": [
                        1.001486821884797,
                        1.0003816646727,
                        1.0055091882798615,
                        -0.0011681990236114128,
                        -0.0008319405621151732,
                        -0.00026658980963802906
                    ]
                },
                "Q_AtoG": [
                    -0.0012142354071032532,
                    0.00001224052139011467,
                    -0.0010437484614646467,
                    0.9999987180350258
                ],
                "EULER_AtoG": [
                    179.86086037726424,
                    179.99845211302998,
                    179.8803970061531
                ]
            },
            "CAMERA": {
                "K": [
                    [
                        893.0729532157543,
                        0.0,
                        509.4008894400697
                    ],
                    [
                        0.0,
                        891.562222944226,
                        392.092568281754
                    ],
                    [
                        0.0,
                        0.0,
                        1.0
                    ]
                ],
                "DISTO_PARAMS": [
                    -0.14304252339838154,
                    0.12671833033027508,
                    -0.06647801083522605,
                    0.0001476275361079452,
                    0.000520246787265264
                ]
            }
        }
    }
}