{
    "CalibParam": {
        "EXTRI": {
            "Q_LtoI": [
                -0.007430081875277383,
                -0.005571280687888906,
                -0.7158600980647406,
                0.6981819782216979
            ],
            "EULER_LtoI": [
                178.9484666691922,
                179.8362333855046,
                88.56897276204274
            ],
            "POS_LinI": [
                0.013594870060545826,
                0.0023171558493920248,
                0.39079312348938785
            ],
            "Q_CtoI": [
                0.009267684317965103,
                0.7088490010122182,
                -0.7049538094897894,
                0.022075558366593256
            ],
            "EULER_CtoI": [
                90.29257878902183,
                1.0445539780408862,
                -177.4626503317502
            ],
            "POS_CinI": [
                0.025153406256921426,
                -0.1671434694422222,
                0.21340057472911018
            ],
            "GRAVITY_REFINE": [
                0.0008823121225192006,
                0.23164325541633594
            ]
        },
        "TEMPORAL": {
            "TIME_OFFSET_LtoI": 0.005812551303722341,
            "TIME_OFFSET_CtoI": 0.012900691925585566,
            "TIME_READOUT": 0.0
        },
        "INTRI": {
            "IMU": {
                "ACCE": {
                    "BIAS": [
                        0.025020112424051917,
                        -0.034528084225807848,
                        0.08950113404219445
                    ],
                    "MAP_COEFF": [
                        1.0028274582526269,
                        1.0024771287962602,
                        0.9954252609060887,
                        0.004119722016246706,
                        -0.0005907461066813474,
                        0.0027515707358183804
                    ]
                },
                "GYRO": {
                    "BIAS": [
                        0.0013683036180712474,
                        0.000669329240583852,
                        0.00023575721743212223
                    ],
                    "MAP_COEFF": [
                        1.0014308948992384,
                        1.0002336996073125,
                        1.00550382098156,
                        -0.0005751169806579233,
                        -0.0006229462399469781,
                        -0.0003097925854292399
                    ]
                },
                "Q_AtoG": [
                    -0.001014055923893052,
                    -0.0002552069571135461,
                    -0.0007350446229356217,
                    0.9999991831343638
                ],
                "EULER_AtoG": [
                    179.8837762548476,
                    -179.9708408733787,
                    179.91574046260329
                ]
            },
            "CAMERA": {
                "K": [
                    [
                        893.2282532266082,
                        0.0,
                        509.36923120678036
                    ],
                    [
                        0.0,
                        891.8271364915282,
                        392.0128879667518
                    ],
                    [
                        0.0,
                        0.0,
                        1.0
                    ]
                ],
                "DISTO_PARAMS": [
                    -0.14584409180214226,
                    0.13749711798382809,
                    -0.07907420559581952,
                    0.00016422865061480792,
                    0.0005137851564588047
                ]
            }
        }
    }
}