{
    "CalibParam": {
        "EXTRI": {
            "Q_LtoI": [
                -0.007280303572308841,
                -0.0055236190393227698,
                -0.7158052769947041,
                0.6982401393783794
            ],
            "EULER_LtoI": [
                178.964348861808,
                179.8447893035269,
                88.57803056090171
            ],
            "POS_LinI": [
                0.013582690139014232,
                0.002092067856572012,
                0.3909464101563827
            ],
            "Q_CtoI": [
                0.009253081423873862,
                0.7088926284370872,
                -0.7049062308732218,
                0.022199718643018553
            ],
            "EULER_CtoI": [
                90.29963792460717,
                1.0559822829366046,
                -177.45386197717068
            ],
            "POS_CinI": [
                0.023758695474949164,
                -0.1670121135395484,
                0.21248604871375458
            ],
            "GRAVITY_REFINE": [
                0.0008140214480177378,
                0.23169259833545076
            ]
        },
        "TEMPORAL": {
            "TIME_OFFSET_LtoI": 0.005819501859049988,
            "TIME_OFFSET_CtoI": 0.012924332689961385,
            "TIME_READOUT": 0.0
        },
        "INTRI": {
            "IMU": {
                "ACCE": {
                    "BIAS": [
                        0.03008251303889043,
                        -0.04213477977199244,
                        0.08858676947262306
                    ],
                    "MAP_COEFF": [
                        1.0027435930633658,
                        1.0032566034363264,
                        0.9955594186712752,
                        0.004156913468507277,
                        -0.0010053440246289112,
                        0.003981468063407005
                    ]
                },
                "GYRO": {
                    "BIAS": [
                        0.0013594485667829905,
                        0.000651239467786524,
                        0.0002264442879477511
                    ],
                    "MAP_COEFF": [
                        1.001480953798324,
                        1.0003669794312258,
                        1.0055154366486308,
                        -0.001117711864528572,
                        -0.0008059854182024828,
                        -0.00024361286702063748
                    ]
                },
                "Q_AtoG": [
                    -0.001113835169730058,
                    -0.0001367251615595229,
                    -0.0009581431360801152,
                    0.9999989113189952
                ],
                "EULER_AtoG": [
                    179.87234890830104,
                    -179.9844547611064,
                    179.89018748145953
                ]
            },
            "CAMERA": {
                "K": [
                    [
                        893.1566326534428,
                        0.0,
                        509.3902864983254
                    ],
                    [
                        0.0,
                        891.6954821107847,
                        392.0438664345111
                    ],
                    [
                        0.0,
                        0.0,
                        1.0
                    ]
                ],
                "DISTO_PARAMS": [
                    -0.1443717628014944,
                    0.13181118240146492,
                    -0.07255463821121663,
                    0.0001491928116735288,
                    0.0005170944148499175
                ]
            }
        }
    }
}