{
    "CalibParam": {
        "EXTRI": {
            "Q_LtoI": [
                -0.008296306209909926,
                -0.006670863759596369,
                -0.7163405654199222,
                0.6976695960222422
            ],
            "EULER_LtoI": [
                178.78905223966826,
                179.8523002713558,
                88.4885511281845
            ],
            "POS_LinI": [
                0.014233789455711764,
                0.004325347745131473,
                0.3915346333187233
            ],
            "Q_CtoI": [
                0.010255501921704729,
                0.7074486514586841,
                -0.7063593734477814,
                0.02162558142758276
            ],
            "EULER_CtoI": [
                90.06747681808203,
                0.9230655991018855,
                -177.41696506247815
            ],
            "POS_CinI": [
                0.025968245304046738,
                -0.16402940486040924,
                0.21469823210594395
            ],
            "GRAVITY_REFINE": [
                0.0008906567541456284,
                0.2314757967798436
            ]
        },
        "TEMPORAL": {
            "TIME_OFFSET_LtoI": 0.005693260753555515,
            "TIME_OFFSET_CtoI": 0.012543538140158482,
            "TIME_READOUT": 0.0
        },
        "INTRI": {
            "IMU": {
                "ACCE": {
                    "BIAS": [
                        0.009363776340956478,
                        -0.05341496590935946,
                        0.041364933734187907
                    ],
                    "MAP_COEFF": [
                        1.0002443292911257,
                        1.0004772074104998,
                        0.9999467368637296,
                        -0.00025356072205165887,
                        0.0011321861680348572,
                        0.0016561995149009977
                    ]
                },
                "GYRO": {
                    "BIAS": [
                        0.0011850854448149516,
                        0.0004253843370030018,
                        0.0004152686593907862
                    ],
                    "MAP_COEFF": [
                        1.000518248028803,
                        1.0001997494285589,
                        1.0051535165369457,
                        -0.000635819982476005,
                        -0.00011175291265061419,
                        -0.0000977863073749571
                    ]
                },
                "Q_AtoG": [
                    0.00011168838614864184,
                    -0.00003639966534773068,
                    -0.00037112915916714056,
                    0.9999999242319552
                ],
                "EULER_AtoG": [
                    0.012796997449795032,
                    -0.0041758440016129529,
                    -0.04252780388190813
                ]
            },
            "CAMERA": {
                "K": [
                    [
                        893.6472770127152,
                        0.0,
                        509.1588395995819
                    ],
                    [
                        0.0,
                        892.4157244457969,
                        391.54283021018235
                    ],
                    [
                        0.0,
                        0.0,
                        1.0
                    ]
                ],
                "DISTO_PARAMS": [
                    -0.14910311273826119,
                    0.1513556719185151,
                    -0.09273510964828918,
                    -0.00023659737839597142,
                    0.0005592647025155435
                ]
            }
        }
    }
}