{
    "CalibParam": {
        "EXTRI": {
            "Q_LtoI": [
                -0.009809070143921925,
                -0.0057605381355870749,
                -0.7144261276820726,
                0.6996184005788434
            ],
            "EULER_LtoI": [
                178.74188072353474,
                179.65878127347637,
                88.80379944069265
            ],
            "POS_LinI": [
                0.019829505478984767,
                -0.005394320603287636,
                0.1528362610722745
            ],
            "Q_CtoI": [
                0.014441120680972159,
                0.7043105069704276,
                -0.7095967341897884,
                0.014513394906902545
            ],
            "EULER_CtoI": [
                89.57163399050525,
                -0.002914699160380181,
                -177.65369050506718
            ],
            "POS_CinI": [
                0.08503018173640348,
                -0.19125380323096267,
                0.2778544798042748
            ],
            "GRAVITY_REFINE": [
                -0.003100024534880214,
                0.2437088529853891
            ]
        },
        "TEMPORAL": {
            "TIME_OFFSET_LtoI": 0.006440851254811307,
            "TIME_OFFSET_CtoI": 0.0,
            "TIME_READOUT": 0.0
        },
        "INTRI": {
            "IMU": {
                "ACCE": {
                    "BIAS": [
                        -0.020232845881945996,
                        0.03905796931384793,
                        0.062358240038073237
                    ],
                    "MAP_COEFF": [
                        1.0,
                        1.0,
                        1.0,
                        0.0,
                        0.0,
                        0.0
                    ]
                },
                "GYRO": {
                    "BIAS": [
                        0.00003461433906495733,
                        0.002169984191330934,
                        0.0026050977904950426
                    ],
                    "MAP_COEFF": [
                        1.0,
                        1.0,
                        1.0,
                        0.0,
                        0.0,
                        0.0
                    ]
                },
                "Q_AtoG": [
                    0.0,
                    0.0,
                    0.0,
                    1.0
                ],
                "EULER_AtoG": [
                    -0.0,
                    0.0,
                    -0.0
                ]
            },
            "CAMERA": {
                "K": [
                    [
                        891.5864097999119,
                        0.0,
                        511.4335756975864
                    ],
                    [
                        0.0,
                        893.7420370917898,
                        393.53718833183566
                    ],
                    [
                        0.0,
                        0.0,
                        1.0
                    ]
                ],
                "DISTO_PARAMS": [
                    -0.13121522833751168,
                    0.08956582242854834,
                    -0.028948185735885137,
                    -0.0004164463488007234,
                    0.00044101093956579705
                ]
            }
        }
    }
}