{
    "CalibParam": {
        "EXTRI": {
            "Q_LtoI": [
                -0.00758354504201564,
                -0.005436713776967748,
                -0.7160789317971175,
                0.6979569438183149
            ],
            "EULER_LtoI": [
                178.94728514626889,
                179.81254796284359,
                88.53322105523466
            ],
            "POS_LinI": [
                0.01386610292957288,
                0.0022843136273624578,
                0.3914193480996072
            ],
            "Q_CtoI": [
                0.00940243809894625,
                0.708711098409935,
                -0.7051015604373647,
                0.021724700623306945
            ],
            "EULER_CtoI": [
                90.27045881918329,
                1.0046599424932795,
                -177.4798792066374
            ],
            "POS_CinI": [
                0.027864917830512708,
                -0.16576419901646806,
                0.21357340873697074
            ],
            "GRAVITY_REFINE": [
                0.0007917429671249768,
                0.23156252658075084
            ]
        },
        "TEMPORAL": {
            "TIME_OFFSET_LtoI": 0.005758290917830803,
            "TIME_OFFSET_CtoI": 0.01284637005894048,
            "TIME_READOUT": 0.0
        },
        "INTRI": {
            "IMU": {
                "ACCE": {
                    "BIAS": [
                        0.02781331272042651,
                        -0.02931546428218599,
                        0.0865533147310807
                    ],
                    "MAP_COEFF": [
                        1.0028514633931157,
                        1.0027007973966174,
                        0.9957592466286204,
                        0.003153458665834057,
                        -0.0012102456444916745,
                        0.0023004957958297847
                    ]
                },
                "GYRO": {
                    "BIAS": [
                        0.0013686606479112909,
                        0.0006575801726897202,
                        0.00035248054870088384
                    ],
                    "MAP_COEFF": [
                        1.001174086613229,
                        1.000016627074401,
                        1.0052319388707023,
                        -0.00021306293897909074,
                        -0.00042415112938005625,
                        -0.00046786175189891203
                    ]
                },
                "Q_AtoG": [
                    -0.0011229213573810554,
                    -0.0003712391160205553,
                    -0.000505339229903753,
                    0.9999991729303612
                ],
                "EULER_AtoG": [
                    179.87130115625838,
                    -179.9575241879095,
                    179.94204464184274
                ]
            },
            "CAMERA": {
                "K": [
                    [
                        893.3235644014919,
                        0.0,
                        509.2704323170777
                    ],
                    [
                        0.0,
                        892.0032381848268,
                        391.7494741144491
                    ],
                    [
                        0.0,
                        0.0,
                        1.0
                    ]
                ],
                "DISTO_PARAMS": [
                    -0.14510110398888505,
                    0.13720766155232987,
                    -0.08010836477676517,
                    -0.00003526232310848416,
                    0.0004820844415486984
                ]
            }
        }
    }
}