{
    "CalibParam": {
        "EXTRI": {
            "Q_LtoI": [
                -0.009280675975470457,
                -0.007057979212113143,
                -0.715539332263018,
                0.6984751376874298
            ],
            "EULER_LtoI": [
                178.67833837252975,
                179.80394885090437,
                88.61944818499218
            ],
            "POS_LinI": [
                0.014316111500992954,
                0.011702140002622538,
                0.371114675659523
            ],
            "Q_CtoI": [
                0.012609754324741925,
                0.7022118758430256,
                -0.7116166881786545,
                0.018470642288035825
            ],
            "EULER_CtoI": [
                89.22766492654323,
                0.45802650989227786,
                -177.47823583926596
            ],
            "POS_CinI": [
                0.05151989770392529,
                -0.15841762634018634,
                0.29059172280668979
            ],
            "GRAVITY_REFINE": [
                0.0007414959313693713,
                0.2327272398605449
            ]
        },
        "TEMPORAL": {
            "TIME_OFFSET_LtoI": 0.005288535350383848,
            "TIME_OFFSET_CtoI": 0.0,
            "TIME_READOUT": 0.0
        },
        "INTRI": {
            "IMU": {
                "ACCE": {
                    "BIAS": [
                        0.017608254070383856,
                        -0.05464602559249719,
                        0.0380253743049577
                    ],
                    "MAP_COEFF": [
                        1.0,
                        1.0,
                        1.0,
                        0.0,
                        0.0,
                        0.0
                    ]
                },
                "GYRO": {
                    "BIAS": [
                        0.0014713028385135827,
                        -0.00012606537819316788,
                        0.0021006331487562807
                    ],
                    "MAP_COEFF": [
                        1.0,
                        1.0,
                        1.0,
                        0.0,
                        0.0,
                        0.0
                    ]
                },
                "Q_AtoG": [
                    0.0,
                    0.0,
                    0.0,
                    1.0
                ],
                "EULER_AtoG": [
                    -0.0,
                    0.0,
                    -0.0
                ]
            },
            "CAMERA": {
                "K": [
                    [
                        891.7915475210883,
                        0.0,
                        509.25553173406976
                    ],
                    [
                        0.0,
                        892.146209442518,
                        391.67206282870287
                    ],
                    [
                        0.0,
                        0.0,
                        1.0
                    ]
                ],
                "DISTO_PARAMS": [
                    -0.13121522833751168,
                    0.08956582242854834,
                    -0.028948185735885137,
                    -0.0004164463488007234,
                    0.00044101093956579705
                ]
            }
        }
    }
}