{
    "CalibParam": {
        "EXTRI": {
            "Q_LtoI": [
                -0.00735113604809539,
                -0.00553891203134158,
                -0.7158201522558482,
                0.6982240262814836
            ],
            "EULER_LtoI": [
                178.95742971018599,
                179.8401801067085,
                88.57556977209333
            ],
            "POS_LinI": [
                0.013591509390202305,
                0.0021934462430655374,
                0.3908777808769108
            ],
            "Q_CtoI": [
                0.009250070419109415,
                0.708862094458099,
                -0.704938646326988,
                0.022146605888770065
            ],
            "EULER_CtoI": [
                90.29466960059288,
                1.0517984294405967,
                -177.45835552670236
            ],
            "POS_CinI": [
                0.024033440267340494,
                -0.16702649066130607,
                0.21268935714772548
            ],
            "GRAVITY_REFINE": [
                0.0008412804535655047,
                0.23167208522714773
            ]
        },
        "TEMPORAL": {
            "TIME_OFFSET_LtoI": 0.005818639435148977,
            "TIME_OFFSET_CtoI": 0.012918715290591306,
            "TIME_READOUT": 0.0
        },
        "INTRI": {
            "IMU": {
                "ACCE": {
                    "BIAS": [
                        0.029712012079750769,
                        -0.04016901348845609,
                        0.08864257978691306
                    ],
                    "MAP_COEFF": [
                        1.0027564474568074,
                        1.0030369600316934,
                        0.9955404852316018,
                        0.004202372583583214,
                        -0.0010253241845697113,
                        0.003613791239357439
                    ]
                },
                "GYRO": {
                    "BIAS": [
                        0.001358285211741776,
                        0.0006562414154939151,
                        0.000227904451939303
                    ],
                    "MAP_COEFF": [
                        1.0014927114190707,
                        1.0003578904638602,
                        1.0055172154503243,
                        -0.000976648126894224,
                        -0.0007660502351737203,
                        -0.00023786371869644624
                    ]
                },
                "Q_AtoG": [
                    -0.0010566529291239666,
                    -0.00018807586912389298,
                    -0.0008785623601251081,
                    0.9999990381196544
                ],
                "EULER_AtoG": [
                    179.87889757662266,
                    -179.97855449258277,
                    179.8993014345092
                ]
            },
            "CAMERA": {
                "K": [
                    [
                        893.1775327829533,
                        0.0,
                        509.3841486614506
                    ],
                    [
                        0.0,
                        891.7286975689999,
                        392.03175574281456
                    ],
                    [
                        0.0,
                        0.0,
                        1.0
                    ]
                ],
                "DISTO_PARAMS": [
                    -0.14485616252571774,
                    0.1336744599209648,
                    -0.07473577207925891,
                    0.0001572451682234625,
                    0.0005161686561680717
                ]
            }
        }
    }
}