{
    "CalibParam": {
        "EXTRI": {
            "Q_LtoI": [
                -0.008081900010884474,
                -0.005989206936921448,
                -0.7162548896387425,
                0.697766254100235
            ],
            "EULER_LtoI": [
                178.86213102789848,
                179.8155492220824,
                88.50360731072765
            ],
            "POS_LinI": [
                0.014446521381717585,
                0.003672121411941143,
                0.3916842851901885
            ],
            "Q_CtoI": [
                0.009641534144303636,
                0.7080357506895962,
                -0.7057802264595475,
                0.02160297441266081
            ],
            "EULER_CtoI": [
                90.16132065590037,
                0.9730292661124976,
                -177.46937537012389
            ],
            "POS_CinI": [
                0.026856543202519645,
                -0.16491253798668424,
                0.21326795989553666
            ],
            "GRAVITY_REFINE": [
                0.0008750660589853103,
                0.2315240909273252
            ]
        },
        "TEMPORAL": {
            "TIME_OFFSET_LtoI": 0.005741538593360065,
            "TIME_OFFSET_CtoI": 0.012759264761469965,
            "TIME_READOUT": 0.0
        },
        "INTRI": {
            "IMU": {
                "ACCE": {
                    "BIAS": [
                        0.018840005232730704,
                        -0.051347084866138318,
                        0.05314639839588606
                    ],
                    "MAP_COEFF": [
                        1.0014887887028932,
                        1.0016744774581319,
                        0.9990225985140518,
                        0.0015002003002739277,
                        -0.00035525338900594164,
                        0.002991710715372758
                    ]
                },
                "GYRO": {
                    "BIAS": [
                        0.0013032929820163417,
                        0.0006172218166959423,
                        0.00036058096689960844
                    ],
                    "MAP_COEFF": [
                        1.0014506624801927,
                        1.0002901096666733,
                        1.0052236846879228,
                        -0.000022935911380484614,
                        -0.0003767472646409316,
                        -0.00024749794429734676
                    ]
                },
                "Q_AtoG": [
                    -0.0003943317612119681,
                    -0.0003358316901020038,
                    -0.00018551716190414485,
                    0.9999998486514489
                ],
                "EULER_AtoG": [
                    179.95480576132639,
                    -179.96152490897453,
                    179.97872612186615
                ]
            },
            "CAMERA": {
                "K": [
                    [
                        893.4973382897896,
                        0.0,
                        509.21613248004038
                    ],
                    [
                        0.0,
                        892.4878984540875,
                        391.5888830017947
                    ],
                    [
                        0.0,
                        0.0,
                        1.0
                    ]
                ],
                "DISTO_PARAMS": [
                    -0.14860050201639969,
                    0.1509061867718748,
                    -0.0955180772011891,
                    -0.00012687457855837037,
                    0.0005058691641763969
                ]
            }
        }
    }
}