{
    "CalibParam": {
        "EXTRI": {
            "Q_LtoI": [
                -0.002509409111815528,
                0.0148673854480038,
                -0.7473546239967482,
                0.664254265854973
            ],
            "EULER_LtoI": [
                1.0826031929273339,
                1.3467057599430168,
                -96.75086652210338
            ],
            "POS_LinI": [
                0.013302295356631293,
                -0.02802993445102782,
                0.06158738535401187
            ],
            "Q_CtoI": [
                0.03085333836638988,
                0.6998807073446786,
                -0.7135905821851988,
                -0.0018836175171497985
            ],
            "EULER_CtoI": [
                88.94281924591859,
                -2.674961006998079,
                -177.67640737343539
            ],
            "POS_CinI": [
                0.48576618101345589,
                -0.2745841833929461,
                0.11489943279275908
            ],
            "GRAVITY_REFINE": [
                -0.010544634134946055,
                0.24134721940647858
            ]
        },
        "TEMPORAL": {
            "TIME_OFFSET_LtoI": 0.011680891441759932,
            "TIME_OFFSET_CtoI": 0.0,
            "TIME_READOUT": 0.0
        },
        "INTRI": {
            "IMU": {
                "ACCE": {
                    "BIAS": [
                        0.057920146609143217,
                        0.6243754355033662,
                        0.20180946297032488
                    ],
                    "MAP_COEFF": [
                        1.0,
                        1.0,
                        1.0,
                        0.0,
                        0.0,
                        0.0
                    ]
                },
                "GYRO": {
                    "BIAS": [
                        -0.00983741980344004,
                        0.018756791494278118,
                        0.0035286682198249158
                    ],
                    "MAP_COEFF": [
                        1.0,
                        1.0,
                        1.0,
                        0.0,
                        0.0,
                        0.0
                    ]
                },
                "Q_AtoG": [
                    0.0,
                    0.0,
                    0.0,
                    1.0
                ],
                "EULER_AtoG": [
                    -0.0,
                    0.0,
                    -0.0
                ]
            },
            "CAMERA": {
                "K": [
                    [
                        883.802171563083,
                        0.0,
                        516.5089478245517
                    ],
                    [
                        0.0,
                        896.7726812953479,
                        395.6741423853086
                    ],
                    [
                        0.0,
                        0.0,
                        1.0
                    ]
                ],
                "DISTO_PARAMS": [
                    -0.13121522833751168,
                    0.08956582242854834,
                    -0.028948185735885137,
                    -0.0004164463488007234,
                    0.00044101093956579705
                ]
            }
        }
    }
}