{
    "CalibParam": {
        "EXTRI": {
            "Q_LtoI": [
                -0.009073671842934334,
                -0.006905806158626061,
                -0.7157523201713907,
                0.6982611219951009
            ],
            "EULER_LtoI": [
                178.70744630378443,
                179.8083514804794,
                88.58474853264208
            ],
            "POS_LinI": [
                0.014896878413730193,
                0.005737062821622861,
                0.3907560739592376
            ],
            "Q_CtoI": [
                0.012697103983283918,
                0.7024706224402529,
                -0.7113605169400253,
                0.01843971522723234
            ],
            "EULER_CtoI": [
                89.26957314055778,
                0.4493341264177809,
                -177.47389249039959
            ],
            "POS_CinI": [
                0.051481966132762877,
                -0.16196263083475036,
                0.29809483522175458
            ],
            "GRAVITY_REFINE": [
                0.0007323736596505461,
                0.23168473633934234
            ]
        },
        "TEMPORAL": {
            "TIME_OFFSET_LtoI": 0.0052698854358557089,
            "TIME_OFFSET_CtoI": 0.0,
            "TIME_READOUT": 0.0
        },
        "INTRI": {
            "IMU": {
                "ACCE": {
                    "BIAS": [
                        0.019304962390544294,
                        -0.05146845017422338,
                        0.038549891819502638
                    ],
                    "MAP_COEFF": [
                        1.0,
                        1.0,
                        1.0,
                        0.0,
                        0.0,
                        0.0
                    ]
                },
                "GYRO": {
                    "BIAS": [
                        0.0015015454607067915,
                        -0.00010618747816480763,
                        0.002109713678284438
                    ],
                    "MAP_COEFF": [
                        1.0,
                        1.0,
                        1.0,
                        0.0,
                        0.0,
                        0.0
                    ]
                },
                "Q_AtoG": [
                    0.0,
                    0.0,
                    0.0,
                    1.0
                ],
                "EULER_AtoG": [
                    -0.0,
                    0.0,
                    -0.0
                ]
            },
            "CAMERA": {
                "K": [
                    [
                        891.7446783057902,
                        0.0,
                        509.1252481515397
                    ],
                    [
                        0.0,
                        892.0002669493365,
                        391.609992572374
                    ],
                    [
                        0.0,
                        0.0,
                        1.0
                    ]
                ],
                "DISTO_PARAMS": [
                    -0.13121522833751168,
                    0.08956582242854834,
                    -0.028948185735885137,
                    -0.0004164463488007234,
                    0.00044101093956579705
                ]
            }
        }
    }
}