{
    "CalibParam": {
        "EXTRI": {
            "Q_LtoI": [
                -0.0077651843334216878,
                -0.0035480300295590435,
                -0.7158608069593773,
                0.6981908180824542
            ],
            "EULER_LtoI": [
                179.08762616239432,
                179.64687366124049,
                88.57095006972939
            ],
            "POS_LinI": [
                0.023443012919847116,
                -0.029665283814746356,
                0.12332323491680722
            ],
            "Q_CtoI": [
                0.015428495773979104,
                0.7052362565223834,
                -0.7086902376051879,
                0.012725216208368003
            ],
            "EULER_CtoI": [
                89.72454346642658,
                -0.22457029345230129,
                -177.71912597986646
            ],
            "POS_CinI": [
                0.10954694055142392,
                -0.21546143349503395,
                0.2751690076101222
            ],
            "GRAVITY_REFINE": [
                -0.003820228579060143,
                0.24306366759823426
            ]
        },
        "TEMPORAL": {
            "TIME_OFFSET_LtoI": 0.0072444029384077178,
            "TIME_OFFSET_CtoI": 0.0,
            "TIME_READOUT": 0.0
        },
        "INTRI": {
            "IMU": {
                "ACCE": {
                    "BIAS": [
                        -0.013162200164310464,
                        0.1273743278711042,
                        0.0805983479645487
                    ],
                    "MAP_COEFF": [
                        1.0,
                        1.0,
                        1.0,
                        0.0,
                        0.0,
                        0.0
                    ]
                },
                "GYRO": {
                    "BIAS": [
                        0.00013703355844956442,
                        0.004474511743630623,
                        0.002912753442075625
                    ],
                    "MAP_COEFF": [
                        1.0,
                        1.0,
                        1.0,
                        0.0,
                        0.0,
                        0.0
                    ]
                },
                "Q_AtoG": [
                    0.0,
                    0.0,
                    0.0,
                    1.0
                ],
                "EULER_AtoG": [
                    -0.0,
                    0.0,
                    -0.0
                ]
            },
            "CAMERA": {
                "K": [
                    [
                        890.4292747210994,
                        0.0,
                        512.2125887318259
                    ],
                    [
                        0.0,
                        894.9318324343205,
                        392.98118252888318
                    ],
                    [
                        0.0,
                        0.0,
                        1.0
                    ]
                ],
                "DISTO_PARAMS": [
                    -0.13121522833751168,
                    0.08956582242854834,
                    -0.028948185735885137,
                    -0.0004164463488007234,
                    0.00044101093956579705
                ]
            }
        }
    }
}