{
    "CalibParam": {
        "EXTRI": {
            "Q_LtoI": [
                -0.008391727705481087,
                -0.006774994211178627,
                -0.7163894457754377,
                0.6976172592053015
            ],
            "EULER_LtoI": [
                178.7728845489478,
                179.85270473388625,
                88.48036270543499
            ],
            "POS_LinI": [
                0.014227538719191,
                0.004449815597850392,
                0.39149744602870409
            ],
            "Q_CtoI": [
                0.010383379863622512,
                0.707394200135759,
                -0.7064154437593045,
                0.021513992080560906
            ],
            "EULER_CtoI": [
                90.05894968037723,
                0.9034650670464566,
                -177.4155697006684
            ],
            "POS_CinI": [
                0.026371461969072468,
                -0.16384365332198398,
                0.2161765193573156
            ],
            "GRAVITY_REFINE": [
                0.0008922450750226523,
                0.2314608145722936
            ]
        },
        "TEMPORAL": {
            "TIME_OFFSET_LtoI": 0.005679199974387311,
            "TIME_OFFSET_CtoI": 0.012485354276638435,
            "TIME_READOUT": 0.0
        },
        "INTRI": {
            "IMU": {
                "ACCE": {
                    "BIAS": [
                        0.013019017679397116,
                        -0.0522660403935478,
                        0.03985457176514058
                    ],
                    "MAP_COEFF": [
                        1.0001617456999348,
                        1.0001863060276156,
                        1.0000500335491319,
                        -0.0001750860918753642,
                        0.0008044073692721573,
                        0.0012004160699239186
                    ]
                },
                "GYRO": {
                    "BIAS": [
                        0.0011675450046166906,
                        0.00038772867618420504,
                        0.000435487374957601
                    ],
                    "MAP_COEFF": [
                        1.0002836174252492,
                        1.0001210572688833,
                        1.0051252391932888,
                        -0.0007321904631766956,
                        0.00001093130980596782,
                        -0.00011866294285643176
                    ]
                },
                "Q_AtoG": [
                    0.00020686479878973658,
                    -0.000048594763063997757,
                    -0.00039500578608289314,
                    0.9999998994079615
                ],
                "EULER_AtoG": [
                    0.023702758595489549,
                    -0.0055779127049499269,
                    -0.0452631772839744
                ]
            },
            "CAMERA": {
                "K": [
                    [
                        893.6815442845432,
                        0.0,
                        509.14636870066468
                    ],
                    [
                        0.0,
                        892.4731222420433,
                        391.52620355526917
                    ],
                    [
                        0.0,
                        0.0,
                        1.0
                    ]
                ],
                "DISTO_PARAMS": [
                    -0.14932332269631169,
                    0.15183508187227158,
                    -0.09219178768441074,
                    -0.00028639667077714646,
                    0.0005508699387908084
                ]
            }
        }
    }
}