{
    "CalibParam": {
        "EXTRI": {
            "Q_LtoI": [
                -0.007468049119515729,
                -0.005552107340297837,
                -0.7159843613060086,
                0.6980542935271277
            ],
            "EULER_LtoI": [
                178.94703159429458,
                179.83139729838374,
                88.54860154267398
            ],
            "POS_LinI": [
                0.013625639572403389,
                0.002329203491893463,
                0.39077681853056198
            ],
            "Q_CtoI": [
                0.009346104638717835,
                0.7088641399903263,
                -0.7049415180705391,
                0.02194851849809211
            ],
            "EULER_CtoI": [
                90.29520442929528,
                1.027948362467011,
                -177.46657536988443
            ],
            "POS_CinI": [
                0.026038301692816694,
                -0.16710835557411694,
                0.2136397168901146
            ],
            "GRAVITY_REFINE": [
                0.0008851332917356918,
                0.23163132307733548
            ]
        },
        "TEMPORAL": {
            "TIME_OFFSET_LtoI": 0.005804392903597879,
            "TIME_OFFSET_CtoI": 0.012891834039422509,
            "TIME_READOUT": 0.0
        },
        "INTRI": {
            "IMU": {
                "ACCE": {
                    "BIAS": [
                        0.02756916366699809,
                        -0.03181401728736569,
                        0.08994026257535916
                    ],
                    "MAP_COEFF": [
                        1.0028083360279383,
                        1.0023242099554784,
                        0.9953815831665327,
                        0.003864896668372302,
                        -0.000918432923241195,
                        0.0024434190770401557
                    ]
                },
                "GYRO": {
                    "BIAS": [
                        0.0013535726660540674,
                        0.0006668998009360125,
                        0.00024872931910209647
                    ],
                    "MAP_COEFF": [
                        1.00126042779261,
                        1.0001188144357947,
                        1.0054823139115655,
                        -0.00045043725699664384,
                        -0.0005184184867254777,
                        -0.00038568308121493707
                    ]
                },
                "Q_AtoG": [
                    -0.0010451826900747925,
                    -0.0002855284098557065,
                    -0.0006572268237642522,
                    0.9999991970594646
                ],
                "EULER_AtoG": [
                    179.88020937163479,
                    -179.96735959434873,
                    179.9246531826746
                ]
            },
            "CAMERA": {
                "K": [
                    [
                        893.2461125713428,
                        0.0,
                        509.37354882358008
                    ],
                    [
                        0.0,
                        891.8445810467898,
                        392.0247470635815
                    ],
                    [
                        0.0,
                        0.0,
                        1.0
                    ]
                ],
                "DISTO_PARAMS": [
                    -0.14597370050213499,
                    0.13804078756197936,
                    -0.07962702675904146,
                    0.0001439833775459656,
                    0.0005230312893243894
                ]
            }
        }
    }
}