{
    "CalibParam": {
        "EXTRI": {
            "Q_LtoI": [
                -0.008202490673599305,
                -0.006259131162550419,
                -0.7162880791742249,
                0.6977284070874131
            ],
            "EULER_LtoI": [
                178.83034021608783,
                179.82717588002343,
                88.4977790760899
            ],
            "POS_LinI": [
                0.014396416346033066,
                0.003955843466441478,
                0.39164891003027277
            ],
            "Q_CtoI": [
                0.009789582750048869,
                0.7077800231783082,
                -0.7060337043834688,
                0.02163356498245417
            ],
            "EULER_CtoI": [
                90.12015450840977,
                0.9626177905538147,
                -177.4545390186106
            ],
            "POS_CinI": [
                0.02653231801811749,
                -0.16473039815687105,
                0.21339673780973274
            ],
            "GRAVITY_REFINE": [
                0.0008820322082889099,
                0.23151542649523258
            ]
        },
        "TEMPORAL": {
            "TIME_OFFSET_LtoI": 0.005735537712924179,
            "TIME_OFFSET_CtoI": 0.012717162478211033,
            "TIME_READOUT": 0.0
        },
        "INTRI": {
            "IMU": {
                "ACCE": {
                    "BIAS": [
                        0.013897862630683822,
                        -0.06284930197342807,
                        0.04441930066342045
                    ],
                    "MAP_COEFF": [
                        1.0009114290560289,
                        1.0009341849314529,
                        0.9998192211257945,
                        0.0008489580797756279,
                        0.00033247929028080644,
                        0.0035036981232550608
                    ]
                },
                "GYRO": {
                    "BIAS": [
                        0.0012783572184430737,
                        0.0005954188266876995,
                        0.0003673171785239023
                    ],
                    "MAP_COEFF": [
                        1.0014534391240889,
                        1.0003672313171229,
                        1.00521178401375,
                        0.00001319433613173205,
                        -0.00035872213934904154,
                        -0.00018026886950758993
                    ]
                },
                "Q_AtoG": [
                    -0.00012404584401231445,
                    -0.00022485033740903899,
                    -0.00012357679880284152,
                    0.9999999593918638
                ],
                "EULER_AtoG": [
                    179.98578220826409,
                    -179.97423580606239,
                    179.9858359448054
                ]
            },
            "CAMERA": {
                "K": [
                    [
                        893.5168524231599,
                        0.0,
                        509.1929049503421
                    ],
                    [
                        0.0,
                        892.4800175947994,
                        391.5675036523017
                    ],
                    [
                        0.0,
                        0.0,
                        1.0
                    ]
                ],
                "DISTO_PARAMS": [
                    -0.1485721596243132,
                    0.15061342748114965,
                    -0.09473536375656763,
                    -0.00016553842195028614,
                    0.0005385523794093308
                ]
            }
        }
    }
}