{
    "CalibParam": {
        "EXTRI": {
            "Q_LtoI": [
                -0.008943290240686405,
                -0.00493992321559656,
                -0.7146725363296831,
                0.699384572702596
            ],
            "EULER_LtoI": [
                178.87860468634904,
                179.6634864496677,
                88.76444417312566
            ],
            "POS_LinI": [
                0.022974450882498985,
                -0.023096592244639885,
                0.13651940459903395
            ],
            "Q_CtoI": [
                0.015054339203517092,
                0.7051912628206317,
                -0.7087297372071252,
                0.01344653527521008
            ],
            "EULER_CtoI": [
                89.7159657012966,
                -0.13602932398918667,
                -177.6907898860234
            ],
            "POS_CinI": [
                0.09415439594270583,
                -0.20655496089593157,
                0.28451146526606177
            ],
            "GRAVITY_REFINE": [
                -0.0037905101413520686,
                0.24357557635506367
            ]
        },
        "TEMPORAL": {
            "TIME_OFFSET_LtoI": 0.006789031761936782,
            "TIME_OFFSET_CtoI": 0.0,
            "TIME_READOUT": 0.0
        },
        "INTRI": {
            "IMU": {
                "ACCE": {
                    "BIAS": [
                        -0.019047734524925074,
                        0.0790149586428721,
                        0.07092294867512543
                    ],
                    "MAP_COEFF": [
                        1.0,
                        1.0,
                        1.0,
                        0.0,
                        0.0,
                        0.0
                    ]
                },
                "GYRO": {
                    "BIAS": [
                        -0.000003058492024720429,
                        0.003104956942185589,
                        0.0027838331229731608
                    ],
                    "MAP_COEFF": [
                        1.0,
                        1.0,
                        1.0,
                        0.0,
                        0.0,
                        0.0
                    ]
                },
                "Q_AtoG": [
                    0.0,
                    0.0,
                    0.0,
                    1.0
                ],
                "EULER_AtoG": [
                    -0.0,
                    0.0,
                    -0.0
                ]
            },
            "CAMERA": {
                "K": [
                    [
                        891.2444821890779,
                        0.0,
                        511.86449972090079
                    ],
                    [
                        0.0,
                        894.0586985937769,
                        393.525866688976
                    ],
                    [
                        0.0,
                        0.0,
                        1.0
                    ]
                ],
                "DISTO_PARAMS": [
                    -0.13121522833751168,
                    0.08956582242854834,
                    -0.028948185735885137,
                    -0.0004164463488007234,
                    0.00044101093956579705
                ]
            }
        }
    }
}