{
    "CalibParam": {
        "EXTRI": {
            "Q_LtoI": [
                -0.007477784925255621,
                -0.005536370254908947,
                -0.7160522875467434,
                0.6979846365329886
            ],
            "EULER_LtoI": [
                178.94756054606249,
                179.82923728278227,
                88.53747107967013
            ],
            "POS_LinI": [
                0.013640193777441188,
                0.002323736224711783,
                0.390764951777662
            ],
            "Q_CtoI": [
                0.009399061041485128,
                0.7088747250532401,
                -0.7049324401630811,
                0.02187548029085943
            ],
            "EULER_CtoI": [
                90.29703721825618,
                1.017772333355874,
                -177.46819500335153
            ],
            "POS_CinI": [
                0.02643423520678577,
                -0.16712587320264084,
                0.2137147491985198
            ],
            "GRAVITY_REFINE": [
                0.000876210016332176,
                0.23162101941730096
            ]
        },
        "TEMPORAL": {
            "TIME_OFFSET_LtoI": 0.005800237306003098,
            "TIME_OFFSET_CtoI": 0.012887139165960344,
            "TIME_READOUT": 0.0
        },
        "INTRI": {
            "IMU": {
                "ACCE": {
                    "BIAS": [
                        0.02892152708053244,
                        -0.03021898582099373,
                        0.090104112331586
                    ],
                    "MAP_COEFF": [
                        1.0027908692753447,
                        1.0023421861379168,
                        0.9953704416650574,
                        0.003647899533745028,
                        -0.00110059474929537,
                        0.0023108761728660059
                    ]
                },
                "GYRO": {
                    "BIAS": [
                        0.0013477072088965352,
                        0.0006714119677986968,
                        0.00025635535419316687
                    ],
                    "MAP_COEFF": [
                        1.0012192155138778,
                        1.000084864842994,
                        1.0054668097743185,
                        -0.00036210720877671106,
                        -0.00047647976860637134,
                        -0.0004237447769478254
                    ]
                },
                "Q_AtoG": [
                    -0.0010687837184318898,
                    -0.0002983473145874888,
                    -0.0005782090337242966,
                    0.9999992171819719
                ],
                "EULER_AtoG": [
                    179.8775066204296,
                    -179.96588275617467,
                    179.93370561103769
                ]
            },
            "CAMERA": {
                "K": [
                    [
                        893.2331494185388,
                        0.0,
                        509.3762172870493
                    ],
                    [
                        0.0,
                        891.8403236572846,
                        392.0283272066066
                    ],
                    [
                        0.0,
                        0.0,
                        1.0
                    ]
                ],
                "DISTO_PARAMS": [
                    -0.14573262957846734,
                    0.13705091187159733,
                    -0.07836141789748429,
                    0.00013946383486430463,
                    0.0005297522382171633
                ]
            }
        }
    }
}