{
    "CalibParam": {
        "EXTRI": {
            "Q_LtoI": [
                -0.008830407864403912,
                -0.007069438496356291,
                -0.7164414852869857,
                0.6975554781492813
            ],
            "EULER_LtoI": [
                178.71364957725894,
                179.84012795473744,
                88.47134707938486
            ],
            "POS_LinI": [
                0.015138978019392413,
                0.005000144532614368,
                0.3926901204698058
            ],
            "Q_CtoI": [
                0.01096603644671468,
                0.7059760316582004,
                -0.7078500027814165,
                0.02063885488920662
            ],
            "EULER_CtoI": [
                89.83066485412994,
                0.7801895643808435,
                -177.4376757505998
            ],
            "POS_CinI": [
                0.05026755734418847,
                -0.1790017879482302,
                0.3518532251225545
            ],
            "GRAVITY_REFINE": [
                0.0009017494191518234,
                0.2314175677681403
            ]
        },
        "TEMPORAL": {
            "TIME_OFFSET_LtoI": 0.005268458003434876,
            "TIME_OFFSET_CtoI": 0.0,
            "TIME_READOUT": 0.0
        },
        "INTRI": {
            "IMU": {
                "ACCE": {
                    "BIAS": [
                        0.01966856767064707,
                        -0.05052105634833717,
                        0.03872430436446484
                    ],
                    "MAP_COEFF": [
                        1.0,
                        1.0,
                        1.0,
                        0.0,
                        0.0,
                        0.0
                    ]
                },
                "GYRO": {
                    "BIAS": [
                        0.0014519358156934398,
                        -0.00010920396928344759,
                        0.0021037871196112739
                    ],
                    "MAP_COEFF": [
                        1.0,
                        1.0,
                        1.0,
                        0.0,
                        0.0,
                        0.0
                    ]
                },
                "Q_AtoG": [
                    0.0,
                    0.0,
                    0.0,
                    1.0
                ],
                "EULER_AtoG": [
                    -0.0,
                    0.0,
                    -0.0
                ]
            },
            "CAMERA": {
                "K": [
                    [
                        891.7339493945876,
                        0.0,
                        509.10771415138506
                    ],
                    [
                        0.0,
                        891.9802219706679,
                        391.60459563745197
                    ],
                    [
                        0.0,
                        0.0,
                        1.0
                    ]
                ],
                "DISTO_PARAMS": [
                    -0.13121522833751168,
                    0.08956582242854834,
                    -0.028948185735885137,
                    -0.0004164463488007234,
                    0.00044101093956579705
                ]
            }
        }
    }
}