{
    "CalibParam": {
        "EXTRI": {
            "Q_LtoI": [
                -0.007692185589502094,
                -0.0054760747684979029,
                -0.7161074772129725,
                0.6979261593934265
            ],
            "EULER_LtoI": [
                178.9353730156354,
                179.80673686856077,
                88.52848498281067
            ],
            "POS_LinI": [
                0.014198965669200313,
                0.00273430940077017,
                0.3916480993972876
            ],
            "Q_CtoI": [
                0.009405332267156026,
                0.7086067088320901,
                -0.7052082197808608,
                0.021666533562320134
            ],
            "EULER_CtoI": [
                90.2535076723113,
                0.9993272676382153,
                -177.4842006101749
            ],
            "POS_CinI": [
                0.02770909954596983,
                -0.1655006916486933,
                0.21345733656089906
            ],
            "GRAVITY_REFINE": [
                0.0008184273398498269,
                0.231542502270181
            ]
        },
        "TEMPORAL": {
            "TIME_OFFSET_LtoI": 0.00575226420547172,
            "TIME_OFFSET_CtoI": 0.01282662601109889,
            "TIME_READOUT": 0.0
        },
        "INTRI": {
            "IMU": {
                "ACCE": {
                    "BIAS": [
                        0.025824496958803426,
                        -0.03227620452011485,
                        0.08100976004158887
                    ],
                    "MAP_COEFF": [
                        1.0025449145180466,
                        1.0027679136871049,
                        0.9963255586272983,
                        0.002701229770304847,
                        -0.0011788002773167775,
                        0.0024250083133254146
                    ]
                },
                "GYRO": {
                    "BIAS": [
                        0.0013552720118618725,
                        0.0006434014209247595,
                        0.00035376623324947284
                    ],
                    "MAP_COEFF": [
                        1.001251537396438,
                        1.0000766610889136,
                        1.0052334341006247,
                        -0.00020233855683770262,
                        -0.00040633276980467055,
                        -0.0004099001595399221
                    ]
                },
                "Q_AtoG": [
                    -0.0010260996593947395,
                    -0.0004293816958386764,
                    -0.0004591422589458712,
                    0.9999992759693551
                ],
                "EULER_AtoG": [
                    179.88239500818134,
                    -179.95085049868383,
                    179.94733569632127
                ]
            },
            "CAMERA": {
                "K": [
                    [
                        893.3898168833744,
                        0.0,
                        509.2524593955148
                    ],
                    [
                        0.0,
                        892.2281661476952,
                        391.67834594581088
                    ],
                    [
                        0.0,
                        0.0,
                        1.0
                    ]
                ],
                "DISTO_PARAMS": [
                    -0.1466466751669573,
                    0.1432689225743393,
                    -0.08705556249484281,
                    -0.00004792450413183565,
                    0.0004758402246970139
                ]
            }
        }
    }
}