{
    "CalibParam": {
        "EXTRI": {
            "Q_LtoI": [
                -0.00741641524933257,
                -0.00556758060110765,
                -0.7158379467094451,
                0.6982048645504451
            ],
            "EULER_LtoI": [
                178.9498585687715,
                179.83709188184205,
                88.5726128558181
            ],
            "POS_LinI": [
                0.013592618212108287,
                0.0022997490709713785,
                0.39080456347992828
            ],
            "Q_CtoI": [
                0.009256313121011818,
                0.7088464094177719,
                -0.7049558763242951,
                0.022097532866443734
            ],
            "EULER_CtoI": [
                90.29213380267511,
                1.0472492047892737,
                -177.46179320755074
            ],
            "POS_CinI": [
                0.024771242041018557,
                -0.16715701808165957,
                0.2132514606510287
            ],
            "GRAVITY_REFINE": [
                0.0008765175719088358,
                0.2316476981826537
            ]
        },
        "TEMPORAL": {
            "TIME_OFFSET_LtoI": 0.0058161345990797,
            "TIME_OFFSET_CtoI": 0.01290612556523718,
            "TIME_READOUT": 0.0
        },
        "INTRI": {
            "IMU": {
                "ACCE": {
                    "BIAS": [
                        0.025632198977258329,
                        -0.03580184320039933,
                        0.0891937072866666
                    ],
                    "MAP_COEFF": [
                        1.0028335132280713,
                        1.0026061371699849,
                        0.9954618177572463,
                        0.004162591965240743,
                        -0.0006481754197292154,
                        0.002932835104956216
                    ]
                },
                "GYRO": {
                    "BIAS": [
                        0.0013672934503570433,
                        0.0006697024171300468,
                        0.0002318377372204977
                    ],
                    "MAP_COEFF": [
                        1.0014982811798088,
                        1.0002954951445474,
                        1.0055119996714053,
                        -0.0006377018581200473,
                        -0.000668280095738746,
                        -0.0002726247305000511
                    ]
                },
                "Q_AtoG": [
                    -0.0010067934904077437,
                    -0.00024328103386100656,
                    -0.0007391568228620778,
                    0.999999190413871
                ],
                "EULER_AtoG": [
                    179.88460935996046,
                    -179.9722073450771,
                    179.91527082768475
                ]
            },
            "CAMERA": {
                "K": [
                    [
                        893.2079633418057,
                        0.0,
                        509.3709628525189
                    ],
                    [
                        0.0,
                        891.8009132616855,
                        392.0156747096862
                    ],
                    [
                        0.0,
                        0.0,
                        1.0
                    ]
                ],
                "DISTO_PARAMS": [
                    -0.1455683065868106,
                    0.13644072050996118,
                    -0.07787897343161493,
                    0.00016914776467580754,
                    0.0005126659809586879
                ]
            }
        }
    }
}