{
    "CalibParam": {
        "EXTRI": {
            "Q_LtoI": [
                -0.010299718415131668,
                -0.006825735522298961,
                -0.7143162959476632,
                0.6997139090219366
            ],
            "EULER_LtoI": [
                178.61528389015917,
                179.70421557016247,
                88.82025400728682
            ],
            "POS_LinI": [
                0.014585648742398953,
                0.023285153737747978,
                0.18117861797563634
            ],
            "Q_CtoI": [
                0.013393476833675028,
                0.7024509209687472,
                -0.711413381098283,
                0.016562596498557484
            ],
            "EULER_CtoI": [
                89.26849923038574,
                0.24134343143012763,
                -177.57092820303334
            ],
            "POS_CinI": [
                0.07035833996441432,
                -0.16467593819778759,
                0.2566497887587468
            ],
            "GRAVITY_REFINE": [
                -0.00134844476183958,
                0.24255114047521476
            ]
        },
        "TEMPORAL": {
            "TIME_OFFSET_LtoI": 0.006017036913431392,
            "TIME_OFFSET_CtoI": 0.0,
            "TIME_READOUT": 0.0
        },
        "INTRI": {
            "IMU": {
                "ACCE": {
                    "BIAS": [
                        -0.010197002597912761,
                        -0.01287245027773238,
                        0.049825392743590168
                    ],
                    "MAP_COEFF": [
                        1.0,
                        1.0,
                        1.0,
                        0.0,
                        0.0,
                        0.0
                    ]
                },
                "GYRO": {
                    "BIAS": [
                        0.0005099265685035043,
                        0.0010980259470011938,
                        0.0023448116307414077
                    ],
                    "MAP_COEFF": [
                        1.0,
                        1.0,
                        1.0,
                        0.0,
                        0.0,
                        0.0
                    ]
                },
                "Q_AtoG": [
                    0.0,
                    0.0,
                    0.0,
                    1.0
                ],
                "EULER_AtoG": [
                    -0.0,
                    0.0,
                    -0.0
                ]
            },
            "CAMERA": {
                "K": [
                    [
                        891.7005368384224,
                        0.0,
                        510.8365566792779
                    ],
                    [
                        0.0,
                        893.6821714069141,
                        392.97711922438887
                    ],
                    [
                        0.0,
                        0.0,
                        1.0
                    ]
                ],
                "DISTO_PARAMS": [
                    -0.13121522833751168,
                    0.08956582242854834,
                    -0.028948185735885137,
                    -0.0004164463488007234,
                    0.00044101093956579705
                ]
            }
        }
    }
}