{
    "CalibParam": {
        "EXTRI": {
            "Q_LtoI": [
                -0.007558691372082046,
                -0.005469253343411642,
                -0.7160832015282741,
                0.6979525785765278
            ],
            "EULER_LtoI": [
                178.94660411766066,
                179.81718347430508,
                88.53247980478848
            ],
            "POS_LinI": [
                0.013624518890352733,
                0.0021470391160282114,
                0.3909732630138376
            ],
            "Q_CtoI": [
                0.009432823723358772,
                0.708711685033275,
                -0.7050998752129113,
                0.02174707586405747
            ],
            "EULER_CtoI": [
                90.27061965843778,
                1.0040251548724209,
                -177.4756028857821
            ],
            "POS_CinI": [
                0.027896570206125447,
                -0.1657988968923966,
                0.213412914888779
            ],
            "GRAVITY_REFINE": [
                0.0007805177827529178,
                0.2315783876283804
            ]
        },
        "TEMPORAL": {
            "TIME_OFFSET_LtoI": 0.005762269605659438,
            "TIME_OFFSET_CtoI": 0.012855568772644013,
            "TIME_READOUT": 0.0
        },
        "INTRI": {
            "IMU": {
                "ACCE": {
                    "BIAS": [
                        0.028949475223978953,
                        -0.02828503563902753,
                        0.08756412651682331
                    ],
                    "MAP_COEFF": [
                        1.0028595490273758,
                        1.0025284913398188,
                        0.9956399119321199,
                        0.0033526387844148104,
                        -0.0011872453305442834,
                        0.002153783051513009
                    ]
                },
                "GYRO": {
                    "BIAS": [
                        0.0013711613721945164,
                        0.0006666887637150925,
                        0.0003527006242452345
                    ],
                    "MAP_COEFF": [
                        1.0011309107752556,
                        0.999987811231556,
                        1.0052306655897175,
                        -0.00020000026551774116,
                        -0.0004256709650109623,
                        -0.0004995653383783972
                    ]
                },
                "Q_AtoG": [
                    -0.001114892211696851,
                    -0.0003280474392929483,
                    -0.0004972340362203184,
                    0.9999992010789545
                ],
                "EULER_AtoG": [
                    179.87222404030465,
                    -179.96247208509267,
                    179.94297929003234
                ]
            },
            "CAMERA": {
                "K": [
                    [
                        893.3002511800027,
                        0.0,
                        509.2801874317849
                    ],
                    [
                        0.0,
                        891.9001319553669,
                        391.78491721181816
                    ],
                    [
                        0.0,
                        0.0,
                        1.0
                    ]
                ],
                "DISTO_PARAMS": [
                    -0.14441936966938807,
                    0.13453128917679234,
                    -0.07701085107984539,
                    -0.00003456857422641916,
                    0.0004900199444952617
                ]
            }
        }
    }
}