{
    "CalibParam": {
        "EXTRI": {
            "Q_LtoI": [
                -0.007448677593335455,
                -0.005566521201173667,
                -0.7159111388008277,
                0.6981294811027032
            ],
            "EULER_LtoI": [
                178.9473812919184,
                179.8342501030662,
                88.56060183570311
            ],
            "POS_LinI": [
                0.013606578825474916,
                0.0023273155978906247,
                0.39078419026286168
            ],
            "Q_CtoI": [
                0.009297211145639497,
                0.7088541012263303,
                -0.7049498613564127,
                0.022025394731979184
            ],
            "EULER_CtoI": [
                90.29346972819259,
                1.0381100662902827,
                -177.4643158503488
            ],
            "POS_CinI": [
                0.025580671285681194,
                -0.16711295583345119,
                0.2135156086191235
            ],
            "GRAVITY_REFINE": [
                0.0008852131654080543,
                0.2316382983869844
            ]
        },
        "TEMPORAL": {
            "TIME_OFFSET_LtoI": 0.0058081639052836278,
            "TIME_OFFSET_CtoI": 0.012895967653228803,
            "TIME_READOUT": 0.0
        },
        "INTRI": {
            "IMU": {
                "ACCE": {
                    "BIAS": [
                        0.025830698883112275,
                        -0.03325939311520132,
                        0.08976450691224713
                    ],
                    "MAP_COEFF": [
                        1.0028158665031886,
                        1.0023739388218594,
                        0.9953964808369683,
                        0.0040350631622581979,
                        -0.0006951614785775895,
                        0.002590616304669081
                    ]
                },
                "GYRO": {
                    "BIAS": [
                        0.0013621569717034905,
                        0.0006663047563313713,
                        0.0002419855655235278
                    ],
                    "MAP_COEFF": [
                        1.0013336597072007,
                        1.000167606121579,
                        1.0054930817357198,
                        -0.0005278199140146269,
                        -0.0005697138130400704,
                        -0.0003497796045122905
                    ]
                },
                "Q_AtoG": [
                    -0.001027893066582292,
                    -0.0002691845049480812,
                    -0.0007181913938943388,
                    0.9999991775879958
                ],
                "EULER_AtoG": [
                    179.88218997433786,
                    -179.96923834603664,
                    179.91766964931029
                ]
            },
            "CAMERA": {
                "K": [
                    [
                        893.243474859138,
                        0.0,
                        509.37115626647496
                    ],
                    [
                        0.0,
                        891.8384685134516,
                        392.0179385823979
                    ],
                    [
                        0.0,
                        0.0,
                        1.0
                    ]
                ],
                "DISTO_PARAMS": [
                    -0.14599449013549338,
                    0.13809124437017412,
                    -0.07973533131826093,
                    0.00015373821748344304,
                    0.0005173264203703515
                ]
            }
        }
    }
}