{
    "CalibParam": {
        "EXTRI": {
            "Q_LtoI": [
                -0.007394428899383264,
                -0.005556922930333712,
                -0.7158298128918994,
                0.6982135217853824
            ],
            "EULER_LtoI": [
                178.95249024430695,
                179.83805510552194,
                88.57396134342607
            ],
            "POS_LinI": [
                0.013592841861634772,
                0.0022633298372363734,
                0.39082826192224176
            ],
            "Q_CtoI": [
                0.009252392354061138,
                0.7088480602532929,
                -0.7049537087853479,
                0.02211536073984404
            ],
            "EULER_CtoI": [
                90.29239388700346,
                1.0490208295180355,
                -177.46067253171575
            ],
            "POS_CinI": [
                0.02438950089959706,
                -0.16711398816218854,
                0.2129986816378723
            ],
            "GRAVITY_REFINE": [
                0.0008641783894929708,
                0.23165595715620078
            ]
        },
        "TEMPORAL": {
            "TIME_OFFSET_LtoI": 0.005817952735011529,
            "TIME_OFFSET_CtoI": 0.012912112664112429,
            "TIME_READOUT": 0.0
        },
        "INTRI": {
            "IMU": {
                "ACCE": {
                    "BIAS": [
                        0.027485036688895169,
                        -0.03765027946279278,
                        0.08889093387889861
                    ],
                    "MAP_COEFF": [
                        1.0028088286387099,
                        1.00279062967996,
                        0.9955014787304461,
                        0.004197168192205437,
                        -0.0008251452550784633,
                        0.003211785385010186
                    ]
                },
                "GYRO": {
                    "BIAS": [
                        0.0013618430401812685,
                        0.0006644205259272712,
                        0.00022973334193386905
                    ],
                    "MAP_COEFF": [
                        1.0015106336675575,
                        1.000335810711645,
                        1.0055162586026925,
                        -0.0007800128563983596,
                        -0.0007145295584671597,
                        -0.0002476367688575657
                    ]
                },
                "Q_AtoG": [
                    -0.0010185715718382099,
                    -0.00022247274630305823,
                    -0.000786465567002015,
                    0.9999991472445076
                ],
                "EULER_AtoG": [
                    179.88326025313314,
                    -179.97459831809639,
                    179.9098517484023
                ]
            },
            "CAMERA": {
                "K": [
                    [
                        893.1903459479962,
                        0.0,
                        509.3768436024572
                    ],
                    [
                        0.0,
                        891.7628826469853,
                        392.0236516216064
                    ],
                    [
                        0.0,
                        0.0,
                        1.0
                    ]
                ],
                "DISTO_PARAMS": [
                    -0.14523085343423049,
                    0.13513061278324638,
                    -0.0763894025694654,
                    0.0001661937212216373,
                    0.000513744000533109
                ]
            }
        }
    }
}