{
    "CalibParam": {
        "EXTRI": {
            "Q_LtoI": [
                -0.008659843106279267,
                -0.0070536886997847529,
                -0.7164125849405342,
                0.6975874574072581
            ],
            "EULER_LtoI": [
                178.7285726862276,
                179.85292663518733,
                88.47612042653722
            ],
            "POS_LinI": [
                0.014350075165471797,
                0.00450838940721117,
                0.391834008681097
            ],
            "Q_CtoI": [
                0.01111110721633035,
                0.7060206098348166,
                -0.7078026642310363,
                0.020659871547221214
            ],
            "EULER_CtoI": [
                89.83824585283762,
                0.7702874746170418,
                -177.42428157954888
            ],
            "POS_CinI": [
                0.04633789847893607,
                -0.17966854255955595,
                0.3510233759045461
            ],
            "GRAVITY_REFINE": [
                0.0007481481412458479,
                0.23142531840835466
            ]
        },
        "TEMPORAL": {
            "TIME_OFFSET_LtoI": 0.005268458003434876,
            "TIME_OFFSET_CtoI": 0.0,
            "TIME_READOUT": 0.0
        },
        "INTRI": {
            "IMU": {
                "ACCE": {
                    "BIAS": [
                        0.02263153707691082,
                        -0.04874212552323877,
                        0.03878759735931674
                    ],
                    "MAP_COEFF": [
                        1.0,
                        1.0,
                        1.0,
                        0.0,
                        0.0,
                        0.0
                    ]
                },
                "GYRO": {
                    "BIAS": [
                        0.0015230160406918424,
                        -0.00006524255066750028,
                        0.002111104630558666
                    ],
                    "MAP_COEFF": [
                        1.0,
                        1.0,
                        1.0,
                        0.0,
                        0.0,
                        0.0
                    ]
                },
                "Q_AtoG": [
                    0.0,
                    0.0,
                    0.0,
                    1.0
                ],
                "EULER_AtoG": [
                    -0.0,
                    0.0,
                    -0.0
                ]
            },
            "CAMERA": {
                "K": [
                    [
                        891.7339493945876,
                        0.0,
                        509.10771415138506
                    ],
                    [
                        0.0,
                        891.9802219706679,
                        391.60459563745197
                    ],
                    [
                        0.0,
                        0.0,
                        1.0
                    ]
                ],
                "DISTO_PARAMS": [
                    -0.13121522833751168,
                    0.08956582242854834,
                    -0.028948185735885137,
                    -0.0004164463488007234,
                    0.00044101093956579705
                ]
            }
        }
    }
}