{
    "CalibParam": {
        "EXTRI": {
            "Q_LtoI": [
                -0.008662358649320088,
                -0.0070542460130149828,
                -0.7164067257755777,
                0.6975934377696903
            ],
            "EULER_LtoI": [
                178.72832457658297,
                179.85277532216828,
                88.4770818686425
            ],
            "POS_LinI": [
                0.014526579344469154,
                0.0044640610269510859,
                0.3923719939329043
            ],
            "Q_CtoI": [
                0.011102946700851723,
                0.7060050117566407,
                -0.7078181260925135,
                0.020667566957587755
            ],
            "EULER_CtoI": [
                89.83570092620369,
                0.7715154465096189,
                -177.42430014163339
            ],
            "POS_CinI": [
                0.04642111411391878,
                -0.17962977212287499,
                0.3509827977197027
            ],
            "GRAVITY_REFINE": [
                0.0007579104214672772,
                0.23141393081981566
            ]
        },
        "TEMPORAL": {
            "TIME_OFFSET_LtoI": 0.005268458003434876,
            "TIME_OFFSET_CtoI": 0.0,
            "TIME_READOUT": 0.0
        },
        "INTRI": {
            "IMU": {
                "ACCE": {
                    "BIAS": [
                        0.022434628098689587,
                        -0.048784801011238079,
                        0.03880027309451438
                    ],
                    "MAP_COEFF": [
                        1.0,
                        1.0,
                        1.0,
                        0.0,
                        0.0,
                        0.0
                    ]
                },
                "GYRO": {
                    "BIAS": [
                        0.0015188868061629545,
                        -0.00006650870385552446,
                        0.0021112667546029737
                    ],
                    "MAP_COEFF": [
                        1.0,
                        1.0,
                        1.0,
                        0.0,
                        0.0,
                        0.0
                    ]
                },
                "Q_AtoG": [
                    0.0,
                    0.0,
                    0.0,
                    1.0
                ],
                "EULER_AtoG": [
                    -0.0,
                    0.0,
                    -0.0
                ]
            },
            "CAMERA": {
                "K": [
                    [
                        891.7339493945876,
                        0.0,
                        509.10771415138506
                    ],
                    [
                        0.0,
                        891.9802219706679,
                        391.60459563745197
                    ],
                    [
                        0.0,
                        0.0,
                        1.0
                    ]
                ],
                "DISTO_PARAMS": [
                    -0.13121522833751168,
                    0.08956582242854834,
                    -0.028948185735885137,
                    -0.0004164463488007234,
                    0.00044101093956579705
                ]
            }
        }
    }
}