{
    "CalibParam": {
        "EXTRI": {
            "Q_LtoI": [
                -0.008849314190504823,
                -0.007068615565284903,
                -0.7164074752242372,
                0.6975901760741631
            ],
            "EULER_LtoI": [
                178.71219777333787,
                179.83857258772049,
                88.47693449339558
            ],
            "POS_LinI": [
                0.015159072920630007,
                0.005043992078542289,
                0.39265590428987376
            ],
            "Q_CtoI": [
                0.010930968872140526,
                0.7060124636165232,
                -0.7078134642248355,
                0.02066434125931961
            ],
            "EULER_CtoI": [
                89.83647199094038,
                0.7852283496197879,
                -177.43848408027709
            ],
            "POS_CinI": [
                0.05039089488241863,
                -0.17903669474921936,
                0.35261017936687019
            ],
            "GRAVITY_REFINE": [
                0.0009103498928696085,
                0.23141700668158697
            ]
        },
        "TEMPORAL": {
            "TIME_OFFSET_LtoI": 0.005268458003434876,
            "TIME_OFFSET_CtoI": 0.0,
            "TIME_READOUT": 0.0
        },
        "INTRI": {
            "IMU": {
                "ACCE": {
                    "BIAS": [
                        0.01908394322208504,
                        -0.050891070266826519,
                        0.03870597671922242
                    ],
                    "MAP_COEFF": [
                        1.0,
                        1.0,
                        1.0,
                        0.0,
                        0.0,
                        0.0
                    ]
                },
                "GYRO": {
                    "BIAS": [
                        0.0014430317611043309,
                        -0.00011868898397798622,
                        0.0021039070262021785
                    ],
                    "MAP_COEFF": [
                        1.0,
                        1.0,
                        1.0,
                        0.0,
                        0.0,
                        0.0
                    ]
                },
                "Q_AtoG": [
                    0.0,
                    0.0,
                    0.0,
                    1.0
                ],
                "EULER_AtoG": [
                    -0.0,
                    0.0,
                    -0.0
                ]
            },
            "CAMERA": {
                "K": [
                    [
                        891.7339493945876,
                        0.0,
                        509.10771415138506
                    ],
                    [
                        0.0,
                        891.9802219706679,
                        391.60459563745197
                    ],
                    [
                        0.0,
                        0.0,
                        1.0
                    ]
                ],
                "DISTO_PARAMS": [
                    -0.13121522833751168,
                    0.08956582242854834,
                    -0.028948185735885137,
                    -0.0004164463488007234,
                    0.00044101093956579705
                ]
            }
        }
    }
}