{
    "CalibParam": {
        "EXTRI": {
            "Q_LtoI": [
                -0.007383422325095446,
                0.007473490811107516,
                -0.7373888747176942,
                0.675386762864389
            ],
            "EULER_LtoI": [
                0.06008251104406113,
                1.2023771862055149,
                -95.02645498481832
            ],
            "POS_LinI": [
                0.01868038519481048,
                -0.03087079211371459,
                0.08718307948455349
            ],
            "Q_CtoI": [
                0.02417974961774949,
                0.7024625629173571,
                -0.7113087398173326,
                0.0012506268346273824
            ],
            "EULER_CtoI": [
                89.31646049853122,
                -1.8705523068668189,
                -177.95015219171504
            ],
            "POS_CinI": [
                0.33071133053881299,
                -0.25244781672473456,
                0.19154344461124574
            ],
            "GRAVITY_REFINE": [
                -0.006367864169657961,
                0.24306818619111035
            ]
        },
        "TEMPORAL": {
            "TIME_OFFSET_LtoI": 0.009536491214711278,
            "TIME_OFFSET_CtoI": 0.0,
            "TIME_READOUT": 0.0
        },
        "INTRI": {
            "IMU": {
                "ACCE": {
                    "BIAS": [
                        -0.006051166850973608,
                        0.3910515482375667,
                        0.14355251631265915
                    ],
                    "MAP_COEFF": [
                        1.0,
                        1.0,
                        1.0,
                        0.0,
                        0.0,
                        0.0
                    ]
                },
                "GYRO": {
                    "BIAS": [
                        -0.004313923679090995,
                        0.012299089336133666,
                        0.0036211518576891317
                    ],
                    "MAP_COEFF": [
                        1.0,
                        1.0,
                        1.0,
                        0.0,
                        0.0,
                        0.0
                    ]
                },
                "Q_AtoG": [
                    0.0,
                    0.0,
                    0.0,
                    1.0
                ],
                "EULER_AtoG": [
                    -0.0,
                    0.0,
                    -0.0
                ]
            },
            "CAMERA": {
                "K": [
                    [
                        886.3339007909694,
                        0.0,
                        514.5908093011184
                    ],
                    [
                        0.0,
                        895.8240501586646,
                        394.050511611172
                    ],
                    [
                        0.0,
                        0.0,
                        1.0
                    ]
                ],
                "DISTO_PARAMS": [
                    -0.13121522833751168,
                    0.08956582242854834,
                    -0.028948185735885137,
                    -0.0004164463488007234,
                    0.00044101093956579705
                ]
            }
        }
    }
}