{
    "CalibParam": {
        "EXTRI": {
            "Q_LtoI": [
                -0.008710482484034861,
                -0.007119883083929108,
                -0.7159620491922152,
                0.6980485505151134
            ],
            "EULER_LtoI": [
                178.71899552497212,
                179.85488672987558,
                88.5499882201334
            ],
            "POS_LinI": [
                0.015067419799619649,
                0.005047618071003262,
                0.39264703046915747
            ],
            "Q_CtoI": [
                0.010622929283271653,
                0.7061355582418667,
                -0.7076812513586125,
                0.021141741541279164
            ],
            "EULER_CtoI": [
                89.85562993333164,
                0.8493020996443451,
                -177.42479812477573
            ],
            "POS_CinI": [
                0.045857300229708557,
                -0.17893354526562253,
                0.35547001332549746
            ],
            "GRAVITY_REFINE": [
                0.0008869562001441399,
                0.2314355693514364
            ]
        },
        "TEMPORAL": {
            "TIME_OFFSET_LtoI": 0.005268458003434876,
            "TIME_OFFSET_CtoI": 0.0,
            "TIME_READOUT": 0.0
        },
        "INTRI": {
            "IMU": {
                "ACCE": {
                    "BIAS": [
                        0.019142634732567784,
                        -0.051066320788624847,
                        0.03865658318422899
                    ],
                    "MAP_COEFF": [
                        1.0,
                        1.0,
                        1.0,
                        0.0,
                        0.0,
                        0.0
                    ]
                },
                "GYRO": {
                    "BIAS": [
                        0.001453277777683979,
                        -0.00010857739081748321,
                        0.0021088711656798975
                    ],
                    "MAP_COEFF": [
                        1.0,
                        1.0,
                        1.0,
                        0.0,
                        0.0,
                        0.0
                    ]
                },
                "Q_AtoG": [
                    0.0,
                    0.0,
                    0.0,
                    1.0
                ],
                "EULER_AtoG": [
                    -0.0,
                    0.0,
                    -0.0
                ]
            },
            "CAMERA": {
                "K": [
                    [
                        891.7339493945876,
                        0.0,
                        509.10771415138506
                    ],
                    [
                        0.0,
                        891.9802219706679,
                        391.60459563745197
                    ],
                    [
                        0.0,
                        0.0,
                        1.0
                    ]
                ],
                "DISTO_PARAMS": [
                    -0.13121522833751168,
                    0.08956582242854834,
                    -0.028948185735885137,
                    -0.0004164463488007234,
                    0.00044101093956579705
                ]
            }
        }
    }
}