{
    "CalibParam": {
        "EXTRI": {
            "Q_LtoI": [
                -0.008681724295516757,
                -0.0070601215670732168,
                -0.7164065768405,
                0.6975932905399761
            ],
            "EULER_LtoI": [
                178.7262938657564,
                179.85165522288839,
                88.4770967475165
            ],
            "POS_LinI": [
                0.014788911115374238,
                0.004603050903451222,
                0.39267232836303148
            ],
            "Q_CtoI": [
                0.011074133283508994,
                0.7059359660438291,
                -0.7078871486140403,
                0.020677529950852724
            ],
            "EULER_CtoI": [
                89.82445515805024,
                0.7744076021892711,
                -177.42574702465263
            ],
            "POS_CinI": [
                0.046913275017463829,
                -0.1794264183397406,
                0.35022440097963905
            ],
            "GRAVITY_REFINE": [
                0.0007918361244637693,
                0.2314075998616955
            ]
        },
        "TEMPORAL": {
            "TIME_OFFSET_LtoI": 0.005268458003434876,
            "TIME_OFFSET_CtoI": 0.0,
            "TIME_READOUT": 0.0
        },
        "INTRI": {
            "IMU": {
                "ACCE": {
                    "BIAS": [
                        0.021963165551469593,
                        -0.048968132354911899,
                        0.03881147185270072
                    ],
                    "MAP_COEFF": [
                        1.0,
                        1.0,
                        1.0,
                        0.0,
                        0.0,
                        0.0
                    ]
                },
                "GYRO": {
                    "BIAS": [
                        0.0015074538272132727,
                        -0.00007014205301686414,
                        0.0021113520763869069
                    ],
                    "MAP_COEFF": [
                        1.0,
                        1.0,
                        1.0,
                        0.0,
                        0.0,
                        0.0
                    ]
                },
                "Q_AtoG": [
                    0.0,
                    0.0,
                    0.0,
                    1.0
                ],
                "EULER_AtoG": [
                    -0.0,
                    0.0,
                    -0.0
                ]
            },
            "CAMERA": {
                "K": [
                    [
                        891.7339493945876,
                        0.0,
                        509.10771415138506
                    ],
                    [
                        0.0,
                        891.9802219706679,
                        391.60459563745197
                    ],
                    [
                        0.0,
                        0.0,
                        1.0
                    ]
                ],
                "DISTO_PARAMS": [
                    -0.13121522833751168,
                    0.08956582242854834,
                    -0.028948185735885137,
                    -0.0004164463488007234,
                    0.00044101093956579705
                ]
            }
        }
    }
}