{
    "CalibParam": {
        "EXTRI": {
            "Q_LtoI": [
                -0.008837842571264842,
                -0.007071962817990061,
                -0.7163266858215251,
                0.6976732466280591
            ],
            "EULER_LtoI": [
                178.71282158804579,
                179.83993105769569,
                88.4901978105802
            ],
            "POS_LinI": [
                0.015156788487557317,
                0.005060294999493496,
                0.39263540926958798
            ],
            "Q_CtoI": [
                0.010891061310450689,
                0.706030899826105,
                -0.7077941360197302,
                0.020717487549320583
            ],
            "EULER_CtoI": [
                89.83935531676365,
                0.7928335395618236,
                -177.43741908852699
            ],
            "POS_CinI": [
                0.04983724536163732,
                -0.1790152352511961,
                0.3529674163354641
            ],
            "GRAVITY_REFINE": [
                0.000912371448474568,
                0.2314171526059297
            ]
        },
        "TEMPORAL": {
            "TIME_OFFSET_LtoI": 0.005268458003434876,
            "TIME_OFFSET_CtoI": 0.0,
            "TIME_READOUT": 0.0
        },
        "INTRI": {
            "IMU": {
                "ACCE": {
                    "BIAS": [
                        0.018751085838972446,
                        -0.05105419150398606,
                        0.038704130520601339
                    ],
                    "MAP_COEFF": [
                        1.0,
                        1.0,
                        1.0,
                        0.0,
                        0.0,
                        0.0
                    ]
                },
                "GYRO": {
                    "BIAS": [
                        0.0014411870468129629,
                        -0.0001222671216491933,
                        0.002106348887030335
                    ],
                    "MAP_COEFF": [
                        1.0,
                        1.0,
                        1.0,
                        0.0,
                        0.0,
                        0.0
                    ]
                },
                "Q_AtoG": [
                    0.0,
                    0.0,
                    0.0,
                    1.0
                ],
                "EULER_AtoG": [
                    -0.0,
                    0.0,
                    -0.0
                ]
            },
            "CAMERA": {
                "K": [
                    [
                        891.7339493945876,
                        0.0,
                        509.10771415138506
                    ],
                    [
                        0.0,
                        891.9802219706679,
                        391.60459563745197
                    ],
                    [
                        0.0,
                        0.0,
                        1.0
                    ]
                ],
                "DISTO_PARAMS": [
                    -0.13121522833751168,
                    0.08956582242854834,
                    -0.028948185735885137,
                    -0.0004164463488007234,
                    0.00044101093956579705
                ]
            }
        }
    }
}