{
    "CalibParam": {
        "EXTRI": {
            "Q_LtoI": [
                -0.009047896236871484,
                -0.006884906802778845,
                -0.7157872843921448,
                0.6982258210167559
            ],
            "EULER_LtoI": [
                178.71123290809426,
                179.80872921596893,
                88.57904419903733
            ],
            "POS_LinI": [
                0.014966872477283922,
                0.0050284262153233228,
                0.3930681494353067
            ],
            "Q_CtoI": [
                0.012712778053788976,
                0.7025047968554995,
                -0.7113267245916252,
                0.018430587373144466
            ],
            "EULER_CtoI": [
                89.27512160851102,
                0.447443019578938,
                -177.47339657664646
            ],
            "POS_CinI": [
                0.05156193779169235,
                -0.1623667389441224,
                0.29896880114159887
            ],
            "GRAVITY_REFINE": [
                0.0007368195225811041,
                0.2315473644420367
            ]
        },
        "TEMPORAL": {
            "TIME_OFFSET_LtoI": 0.005268458003434876,
            "TIME_OFFSET_CtoI": 0.0,
            "TIME_READOUT": 0.0
        },
        "INTRI": {
            "IMU": {
                "ACCE": {
                    "BIAS": [
                        0.019518168332159564,
                        -0.0510779812767354,
                        0.038614009155283107
                    ],
                    "MAP_COEFF": [
                        1.0,
                        1.0,
                        1.0,
                        0.0,
                        0.0,
                        0.0
                    ]
                },
                "GYRO": {
                    "BIAS": [
                        0.0015052223267683922,
                        -0.00010385980904146143,
                        0.002110558298215978
                    ],
                    "MAP_COEFF": [
                        1.0,
                        1.0,
                        1.0,
                        0.0,
                        0.0,
                        0.0
                    ]
                },
                "Q_AtoG": [
                    0.0,
                    0.0,
                    0.0,
                    1.0
                ],
                "EULER_AtoG": [
                    -0.0,
                    0.0,
                    -0.0
                ]
            },
            "CAMERA": {
                "K": [
                    [
                        891.7339493945876,
                        0.0,
                        509.10771415138506
                    ],
                    [
                        0.0,
                        891.9802219706679,
                        391.60459563745197
                    ],
                    [
                        0.0,
                        0.0,
                        1.0
                    ]
                ],
                "DISTO_PARAMS": [
                    -0.13121522833751168,
                    0.08956582242854834,
                    -0.028948185735885137,
                    -0.0004164463488007234,
                    0.00044101093956579705
                ]
            }
        }
    }
}