{
    "CalibParam": {
        "EXTRI": {
            "Q_LtoI": [
                0.028482261313389075,
                0.024303417126656906,
                -0.7310541395017864,
                0.6812913839347641
            ],
            "EULER_LtoI": [
                4.263667203134207,
                -0.4886663122851052,
                -94.01767294845698
            ],
            "POS_LinI": [
                0.002456759392666545,
                -0.0159577629498881,
                0.015387330668916892
            ],
            "Q_CtoI": [
                0.02732140170976722,
                0.6953628466583409,
                -0.7180326849908177,
                0.012373996149161272
            ],
            "EULER_CtoI": [
                88.19742170694124,
                -1.2621266691393225,
                -176.80238317158368
            ],
            "POS_CinI": [
                0.5602349529648535,
                -0.31534218231860869,
                0.21961866196328368
            ],
            "GRAVITY_REFINE": [
                -0.01211729890456919,
                0.23337903350512993
            ]
        },
        "TEMPORAL": {
            "TIME_OFFSET_LtoI": 0.01736131793921155,
            "TIME_OFFSET_CtoI": 0.0,
            "TIME_READOUT": 0.0
        },
        "INTRI": {
            "IMU": {
                "ACCE": {
                    "BIAS": [
                        0.31545352467631646,
                        1.180196715183314,
                        0.3523931032395981
                    ],
                    "MAP_COEFF": [
                        1.0,
                        1.0,
                        1.0,
                        0.0,
                        0.0,
                        0.0
                    ]
                },
                "GYRO": {
                    "BIAS": [
                        -0.018468997894463478,
                        0.02990093275840042,
                        0.002811344899490987
                    ],
                    "MAP_COEFF": [
                        1.0,
                        1.0,
                        1.0,
                        0.0,
                        0.0,
                        0.0
                    ]
                },
                "Q_AtoG": [
                    0.0,
                    0.0,
                    0.0,
                    1.0
                ],
                "EULER_AtoG": [
                    -0.0,
                    0.0,
                    -0.0
                ]
            },
            "CAMERA": {
                "K": [
                    [
                        882.9899330906596,
                        0.0,
                        516.2001719695165
                    ],
                    [
                        0.0,
                        896.6077470728599,
                        389.4268335269014
                    ],
                    [
                        0.0,
                        0.0,
                        1.0
                    ]
                ],
                "DISTO_PARAMS": [
                    -0.13121522833751168,
                    0.08956582242854834,
                    -0.028948185735885137,
                    -0.0004164463488007234,
                    0.00044101093956579705
                ]
            }
        }
    }
}