{
    "CalibParam": {
        "EXTRI": {
            "Q_LtoI": [
                0.012685580881794303,
                0.019543205540078588,
                -0.7417758221802792,
                0.6702430669418974
            ],
            "EULER_LtoI": [
                2.636504796086499,
                0.42271385657284568,
                -95.80996742784981
            ],
            "POS_LinI": [
                0.007190351106803052,
                -0.02197023941136642,
                0.03278950173491805
            ],
            "Q_CtoI": [
                0.030121283871852618,
                0.6972011156891929,
                -0.716212247062501,
                0.006582529706677543
            ],
            "EULER_CtoI": [
                88.50890146145396,
                -1.946584354342283,
                -177.050264456712
            ],
            "POS_CinI": [
                0.5490208414157756,
                -0.28692086009321107,
                0.08353215642447853
            ],
            "GRAVITY_REFINE": [
                -0.013904403800555299,
                0.2354923506362599
            ]
        },
        "TEMPORAL": {
            "TIME_OFFSET_LtoI": 0.014323111448607099,
            "TIME_OFFSET_CtoI": 0.0,
            "TIME_READOUT": 0.0
        },
        "INTRI": {
            "IMU": {
                "ACCE": {
                    "BIAS": [
                        0.2017330640209634,
                        0.9099403373246877,
                        0.2760583335828144
                    ],
                    "MAP_COEFF": [
                        1.0,
                        1.0,
                        1.0,
                        0.0,
                        0.0,
                        0.0
                    ]
                },
                "GYRO": {
                    "BIAS": [
                        -0.014617079915630768,
                        0.025028260048813989,
                        0.003069457345208316
                    ],
                    "MAP_COEFF": [
                        1.0,
                        1.0,
                        1.0,
                        0.0,
                        0.0,
                        0.0
                    ]
                },
                "Q_AtoG": [
                    0.0,
                    0.0,
                    0.0,
                    1.0
                ],
                "EULER_AtoG": [
                    -0.0,
                    0.0,
                    -0.0
                ]
            },
            "CAMERA": {
                "K": [
                    [
                        882.2132656143085,
                        0.0,
                        516.80910208852
                    ],
                    [
                        0.0,
                        897.3446625119819,
                        393.3134679724496
                    ],
                    [
                        0.0,
                        0.0,
                        1.0
                    ]
                ],
                "DISTO_PARAMS": [
                    -0.13121522833751168,
                    0.08956582242854834,
                    -0.028948185735885137,
                    -0.0004164463488007234,
                    0.00044101093956579705
                ]
            }
        }
    }
}