{
    "CalibParam": {
        "EXTRI": {
            "Q_LtoI": [
                -0.008532470077354372,
                -0.0069280602096488679,
                -0.7164395722804926,
                0.697562569384751
            ],
            "EULER_LtoI": [
                178.7490759991785,
                179.85329471451164,
                88.47188909196375
            ],
            "POS_LinI": [
                0.014218919033692509,
                0.004615585462692986,
                0.3914603230391406
            ],
            "Q_CtoI": [
                0.01053517520875059,
                0.7073861271095955,
                -0.7064284965995342,
                0.021275724390254
            ],
            "EULER_CtoI": [
                90.05800411896949,
                0.8718237970034477,
                -177.42256047265537
            ],
            "POS_CinI": [
                0.025669497205430534,
                -0.1639219762852102,
                0.21942510722581549
            ],
            "GRAVITY_REFINE": [
                0.0008836893362395065,
                0.2314467322743275
            ]
        },
        "TEMPORAL": {
            "TIME_OFFSET_LtoI": 0.005649827357474274,
            "TIME_OFFSET_CtoI": 0.012409105828974686,
            "TIME_READOUT": 0.0
        },
        "INTRI": {
            "IMU": {
                "ACCE": {
                    "BIAS": [
                        0.01797016639420684,
                        -0.05210894200868283,
                        0.03743831304268536
                    ],
                    "MAP_COEFF": [
                        1.000057279400463,
                        0.9998663016770543,
                        1.000226360718914,
                        0.0000029079434653014907,
                        0.0003691794754066512,
                        0.0007177736046922688
                    ]
                },
                "GYRO": {
                    "BIAS": [
                        0.0011716064372715894,
                        0.000358072100051001,
                        0.0004730135335942213
                    ],
                    "MAP_COEFF": [
                        1.0001992028904965,
                        1.0000456188863678,
                        1.0050276628856534,
                        -0.0007761052595534853,
                        0.0001744241944974248,
                        -0.0002401173443158555
                    ]
                },
                "Q_AtoG": [
                    0.0003303570335938465,
                    -0.00008838678185765382,
                    -0.0003778099905267317,
                    0.9999998701558007
                ],
                "EULER_AtoG": [
                    0.037852299343118098,
                    -0.010142680291414405,
                    -0.04329048902457908
                ]
            },
            "CAMERA": {
                "K": [
                    [
                        893.5119648915049,
                        0.0,
                        509.2606623493411
                    ],
                    [
                        0.0,
                        892.2119977705863,
                        391.4696658923255
                    ],
                    [
                        0.0,
                        0.0,
                        1.0
                    ]
                ],
                "DISTO_PARAMS": [
                    -0.1473977988721994,
                    0.1465491334026635,
                    -0.08644414188475996,
                    -0.00011219595694457701,
                    0.000583379685065157
                ]
            }
        }
    }
}