{
    "CalibParam": {
        "EXTRI": {
            "Q_LtoI": [
                -0.008788765121961372,
                -0.0070702874062791389,
                -0.7164432965671943,
                0.6975541351375928
            ],
            "EULER_LtoI": [
                178.71690948556998,
                179.84361170445093,
                88.47104844710754
            ],
            "POS_LinI": [
                0.015094325041938006,
                0.004918359613876801,
                0.39273545052006855
            ],
            "Q_CtoI": [
                0.011000301484285996,
                0.7059126976495629,
                -0.7079127075927628,
                0.020636256759770528
            ],
            "EULER_CtoI": [
                89.82050340961642,
                0.7769709091067786,
                -177.43504512601207
            ],
            "POS_CinI": [
                0.04946367542452971,
                -0.1790022792913926,
                0.35059871250277399
            ],
            "GRAVITY_REFINE": [
                0.000881007916241961,
                0.231417572823019
            ]
        },
        "TEMPORAL": {
            "TIME_OFFSET_LtoI": 0.005268458003434876,
            "TIME_OFFSET_CtoI": 0.0,
            "TIME_READOUT": 0.0
        },
        "INTRI": {
            "IMU": {
                "ACCE": {
                    "BIAS": [
                        0.020403438787796204,
                        -0.049991863634507808,
                        0.038758888980966448
                    ],
                    "MAP_COEFF": [
                        1.0,
                        1.0,
                        1.0,
                        0.0,
                        0.0,
                        0.0
                    ]
                },
                "GYRO": {
                    "BIAS": [
                        0.0014664941632363263,
                        -0.00009616363178016862,
                        0.0021068227843418277
                    ],
                    "MAP_COEFF": [
                        1.0,
                        1.0,
                        1.0,
                        0.0,
                        0.0,
                        0.0
                    ]
                },
                "Q_AtoG": [
                    0.0,
                    0.0,
                    0.0,
                    1.0
                ],
                "EULER_AtoG": [
                    -0.0,
                    0.0,
                    -0.0
                ]
            },
            "CAMERA": {
                "K": [
                    [
                        891.7339493945876,
                        0.0,
                        509.10771415138506
                    ],
                    [
                        0.0,
                        891.9802219706679,
                        391.60459563745197
                    ],
                    [
                        0.0,
                        0.0,
                        1.0
                    ]
                ],
                "DISTO_PARAMS": [
                    -0.13121522833751168,
                    0.08956582242854834,
                    -0.028948185735885137,
                    -0.0004164463488007234,
                    0.00044101093956579705
                ]
            }
        }
    }
}