{
    "CalibParam": {
        "EXTRI": {
            "Q_LtoI": [
                -0.00720288033821683,
                0.00031304226804669273,
                -0.7228143303549143,
                0.6910046775188637
            ],
            "EULER_LtoI": [
                179.45554072398563,
                179.37859689199383,
                87.42518068051828
            ],
            "POS_LinI": [
                0.021985174633207949,
                -0.0313645281477332,
                0.10794562134924216
            ],
            "Q_CtoI": [
                0.01773219265061457,
                0.704682994259668,
                -0.7092437188379408,
                0.008988561284115696
            ],
            "EULER_CtoI": [
                89.64388276251124,
                -0.7153403459441361,
                -177.8368998400772
            ],
            "POS_CinI": [
                0.1782714727938219,
                -0.23002996855235048,
                0.2524429552660845
            ],
            "GRAVITY_REFINE": [
                -0.004281096317960836,
                0.2429377706408812
            ]
        },
        "TEMPORAL": {
            "TIME_OFFSET_LtoI": 0.008092136578023855,
            "TIME_OFFSET_CtoI": 0.0,
            "TIME_READOUT": 0.0
        },
        "INTRI": {
            "IMU": {
                "ACCE": {
                    "BIAS": [
                        -0.010793475519945032,
                        0.22461426925612816,
                        0.10241572517444471
                    ],
                    "MAP_COEFF": [
                        1.0,
                        1.0,
                        1.0,
                        0.0,
                        0.0,
                        0.0
                    ]
                },
                "GYRO": {
                    "BIAS": [
                        -0.0007025590992253803,
                        0.007327827503588514,
                        0.003176670852367082
                    ],
                    "MAP_COEFF": [
                        1.0,
                        1.0,
                        1.0,
                        0.0,
                        0.0,
                        0.0
                    ]
                },
                "Q_AtoG": [
                    0.0,
                    0.0,
                    0.0,
                    1.0
                ],
                "EULER_AtoG": [
                    -0.0,
                    0.0,
                    -0.0
                ]
            },
            "CAMERA": {
                "K": [
                    [
                        888.7611934249516,
                        0.0,
                        512.8726215334458
                    ],
                    [
                        0.0,
                        895.9165955624112,
                        392.68523526036037
                    ],
                    [
                        0.0,
                        0.0,
                        1.0
                    ]
                ],
                "DISTO_PARAMS": [
                    -0.13121522833751168,
                    0.08956582242854834,
                    -0.028948185735885137,
                    -0.0004164463488007234,
                    0.00044101093956579705
                ]
            }
        }
    }
}