{
    "CalibParam": {
        "EXTRI": {
            "Q_LtoI": [
                -0.007180034756795581,
                -0.005527568656514205,
                -0.715780606948242,
                0.6982664361133544
            ],
            "EULER_LtoI": [
                178.9720433160202,
                179.85336688016305,
                88.58207443826979
            ],
            "POS_LinI": [
                0.013556560140858045,
                0.0019706873775001238,
                0.3909894322860864
            ],
            "Q_CtoI": [
                0.009262005313443187,
                0.7089274547112719,
                -0.704868351338794,
                0.02228646439213237
            ],
            "EULER_CtoI": [
                90.30531676993334,
                1.062438318512428,
                -177.44617560340854
            ],
            "POS_CinI": [
                0.023532839217899054,
                -0.16712291988093076,
                0.2123378286924029
            ],
            "GRAVITY_REFINE": [
                0.0007949891236060657,
                0.23170500722097082
            ]
        },
        "TEMPORAL": {
            "TIME_OFFSET_LtoI": 0.005820834182194128,
            "TIME_OFFSET_CtoI": 0.012927161736488072,
            "TIME_READOUT": 0.0
        },
        "INTRI": {
            "IMU": {
                "ACCE": {
                    "BIAS": [
                        0.028983584209357394,
                        -0.04178247372681164,
                        0.08862027609831297
                    ],
                    "MAP_COEFF": [
                        1.0028021036511812,
                        1.003420319364578,
                        0.9955614930579615,
                        0.004139655087343646,
                        -0.0007713666975554638,
                        0.004097345106574777
                    ]
                },
                "GYRO": {
                    "BIAS": [
                        0.0013617555841776684,
                        0.0006519124629610081,
                        0.00022597057985476474
                    ],
                    "MAP_COEFF": [
                        1.0014832154867553,
                        1.0003738216540564,
                        1.0055120776437304,
                        -0.001162391302517894,
                        -0.0008251616656349412,
                        -0.0002562557885599195
                    ]
                },
                "Q_AtoG": [
                    -0.001177737222115663,
                    -0.00005857855707903545,
                    -0.0010071951255181972,
                    0.9999987975300607
                ],
                "EULER_AtoG": [
                    179.8650345312668,
                    -179.99342332966558,
                    179.8845760945876
                ]
            },
            "CAMERA": {
                "K": [
                    [
                        893.1144764054353,
                        0.0,
                        509.3956810652925
                    ],
                    [
                        0.0,
                        891.6341149882264,
                        392.06718219872865
                    ],
                    [
                        0.0,
                        0.0,
                        1.0
                    ]
                ],
                "DISTO_PARAMS": [
                    -0.14368979480666622,
                    0.12919322213843816,
                    -0.06942018209249344,
                    0.00014761731660563722,
                    0.0005181434148557745
                ]
            }
        }
    }
}