{
    "CalibParam": {
        "EXTRI": {
            "Q_LtoI": [
                -0.010373151504977526,
                -0.007578262985000537,
                -0.7144349844600617,
                0.6995838910649218
            ],
            "EULER_LtoI": [
                178.54783441758119,
                179.7582899751627,
                88.79958046176364
            ],
            "POS_LinI": [
                0.01173083506316564,
                0.04005890265260369,
                0.23395608873224106
            ],
            "Q_CtoI": [
                0.012520468537771609,
                0.7012007627634722,
                -0.7126216301566927,
                0.01819726353981328
            ],
            "EULER_CtoI": [
                89.06478036357476,
                0.4397584064543342,
                -177.50710310067576
            ],
            "POS_CinI": [
                0.057532166295356079,
                -0.14539256750848748,
                0.24858651156992998
            ],
            "GRAVITY_REFINE": [
                0.00028510999594390176,
                0.2397803617276396
            ]
        },
        "TEMPORAL": {
            "TIME_OFFSET_LtoI": 0.005605062083766151,
            "TIME_OFFSET_CtoI": 0.0,
            "TIME_READOUT": 0.0
        },
        "INTRI": {
            "IMU": {
                "ACCE": {
                    "BIAS": [
                        0.0026221089790991749,
                        -0.05493473107892246,
                        0.03937639959226734
                    ],
                    "MAP_COEFF": [
                        1.0,
                        1.0,
                        1.0,
                        0.0,
                        0.0,
                        0.0
                    ]
                },
                "GYRO": {
                    "BIAS": [
                        0.0010484094888599558,
                        0.00016395235985889928,
                        0.002130405742583828
                    ],
                    "MAP_COEFF": [
                        1.0,
                        1.0,
                        1.0,
                        0.0,
                        0.0,
                        0.0
                    ]
                },
                "Q_AtoG": [
                    0.0,
                    0.0,
                    0.0,
                    1.0
                ],
                "EULER_AtoG": [
                    -0.0,
                    0.0,
                    -0.0
                ]
            },
            "CAMERA": {
                "K": [
                    [
                        891.8327805406888,
                        0.0,
                        510.19556555963706
                    ],
                    [
                        0.0,
                        893.2441716849445,
                        392.3199664510614
                    ],
                    [
                        0.0,
                        0.0,
                        1.0
                    ]
                ],
                "DISTO_PARAMS": [
                    -0.13121522833751168,
                    0.08956582242854834,
                    -0.028948185735885137,
                    -0.0004164463488007234,
                    0.00044101093956579705
                ]
            }
        }
    }
}