{
    "CalibParam": {
        "EXTRI": {
            "Q_LtoI": [
                -0.007533657538185595,
                -0.005465318284093748,
                -0.7160870029484231,
                0.697948979874959
            ],
            "EULER_LtoI": [
                178.94893044116973,
                179.81891742711188,
                88.53186080165804
            ],
            "POS_LinI": [
                0.013543371168333814,
                0.0022614536381190925,
                0.390436618929056
            ],
            "Q_CtoI": [
                0.009451325922007413,
                0.7087205449325371,
                -0.7050905574252416,
                0.02175241270769074
            ],
            "EULER_CtoI": [
                90.27209893056218,
                1.0029956410621539,
                -177.47368133344134
            ],
            "POS_CinI": [
                0.02795959589007174,
                -0.16567970827529578,
                0.21309929190605318
            ],
            "GRAVITY_REFINE": [
                0.0007783433427713672,
                0.231584674721116
            ]
        },
        "TEMPORAL": {
            "TIME_OFFSET_LtoI": 0.005763611775436074,
            "TIME_OFFSET_CtoI": 0.012858360832444949,
            "TIME_READOUT": 0.0
        },
        "INTRI": {
            "IMU": {
                "ACCE": {
                    "BIAS": [
                        0.029591298733138244,
                        -0.028311310568007517,
                        0.09033776252120533
                    ],
                    "MAP_COEFF": [
                        1.0026411167924708,
                        1.0024041087960472,
                        0.9953550962096525,
                        0.0033569702845664599,
                        -0.0011919840078411135,
                        0.002171748245220879
                    ]
                },
                "GYRO": {
                    "BIAS": [
                        0.0013695127625448002,
                        0.0006691118994733413,
                        0.0003537167642054384
                    ],
                    "MAP_COEFF": [
                        1.0011271759402039,
                        0.9999795743918003,
                        1.005228004257405,
                        -0.00018523334363736746,
                        -0.00041370847245849815,
                        -0.000513543933063339
                    ]
                },
                "Q_AtoG": [
                    -0.001138847342597543,
                    -0.00031595319105994114,
                    -0.000489065894395309,
                    0.9999991820070966
                ],
                "EULER_AtoG": [
                    179.86947996850857,
                    -179.96385828269664,
                    179.9439159698076
                ]
            },
            "CAMERA": {
                "K": [
                    [
                        893.2980583707401,
                        0.0,
                        509.2832472533761
                    ],
                    [
                        0.0,
                        891.8770216966666,
                        391.79125937271035
                    ],
                    [
                        0.0,
                        0.0,
                        1.0
                    ]
                ],
                "DISTO_PARAMS": [
                    -0.14425987388491749,
                    0.1339379247907532,
                    -0.07635134043737055,
                    -0.00003530987406287374,
                    0.0004971319967077758
                ]
            }
        }
    }
}