{
    "CalibParam": {
        "EXTRI": {
            "Q_LtoI": [
                -0.008247135354017619,
                -0.0064621906595533269,
                -0.7162981202808526,
                0.6977157212880109
            ],
            "EULER_LtoI": [
                178.81010439505489,
                179.83972796456008,
                88.49583497373227
            ],
            "POS_LinI": [
                0.01431747287855525,
                0.0041340907293859348,
                0.3916109309963253
            ],
            "Q_CtoI": [
                0.009954071895136533,
                0.7076073751087472,
                -0.7062032796203606,
                0.021671340472208045
            ],
            "EULER_CtoI": [
                90.09252037633839,
                0.951749828884245,
                -177.4379068487876
            ],
            "POS_CinI": [
                0.026181182457487564,
                -0.16452477727015397,
                0.21355799029062123
            ],
            "GRAVITY_REFINE": [
                0.0008847351974708503,
                0.23150369436799132
            ]
        },
        "TEMPORAL": {
            "TIME_OFFSET_LtoI": 0.0057255385763013409,
            "TIME_OFFSET_CtoI": 0.012668037104083246,
            "TIME_READOUT": 0.0
        },
        "INTRI": {
            "IMU": {
                "ACCE": {
                    "BIAS": [
                        0.010338684078156177,
                        -0.06361952670199075,
                        0.041103493346974249
                    ],
                    "MAP_COEFF": [
                        1.0005253209994026,
                        1.0006328236258957,
                        1.0000766482059736,
                        0.00025044920752974716,
                        0.0008610418274447566,
                        0.0031564136032263695
                    ]
                },
                "GYRO": {
                    "BIAS": [
                        0.0012487003307717563,
                        0.0005495369295094589,
                        0.0003788399399554164
                    ],
                    "MAP_COEFF": [
                        1.001234538726343,
                        1.0003413269801212,
                        1.005199140830727,
                        -0.00013289211170665729,
                        -0.0003137149345428491,
                        -0.00013432276790181365
                    ]
                },
                "Q_AtoG": [
                    0.000027193262982904886,
                    -0.00011797283873138786,
                    -0.0001609856398101479,
                    0.9999999797132797
                ],
                "EULER_AtoG": [
                    0.003113942110017678,
                    -0.013519193014482208,
                    -0.018447228287325619
                ]
            },
            "CAMERA": {
                "K": [
                    [
                        893.5503583254905,
                        0.0,
                        509.1762429022078
                    ],
                    [
                        0.0,
                        892.4473223026623,
                        391.55428535144406
                    ],
                    [
                        0.0,
                        0.0,
                        1.0
                    ]
                ],
                "DISTO_PARAMS": [
                    -0.14865750759725228,
                    0.15058605950271607,
                    -0.09395023133238498,
                    -0.00018266375782777957,
                    0.0005582005139320105
                ]
            }
        }
    }
}