{
    "CalibParam": {
        "EXTRI": {
            "Q_LtoI": [
                -0.008730551388755106,
                -0.007067475674848333,
                -0.7164250052665416,
                0.6975736807598676
            ],
            "EULER_LtoI": [
                178.7217903418226,
                179.84820034927794,
                88.47405774446011
            ],
            "POS_LinI": [
                0.014991790191896896,
                0.004783971863953217,
                0.3927593874892082
            ],
            "Q_CtoI": [
                0.0110359108885738,
                0.7058742979426215,
                -0.7079497165038616,
                0.02066114897513478
            ],
            "EULER_CtoI": [
                89.81438051831329,
                0.7759580068510724,
                -177.43010148408889
            ],
            "POS_CinI": [
                0.04810543541634009,
                -0.17915698036085143,
                0.34966027477859049
            ],
            "GRAVITY_REFINE": [
                0.0008417223182316336,
                0.23141298804445233
            ]
        },
        "TEMPORAL": {
            "TIME_OFFSET_LtoI": 0.005268458003434876,
            "TIME_OFFSET_CtoI": 0.0,
            "TIME_READOUT": 0.0
        },
        "INTRI": {
            "IMU": {
                "ACCE": {
                    "BIAS": [
                        0.02123546186595488,
                        -0.04938293953317899,
                        0.03879916901849692
                    ],
                    "MAP_COEFF": [
                        1.0,
                        1.0,
                        1.0,
                        0.0,
                        0.0,
                        0.0
                    ]
                },
                "GYRO": {
                    "BIAS": [
                        0.0014873912491093645,
                        -0.00008074063885813184,
                        0.0021101053364376289
                    ],
                    "MAP_COEFF": [
                        1.0,
                        1.0,
                        1.0,
                        0.0,
                        0.0,
                        0.0
                    ]
                },
                "Q_AtoG": [
                    0.0,
                    0.0,
                    0.0,
                    1.0
                ],
                "EULER_AtoG": [
                    -0.0,
                    0.0,
                    -0.0
                ]
            },
            "CAMERA": {
                "K": [
                    [
                        891.7339493945876,
                        0.0,
                        509.10771415138506
                    ],
                    [
                        0.0,
                        891.9802219706679,
                        391.60459563745197
                    ],
                    [
                        0.0,
                        0.0,
                        1.0
                    ]
                ],
                "DISTO_PARAMS": [
                    -0.13121522833751168,
                    0.08956582242854834,
                    -0.028948185735885137,
                    -0.0004164463488007234,
                    0.00044101093956579705
                ]
            }
        }
    }
}