{
    "CalibParam": {
        "EXTRI": {
            "Q_LtoI": [
                0.040979996100126089,
                0.03426572273689489,
                -0.7215558593752276,
                0.6902924322098778
            ],
            "EULER_LtoI": [
                6.086688287050972,
                -0.677938016687435,
                -92.50101298826874
            ],
            "POS_LinI": [
                0.0006279232525863759,
                -0.028298912065045605,
                0.04340179422248756
            ],
            "Q_CtoI": [
                0.02333353068130241,
                0.7234500700027632,
                -0.6896874259175833,
                0.02016921144021308
            ],
            "EULER_CtoI": [
                92.7426004657906,
                -0.17205092271812087,
                -176.46935039681959
            ],
            "POS_CinI": [
                0.42723980912812778,
                -0.35863071750391037,
                0.3578481741061321
            ],
            "GRAVITY_REFINE": [
                0.001689639328319402,
                0.24712805862393984
            ]
        },
        "TEMPORAL": {
            "TIME_OFFSET_LtoI": 0.014858869477167799,
            "TIME_OFFSET_CtoI": 0.0,
            "TIME_READOUT": 0.0
        },
        "INTRI": {
            "IMU": {
                "ACCE": {
                    "BIAS": [
                        0.25634463473440607,
                        1.633058157120371,
                        0.1305799424439061
                    ],
                    "MAP_COEFF": [
                        1.0,
                        1.0,
                        1.0,
                        0.0,
                        0.0,
                        0.0
                    ]
                },
                "GYRO": {
                    "BIAS": [
                        -0.024184068561266784,
                        0.04764590630246887,
                        -0.0034038897495142275
                    ],
                    "MAP_COEFF": [
                        1.0,
                        1.0,
                        1.0,
                        0.0,
                        0.0,
                        0.0
                    ]
                },
                "Q_AtoG": [
                    0.0,
                    0.0,
                    0.0,
                    1.0
                ],
                "EULER_AtoG": [
                    -0.0,
                    0.0,
                    -0.0
                ]
            },
            "CAMERA": {
                "K": [
                    [
                        874.2074242365875,
                        0.0,
                        513.7331743720889
                    ],
                    [
                        0.0,
                        940.0464983743111,
                        379.2124222236398
                    ],
                    [
                        0.0,
                        0.0,
                        1.0
                    ]
                ],
                "DISTO_PARAMS": [
                    -0.13121522833751168,
                    0.08956582242854834,
                    -0.028948185735885137,
                    -0.0004164463488007234,
                    0.00044101093956579705
                ]
            }
        }
    }
}