{
    "CalibParam": {
        "EXTRI": {
            "Q_LtoI": [
                -0.009860332306897094,
                -0.007447376863419964,
                -0.7149733393728628,
                0.6990425125918087
            ],
            "EULER_LtoI": [
                178.59983248890496,
                179.78871082817714,
                88.71160545985346
            ],
            "POS_LinI": [
                0.012711291071079509,
                0.02869138694206002,
                0.31058030835043406
            ],
            "Q_CtoI": [
                0.012410429865189256,
                0.7015140583578559,
                -0.7123062309288728,
                0.018542937651717659
            ],
            "EULER_CtoI": [
                89.11482801105808,
                0.47763517358863397,
                -177.4879094726762
            ],
            "POS_CinI": [
                0.05250685508047676,
                -0.14865433955857156,
                0.26838079893414937
            ],
            "GRAVITY_REFINE": [
                0.0007642716924299639,
                0.23583682624914199
            ]
        },
        "TEMPORAL": {
            "TIME_OFFSET_LtoI": 0.005374032616645549,
            "TIME_OFFSET_CtoI": 0.0,
            "TIME_READOUT": 0.0
        },
        "INTRI": {
            "IMU": {
                "ACCE": {
                    "BIAS": [
                        0.012053030946698544,
                        -0.061958453839793158,
                        0.03698558366761579
                    ],
                    "MAP_COEFF": [
                        1.0,
                        1.0,
                        1.0,
                        0.0,
                        0.0,
                        0.0
                    ]
                },
                "GYRO": {
                    "BIAS": [
                        0.0013491295461976268,
                        -0.00014077397277271054,
                        0.002080887751354949
                    ],
                    "MAP_COEFF": [
                        1.0,
                        1.0,
                        1.0,
                        0.0,
                        0.0,
                        0.0
                    ]
                },
                "Q_AtoG": [
                    0.0,
                    0.0,
                    0.0,
                    1.0
                ],
                "EULER_AtoG": [
                    -0.0,
                    0.0,
                    -0.0
                ]
            },
            "CAMERA": {
                "K": [
                    [
                        891.8681577296677,
                        0.0,
                        509.64011478639937
                    ],
                    [
                        0.0,
                        892.5831670564096,
                        391.8922641596553
                    ],
                    [
                        0.0,
                        0.0,
                        1.0
                    ]
                ],
                "DISTO_PARAMS": [
                    -0.13121522833751168,
                    0.08956582242854834,
                    -0.028948185735885137,
                    -0.0004164463488007234,
                    0.00044101093956579705
                ]
            }
        }
    }
}